merged_obs_id,dam,date.time,obs_id,observation_source,source_obs_id,sensor,obs_domain,has_lake,has_outlet,paired,Tm_l,Tm_o,T_diff,Npixel_l,Npixel_o,Tmax_l,Tmax_o,Tmedian_l,Tmedian_o,Tmin_l,Tmin_o,Tsd_l,Tsd_o,resX_l,resX_o,resY_l,resY_o,s2_date_delta_hours_l,s2_date_delta_hours_o,s2_datetime_l,s2_datetime_o,s2_mask_path_l,s2_mask_path_o,s2_valid_fraction_l,s2_valid_fraction_o,s2_water_fraction_l,s2_water_fraction_o,xmax_l,xmax_o,xmin_l,xmin_o,ymax_l,ymax_o,ymin_l,ymin_o,Country,Dam_hgt,Install_capacityMW,Res_area_kmsq,Res_capaci_kmcube,River,operative_date,elevation,latitude,longitude,Pih,Pl,Pe,model,contacts,contacted,datetime_utc,year,month,doy,H_UTC,H_LOC,main_row_id,additional_row_id,n_any_time_matches,duplicate_any_time,duplicate_same_domain,duplicate_main_covers_additional,exact_time_match,min_time_diff_sec,best_main_row_id_any_time,best_main_row_id_same_domain,best_main_row_id_main_covers,dropped_by_duplicate_rule,ID_l,Latitude_l,Longitude_l,ECO2LSTE_001_SDS_LST_err_l,QC_bitmask_l,ID_o,Latitude_o,Longitude_o,ECO2LSTE_001_SDS_LST_err_o,QC_bitmask_o,Latitude_ref,Longitude_ref,LSTerr_l,LSTerr_o,filled_from_additional,filled_domain,filled_columns,fill_source_obs_id,original_obs_domain_before_fill,merge_action,n_main_rows_same_time,n_additional_rows_same_time,.row_id_source,.is_additional,dam_original,dam_key
1,Ambuclao,2019-12-17T09:00:01Z,1,main_s2mask,1,ECOSTRESS,paired,TRUE,TRUE,TRUE,25.36483765,23.65,-1.714837646,27,,27.33001708984375,,25.230010986328125,,24.01000977,,0.935447931,,70,,70,,,,,,/scratch/mr3882/SEA_dam/LST_processed/sentinel2_water_masks/Ambuclao/ECOSTRESS/Ambuclao_ECOv002_L2T_LSTE_08210_012_51QTU_20191217T090001_0712_01_LST_LST_s2_footprint_water_mask.tif,,,,,,259900,,258850,,1821620,,1820570,,Philippines,129,,7.5,258,,01/01/1956,618.0013428,16.45865654,120.7455543,,,,,,,2019-12-17T09:00:01Z,2019,12,351,9.000277777777777,17.049981397777778,1,,,FALSE,FALSE,FALSE,FALSE,,,,,FALSE,,,,,,33,16.4575,120.744,1.36,0b1001111011000000,16.45865654,120.7455543,,1.36,TRUE,outlet,Tm_o;ID_o;Latitude_o;Longitude_o;ECO2LSTE_001_SDS_LST_err_o;QC_bitmask_o;LSTerr_o;Latitude_ref;Longitude_ref,8899,lake_only,kept_main_filled_outlet_from_additional,1,1,,,Ambuclao,ambuclao
2,Ambuclao,2020-01-05T15:06:45Z,2,main_s2mask,2,ECOSTRESS,paired,TRUE,TRUE,TRUE,18.02999878,17.51,-0.519998779,26,,18.610015869140625,,18.050018310546875,,17.57000732421875,,0.224357128,,70,,70,,,,,,/scratch/mr3882/SEA_dam/LST_processed/sentinel2_water_masks/Ambuclao/ECOSTRESS/Ambuclao_ECOv002_L2T_LSTE_08509_003_50QRD_20200105T150645_0712_01_LST_LST_s2_footprint_water_mask.tif,,,,,,900640,,899590,,1824000,,1822880,,Philippines,129,,7.5,258,,01/01/1956,618.0013428,16.45865654,120.7455543,,,,,,,2020-01-05T15:06:45Z,2020,1,5,15.1125,23.16220362,2,,,FALSE,FALSE,FALSE,FALSE,,,,,FALSE,,,,,,33,16.4575,120.744,1.24,0b1001111011000000,16.45865654,120.7455543,,1.24,TRUE,outlet,Tm_o;ID_o;Latitude_o;Longitude_o;ECO2LSTE_001_SDS_LST_err_o;QC_bitmask_o;LSTerr_o;Latitude_ref;Longitude_ref,8900,lake_only,kept_main_filled_outlet_from_additional,1,1,,,Ambuclao,ambuclao
3,Ambuclao,2020-01-09T23:24:50Z,3,main_s2mask,3,ECOSTRESS,paired,TRUE,TRUE,TRUE,17.02133179,16.39,-0.631331787,23,,19.69000244140625,,16.80999755859375,,15.990020751953123,,0.852968514,,70,,70,,,,,,/scratch/mr3882/SEA_dam/LST_processed/sentinel2_water_masks/Ambuclao/ECOSTRESS/Ambuclao_ECOv002_L2T_LSTE_08576_008_50QRD_20200109T232450_0712_01_LST_LST_s2_footprint_water_mask.tif,,,,,,900640,,899590,,1824000,,1822880,,Philippines,129,,7.5,258,,01/01/1956,618.0013428,16.45865654,120.7455543,,,,,,,2020-01-09T23:24:50Z,2020,1,9,23.413888888888888,7.463592508888887,3,,,FALSE,FALSE,FALSE,FALSE,,,,,FALSE,,,,,,33,16.4575,120.744,1.28,0b1001111011000000,16.45865654,120.7455543,,1.28,TRUE,outlet,Tm_o;ID_o;Latitude_o;Longitude_o;ECO2LSTE_001_SDS_LST_err_o;QC_bitmask_o;LSTerr_o;Latitude_ref;Longitude_ref,8901,lake_only,kept_main_filled_outlet_from_additional,1,1,,,Ambuclao,ambuclao
4,Ambuclao,2020-02-02T04:05:44Z,8902,additional_ecostress,4,ECOSTRESS,paired,TRUE,TRUE,TRUE,28.55,30.05,1.5,,,,,,,,,,,,,,,,,,,,,,,,,,,,,,,,,Philippines,129,,7.5,258,,01/01/1956,618.0013428,16.45865654,120.7455543,,,,,,,2020-02-02T04:05:44Z,2020,2,33,4.095555555555555,12.145259175555555,,4,1,TRUE,FALSE,FALSE,FALSE,1,4,,,FALSE,33,16.4622,120.7447,1.2,0b1001101011000000,33,16.4575,120.744,1.2,0b1001101011000000,16.45865654,120.7455543,1.2,1.2,FALSE,none,,,paired,kept_unique_additional,0,1,additional_ecostress__4,TRUE,Ambuclao,ambuclao
5,Ambuclao,2020-02-02T04:05:45Z,4,main_s2mask,4,ECOSTRESS,lake_only,TRUE,FALSE,FALSE,25.22262573,,,27,,30.290008544921875,,24.709991455078125,,22.39001465,,1.936039448,,70,,70,,,,,,/scratch/mr3882/SEA_dam/LST_processed/sentinel2_water_masks/Ambuclao/ECOSTRESS/Ambuclao_ECOv002_L2T_LSTE_08936_003_51QTU_20200202T040545_0712_01_LST_LST_s2_footprint_water_mask.tif,,,,,,259900,,258850,,1821620,,1820570,,Philippines,129,,7.5,258,,01/01/1956,618.0013428,16.45865654,120.7455543,,,,,,,2020-02-02T04:05:45Z,2020,2,33,4.095833333333333,12.145536953333332,4,,,FALSE,FALSE,FALSE,FALSE,,,,,FALSE,,,,,,,,,,,16.45865654,120.7455543,,,FALSE,none,,,lake_only,kept_unique_main,1,0,,,Ambuclao,ambuclao
6,Ambuclao,2020-02-13T23:25:06Z,8903,additional_ecostress,5,ECOSTRESS,paired,TRUE,TRUE,TRUE,19.31,18.11,-1.2,,,,,,,,,,,,,,,,,,,,,,,,,,,,,,,,,Philippines,129,,7.5,258,,01/01/1956,618.0013428,16.45865654,120.7455543,,,,,,,2020-02-13T23:25:06Z,2020,2,44,23.418333333333333,7.468036953333332,,5,1,TRUE,FALSE,FALSE,FALSE,1,5,,,FALSE,33,16.4622,120.7447,1.16,0b1001111011000000,33,16.4575,120.744,1.16,0b1001101011000000,16.45865654,120.7455543,1.16,1.16,FALSE,none,,,paired,kept_unique_additional,0,1,additional_ecostress__5,TRUE,Ambuclao,ambuclao
7,Ambuclao,2020-02-13T23:25:07Z,5,main_s2mask,5,ECOSTRESS,lake_only,TRUE,FALSE,FALSE,17.25942993,,,17,,17.910003662109375,,17.42999267578125,,16.490020751953125,,0.517059982,,70,,70,,,,,,/scratch/mr3882/SEA_dam/LST_processed/sentinel2_water_masks/Ambuclao/ECOSTRESS/Ambuclao_ECOv002_L2T_LSTE_09119_003_50QRD_20200213T232507_0712_01_LST_LST_s2_footprint_water_mask.tif,,,,,,900640,,899590,,1824000,,1822880,,Philippines,129,,7.5,258,,01/01/1956,618.0013428,16.45865654,120.7455543,,,,,,,2020-02-13T23:25:07Z,2020,2,44,23.41861111111111,7.468314731111111,5,,,FALSE,FALSE,FALSE,FALSE,,,,,FALSE,,,,,,,,,,,16.45865654,120.7455543,,,FALSE,none,,,lake_only,kept_unique_main,1,0,,,Ambuclao,ambuclao
8,Ambuclao,2020-02-21T06:58:15Z,6,main_s2mask,6,ECOSTRESS,lake_only,TRUE,FALSE,FALSE,33.45541382,,,26,,36.149993896484375,,33.440032958984375,,30.41000366210937,,1.40169847,,70,,70,,,,,,/scratch/mr3882/SEA_dam/LST_processed/sentinel2_water_masks/Ambuclao/ECOSTRESS/Ambuclao_ECOv002_L2T_LSTE_09232_010_51QTU_20200221T065815_0712_01_LST_LST_s2_footprint_water_mask.tif,,,,,,259900,,258850,,1821620,,1820570,,Philippines,129,,7.5,258,,01/01/1956,618.0013428,16.45865654,120.7455543,,,,,,,2020-02-21T06:58:15Z,2020,2,52,6.970833333333333,15.020536953333332,6,,,FALSE,FALSE,FALSE,FALSE,,,,,FALSE,,,,,,,,,,,16.45865654,120.7455543,,,FALSE,none,,,lake_only,kept_unique_main,1,0,,,Ambuclao,ambuclao
9,Ambuclao,2020-02-21T20:17:37Z,8904,additional_ecostress,7,ECOSTRESS,paired,TRUE,TRUE,TRUE,13.51,12.79,-0.72,,,,,,,,,,,,,,,,,,,,,,,,,,,,,,,,,Philippines,129,,7.5,258,,01/01/1956,618.0013428,16.45865654,120.7455543,,,,,,,2020-02-21T20:17:37Z,2020,2,52,20.29361111111111,4.343314731111111,,7,1,TRUE,FALSE,FALSE,FALSE,1,7,,,FALSE,33,16.4622,120.7447,0.84,0b1110111011000000,33,16.4575,120.744,0.84,0b1110111011000000,16.45865654,120.7455543,0.84,0.84,FALSE,none,,,paired,kept_unique_additional,0,1,additional_ecostress__7,TRUE,Ambuclao,ambuclao
10,Ambuclao,2020-02-21T20:17:38Z,7,main_s2mask,7,ECOSTRESS,lake_only,TRUE,FALSE,FALSE,14.84231567,,,26,,15.75,,14.83001708984375,,14.33001708984375,,0.325700432,,70,,70,,,,,,/scratch/mr3882/SEA_dam/LST_processed/sentinel2_water_masks/Ambuclao/ECOSTRESS/Ambuclao_ECOv002_L2T_LSTE_09241_006_51QTU_20200221T201738_0712_01_LST_LST_s2_footprint_water_mask.tif,,,,,,259900,,258850,,1821620,,1820570,,Philippines,129,,7.5,258,,01/01/1956,618.0013428,16.45865654,120.7455543,,,,,,,2020-02-21T20:17:38Z,2020,2,52,20.29388888888889,4.343592508888889,7,,,FALSE,FALSE,FALSE,FALSE,,,,,FALSE,,,,,,,,,,,16.45865654,120.7455543,,,FALSE,none,,,lake_only,kept_unique_main,1,0,,,Ambuclao,ambuclao
11,Ambuclao,2021-02-12T22:59:26Z,8,main_s2mask,8,ECOSTRESS,paired,TRUE,TRUE,TRUE,15.0581665,14.58999634,-0.468170166,27,1,15.790008544921877,14.589996337890623,15.110015869140623,14.589996337890623,14.42999267578125,14.589996337890623,0.412394613,,70,70,70,70,,,,,/scratch/mr3882/SEA_dam/LST_processed/sentinel2_water_masks/Ambuclao/ECOSTRESS/Ambuclao_ECOv002_L2T_LSTE_14777_006_51QTU_20210212T225926_0712_01_LST_LST_s2_footprint_water_mask.tif,/scratch/mr3882/SEA_dam/LST_processed/sentinel2_water_masks/Ambuclao/ECOSTRESS/Ambuclao_ECOv002_L2T_LSTE_14777_006_51QTU_20210212T225926_0712_01_LST_LST_s2_footprint_water_mask.tif,,,,,259900,259900,258850,258850,1821620,1821620,1820570,1820570,Philippines,129,,7.5,258,,01/01/1956,618.0013428,16.45865654,120.7455543,,,,,,,2021-02-12T22:59:26Z,2021,2,43,22.99055555555556,7.040259175555555,8,,,FALSE,FALSE,FALSE,FALSE,,,,,FALSE,,,,,,,,,,,16.45865654,120.7455543,,,FALSE,none,,,paired,kept_main_paired_dropped_additional,1,0,,,Ambuclao,ambuclao
12,Ambuclao,2021-02-20T19:53:34Z,8905,additional_ecostress,9,ECOSTRESS,paired,TRUE,TRUE,TRUE,10.99,11.49,0.5,,,,,,,,,,,,,,,,,,,,,,,,,,,,,,,,,Philippines,129,,7.5,258,,01/01/1956,618.0013428,16.45865654,120.7455543,,,,,,,2021-02-20T19:53:34Z,2021,2,51,19.892777777777777,3.942481397777776,,9,0,FALSE,FALSE,FALSE,FALSE,,,,,FALSE,33,16.4622,120.7447,0.92,0b1110111011000000,33,16.4575,120.744,0.92,0b1110111011000000,16.45865654,120.7455543,0.92,0.92,FALSE,none,,,paired,kept_unique_additional,0,1,additional_ecostress__9,TRUE,Ambuclao,ambuclao
13,Ambuclao,2021-03-08T00:22:13Z,9,main_s2mask,9,ECOSTRESS,paired,TRUE,TRUE,TRUE,22.52215576,21.47,-1.052155762,28,,23.550018310546875,,22.5,,20.64999389648437,,0.671016514,,70,,70,,,,,,/scratch/mr3882/SEA_dam/LST_processed/sentinel2_water_masks/Ambuclao/ECOSTRESS/Ambuclao_ECOv002_L2T_LSTE_15134_015_50QRD_20210308T002213_0712_01_LST_LST_s2_footprint_water_mask.tif,,,,,,900640,,899590,,1824000,,1822880,,Philippines,129,,7.5,258,,01/01/1956,618.0013428,16.45865654,120.7455543,,,,,,,2021-03-08T00:22:13Z,2021,3,67,0.3702777777777777,8.419981397777777,9,,,FALSE,FALSE,FALSE,FALSE,,,,,FALSE,,,,,,33,16.4575,120.744,1.24,0b1001101011000000,16.45865654,120.7455543,,1.24,TRUE,outlet,Tm_o;ID_o;Latitude_o;Longitude_o;ECO2LSTE_001_SDS_LST_err_o;QC_bitmask_o;LSTerr_o;Latitude_ref;Longitude_ref,8906,lake_only,kept_main_filled_outlet_from_additional,1,1,,,Ambuclao,ambuclao
14,Ambuclao,2021-12-31T02:28:11Z,10,main_s2mask,10,ECOSTRESS,paired,TRUE,TRUE,TRUE,28.29998779,26.61001587,-1.689971924,14,1,30.30999755859375,26.610015869140625,28.63998413085937,26.610015869140625,26.610015869140625,26.610015869140625,1.136298299,,70,70,70,70,,,,,/scratch/mr3882/SEA_dam/LST_processed/sentinel2_water_masks/Ambuclao/ECOSTRESS/Ambuclao_ECOv002_L2T_LSTE_19766_016_51QTU_20211231T022811_0712_02_LST_LST_s2_footprint_water_mask.tif,/scratch/mr3882/SEA_dam/LST_processed/sentinel2_water_masks/Ambuclao/ECOSTRESS/Ambuclao_ECOv002_L2T_LSTE_19766_016_51QTU_20211231T022811_0712_02_LST_LST_s2_footprint_water_mask.tif,,,,,259900,259900,258850,258850,1821620,1821620,1820570,1820570,Philippines,129,,7.5,258,,01/01/1956,618.0013428,16.45865654,120.7455543,,,,,,,2021-12-31T02:28:11Z,2021,12,365,2.4697222222222224,10.51942584222222,10,,,FALSE,FALSE,FALSE,FALSE,,,,,FALSE,,,,,,,,,,,16.45865654,120.7455543,,,FALSE,none,,,paired,kept_main_paired_dropped_additional,1,0,,,Ambuclao,ambuclao
15,Ambuclao,2021-12-31T15:47:26Z,11,main_s2mask,11,ECOSTRESS,lake_only,TRUE,FALSE,FALSE,14.43634033,,,19,,16.92999267578125,,14.209991455078123,,12.610015869140623,,1.273769975,,70,,70,,,,,,/scratch/mr3882/SEA_dam/LST_processed/sentinel2_water_masks/Ambuclao/ECOSTRESS/Ambuclao_ECOv002_L2T_LSTE_19775_004_50QRD_20211231T154726_0712_01_LST_LST_s2_footprint_water_mask.tif,,,,,,900640,,899590,,1824000,,1822880,,Philippines,129,,7.5,258,,01/01/1956,618.0013428,16.45865654,120.7455543,,,,,,,2021-12-31T15:47:26Z,2021,12,365,15.790555555555557,23.840259175555552,11,,,FALSE,FALSE,FALSE,FALSE,,,,,FALSE,,,,,,,,,,,16.45865654,120.7455543,,,FALSE,none,,,lake_only,kept_unique_main,1,0,,,Ambuclao,ambuclao
16,Ambuclao,2022-01-11T21:39:19Z,12,main_s2mask,12,ECOSTRESS,paired,TRUE,TRUE,TRUE,16.09857178,13.55,-2.548571777,28,,18.14999389648437,,15.94000244140625,,14.63000488,,1.075908542,,70,,70,,,,,,/scratch/mr3882/SEA_dam/LST_processed/sentinel2_water_masks/Ambuclao/ECOSTRESS/Ambuclao_ECOv002_L2T_LSTE_19949_001_50QRD_20220111T213919_0712_01_LST_LST_s2_footprint_water_mask.tif,,,,,,900640,,899590,,1824000,,1822880,,Philippines,129,,7.5,258,,01/01/1956,618.0013428,16.45865654,120.7455543,,,,,,,2022-01-11T21:39:19Z,2022,1,11,21.655277777777776,5.704981397777775,12,,,FALSE,FALSE,FALSE,FALSE,,,,,FALSE,,,,,,33,16.4575,120.744,1.04,0b1010111011000000,16.45865654,120.7455543,,1.04,TRUE,outlet,Tm_o;ID_o;Latitude_o;Longitude_o;ECO2LSTE_001_SDS_LST_err_o;QC_bitmask_o;LSTerr_o;Latitude_ref;Longitude_ref,8907,lake_only,kept_main_filled_outlet_from_additional,1,1,,,Ambuclao,ambuclao
17,Ambuclao,2022-01-15T20:04:36Z,13,main_s2mask,13,ECOSTRESS,paired,TRUE,TRUE,TRUE,15.05999756,14.79000854,-0.269989014,26,1,16.36999512,14.790008544921877,15.050018310546877,14.790008544921877,14.149993896484377,14.790008544921877,0.627378702,,70,70,70,70,,,,,/scratch/mr3882/SEA_dam/LST_processed/sentinel2_water_masks/Ambuclao/ECOSTRESS/Ambuclao_ECOv002_L2T_LSTE_20010_005_51QTU_20220115T200436_0712_01_LST_LST_s2_footprint_water_mask.tif,/scratch/mr3882/SEA_dam/LST_processed/sentinel2_water_masks/Ambuclao/ECOSTRESS/Ambuclao_ECOv002_L2T_LSTE_20010_005_51QTU_20220115T200436_0712_01_LST_LST_s2_footprint_water_mask.tif,,,,,259900,259900,258850,258850,1821620,1821620,1820570,1820570,Philippines,129,,7.5,258,,01/01/1956,618.0013428,16.45865654,120.7455543,,,,,,,2022-01-15T20:04:36Z,2022,1,15,20.076666666666668,4.126370286666667,13,,,FALSE,FALSE,FALSE,FALSE,,,,,FALSE,,,,,,,,,,,16.45865654,120.7455543,,,FALSE,none,,,paired,kept_main_paired_dropped_additional,1,0,,,Ambuclao,ambuclao
18,Ambuclao,2023-01-25T05:42:35Z,14,main_s2mask,14,ECOSTRESS,paired,TRUE,TRUE,TRUE,26.1000061,29.75,3.649993896,28,,29.36999512,,26.050018310546875,,23.45001220703125,,1.626924872,,70,,70,,,,,,/scratch/mr3882/SEA_dam/LST_processed/sentinel2_water_masks/Ambuclao/ECOSTRESS/Ambuclao_ECOv002_L2T_LSTE_25826_003_50QRD_20230125T054235_0710_01_LST_LST_s2_footprint_water_mask.tif,,,,,,900640,,899590,,1824000,,1822880,,Philippines,129,,7.5,258,,01/01/1956,618.0013428,16.45865654,120.7455543,,,,,,,2023-01-25T05:42:35Z,2023,1,25,5.709722222222222,13.75942584222222,14,,,FALSE,FALSE,FALSE,FALSE,,,,,FALSE,,,,,,33,16.4575,120.744,1.12,0b1001111011000000,16.45865654,120.7455543,,1.12,TRUE,outlet,Tm_o;ID_o;Latitude_o;Longitude_o;ECO2LSTE_001_SDS_LST_err_o;QC_bitmask_o;LSTerr_o;Latitude_ref;Longitude_ref,8908,lake_only,kept_main_filled_outlet_from_additional,1,1,,,Ambuclao,ambuclao
19,Ambuclao,2023-02-13T08:19:57Z,8909,additional_ecostress,15,ECOSTRESS,outlet_only,FALSE,TRUE,FALSE,,29.23,,,,,,,,,,,,,,,,,,,,,,,,,,,,,,,,,,Philippines,129,,7.5,258,,01/01/1956,618.0013428,16.45865654,120.7455543,,,,,,,2023-02-13T08:19:57Z,2023,2,44,8.3325,16.38220362,,15,1,TRUE,FALSE,FALSE,FALSE,1,15,,,FALSE,,,,,,33,16.4575,120.744,1.2,0b1001101011000000,16.45865654,120.7455543,,1.2,FALSE,none,,,outlet_only,kept_unique_additional,0,1,additional_ecostress__15,TRUE,Ambuclao,ambuclao
20,Ambuclao,2023-02-13T08:19:58Z,15,main_s2mask,15,ECOSTRESS,lake_only,TRUE,FALSE,FALSE,28.02334595,,,24,,32.029998779296875,,28.25,,23.41000366210937,,2.480178118,,70,,70,,,,,,/scratch/mr3882/SEA_dam/LST_processed/sentinel2_water_masks/Ambuclao/ECOSTRESS/Ambuclao_ECOv002_L2T_LSTE_26122_017_50QRD_20230213T081958_0711_02_LST_LST_s2_footprint_water_mask.tif,,,,,,900640,,899590,,1824000,,1822880,,Philippines,129,,7.5,258,,01/01/1956,618.0013428,16.45865654,120.7455543,,,,,,,2023-02-13T08:19:58Z,2023,2,44,8.332777777777778,16.382481397777777,15,,,FALSE,FALSE,FALSE,FALSE,,,,,FALSE,,,,,,,,,,,16.45865654,120.7455543,,,FALSE,none,,,lake_only,kept_unique_main,1,0,,,Ambuclao,ambuclao
21,Ambuclao,2023-02-17T06:42:33Z,8910,additional_ecostress,16,ECOSTRESS,paired,TRUE,TRUE,TRUE,29.91,30.79,0.88,,,,,,,,,,,,,,,,,,,,,,,,,,,,,,,,,Philippines,129,,7.5,258,,01/01/1956,618.0013428,16.45865654,120.7455543,,,,,,,2023-02-17T06:42:33Z,2023,2,48,6.7091666666666665,14.758870286666664,,16,1,TRUE,FALSE,FALSE,FALSE,1,16,,,FALSE,33,16.4622,120.7447,1.2,0b1001111011000000,33,16.4575,120.744,1.2,0b1001111011000000,16.45865654,120.7455543,1.2,1.2,FALSE,none,,,paired,kept_unique_additional,0,1,additional_ecostress__16,TRUE,Ambuclao,ambuclao
22,Ambuclao,2023-02-17T06:42:34Z,16,main_s2mask,16,ECOSTRESS,lake_only,TRUE,FALSE,FALSE,36.17224121,,,27,,38.149993896484375,,36.25,,33.39001465,,1.531113267,,70,,70,,,,,,/scratch/mr3882/SEA_dam/LST_processed/sentinel2_water_masks/Ambuclao/ECOSTRESS/Ambuclao_ECOv002_L2T_LSTE_26183_021_51QTU_20230217T064234_0711_02_LST_LST_s2_footprint_water_mask.tif,,,,,,259900,,258850,,1821620,,1820570,,Philippines,129,,7.5,258,,01/01/1956,618.0013428,16.45865654,120.7455543,,,,,,,2023-02-17T06:42:34Z,2023,2,48,6.709444444444444,14.759148064444442,16,,,FALSE,FALSE,FALSE,FALSE,,,,,FALSE,,,,,,,,,,,16.45865654,120.7455543,,,FALSE,none,,,lake_only,kept_unique_main,1,0,,,Ambuclao,ambuclao
23,Bhumibol,2019-12-06T04:43:51Z,17,main_s2mask,17,ECOSTRESS,lake_only,TRUE,FALSE,FALSE,25.13668823,,,21,,25.42999267578125,,25.13000488,,24.77001953,,0.205064386,,70,,70,,,,,,/scratch/mr3882/SEA_dam/LST_processed/sentinel2_water_masks/Bhumibol/ECOSTRESS/Bhumibol_ECOv002_L2T_LSTE_08037_001_47QMV_20191206T044351_0712_01_LST_LST_s2_footprint_water_mask.tif,,,,,,497680,,496560,,1906940,,1905890,,Thailand,154,2739.16,221.7,13462,Ping,01/01/1964,138.3963013,17.245417,98.97125,,,,,,,2019-12-06T04:43:51Z,2019,12,340,4.730833333333334,11.328916666666668,17,,,FALSE,FALSE,FALSE,FALSE,,,,,FALSE,,,,,,,,,,,17.245417,98.97125,,,FALSE,none,,,lake_only,kept_unique_main,1,0,,,Bhumibol,bhumibol
24,Bhumibol,2019-12-06T04:44:43Z,18,main_s2mask,18,ECOSTRESS,lake_only,TRUE,FALSE,FALSE,25.17773438,,,31,,25.39001465,,25.17001342773437,,24.990020751953125,,0.109991081,,70,,70,,,,,,/scratch/mr3882/SEA_dam/LST_processed/sentinel2_water_masks/Bhumibol/ECOSTRESS/Bhumibol_ECOv002_L2T_LSTE_08037_002_47QMV_20191206T044443_0712_01_LST_LST_s2_footprint_water_mask.tif,,,,,,497680,,496560,,1906940,,1905890,,Thailand,154,2739.16,221.7,13462,Ping,01/01/1964,138.3963013,17.245417,98.97125,,,,,,,2019-12-06T04:44:43Z,2019,12,340,4.745277777777778,11.343361111111111,18,,,FALSE,FALSE,FALSE,FALSE,,,,,FALSE,,,,,,,,,,,17.245417,98.97125,,,FALSE,none,,,lake_only,kept_unique_main,1,0,,,Bhumibol,bhumibol
25,Bhumibol,2019-12-25T20:38:04Z,19,main_s2mask,19,ECOSTRESS,paired,TRUE,TRUE,TRUE,24.41796875,22.65,-1.76796875,60,,25.709991455078125,,24.519989013671875,,23.07000732421875,,0.487736523,,70,,70,,,,,,/scratch/mr3882/SEA_dam/LST_processed/sentinel2_water_masks/Bhumibol/ECOSTRESS/Bhumibol_ECOv002_L2T_LSTE_08342_002_47QMV_20191225T203804_0712_01_LST_LST_s2_footprint_water_mask.tif,,,,,,497680,,496560,,1906940,,1905890,,Thailand,154,2739.16,221.7,13462,Ping,01/01/1964,138.3963013,17.245417,98.97125,,,,,,,2019-12-25T20:38:04Z,2019,12,359,20.634444444444444,3.232527777777776,19,,,FALSE,FALSE,FALSE,FALSE,,,,,FALSE,,,,,,42,17.2413,98.9773,1.36,0b1001101011000000,17.245417,98.97125,,1.36,TRUE,outlet,Tm_o;ID_o;Latitude_o;Longitude_o;ECO2LSTE_001_SDS_LST_err_o;QC_bitmask_o;LSTerr_o;Latitude_ref;Longitude_ref,8911,lake_only,kept_main_filled_outlet_from_additional,1,1,,,Bhumibol,bhumibol
26,Bhumibol,2020-01-17T11:54:55Z,20,main_s2mask,20,ECOSTRESS,paired,TRUE,TRUE,TRUE,26.0368042,26.63000488,0.593200684,44,2,26.51000977,26.63000488,26.029998779296875,26.63000488,25.730010986328125,26.63000488,0.173658267,0,70,70,70,70,,,,,/scratch/mr3882/SEA_dam/LST_processed/sentinel2_water_masks/Bhumibol/ECOSTRESS/Bhumibol_ECOv002_L2T_LSTE_08693_001_47QMV_20200117T115455_0712_01_LST_LST_s2_footprint_water_mask.tif,/scratch/mr3882/SEA_dam/LST_processed/sentinel2_water_masks/Bhumibol/ECOSTRESS/Bhumibol_ECOv002_L2T_LSTE_08693_001_47QMV_20200117T115455_0712_01_LST_LST_s2_footprint_water_mask.tif,,,,,497680,497680,496560,496560,1906940,1906940,1905890,1905890,Thailand,154,2739.16,221.7,13462,Ping,01/01/1964,138.3963013,17.245417,98.97125,,,,,,,2020-01-17T11:54:55Z,2020,1,17,11.915277777777778,18.51336111111111,20,,,FALSE,FALSE,FALSE,FALSE,,,,,FALSE,,,,,,,,,,,17.245417,98.97125,,,FALSE,none,,,paired,kept_main_paired_dropped_additional,1,0,,,Bhumibol,bhumibol
27,Bhumibol,2020-01-25T08:45:26Z,21,main_s2mask,21,ECOSTRESS,paired,TRUE,TRUE,TRUE,26.50875854,28.29,1.7812414550780993,64,,30.92999267578125,,26.050018310546875,,24.95001220703125,,1.202267528,,70,,70,,,,,,/scratch/mr3882/SEA_dam/LST_processed/sentinel2_water_masks/Bhumibol/ECOSTRESS/Bhumibol_ECOv002_L2T_LSTE_08815_001_47QMV_20200125T084526_0712_01_LST_LST_s2_footprint_water_mask.tif,,,,,,497680,,496560,,1906940,,1905890,,Thailand,154,2739.16,221.7,13462,Ping,01/01/1964,138.3963013,17.245417,98.97125,,,,,,,2020-01-25T08:45:26Z,2020,1,25,8.757222222222222,15.355305555555557,21,,,FALSE,FALSE,FALSE,FALSE,,,,,FALSE,,,,,,42,17.2413,98.9773,1.12,0b1001101011000000,17.245417,98.97125,,1.12,TRUE,outlet,Tm_o;ID_o;Latitude_o;Longitude_o;ECO2LSTE_001_SDS_LST_err_o;QC_bitmask_o;LSTerr_o;Latitude_ref;Longitude_ref,8912,lake_only,kept_main_filled_outlet_from_additional,1,1,,,Bhumibol,bhumibol
28,Bhumibol,2020-02-14T00:57:55Z,8913,additional_ecostress,22,ECOSTRESS,paired,TRUE,TRUE,TRUE,24.73,22.77,-1.96,,,,,,,,,,,,,,,,,,,,,,,,,,,,,,,,,Thailand,154,2739.16,221.7,13462,Ping,01/01/1964,138.3963013,17.245417,98.97125,,,,,,,2020-02-14T00:57:55Z,2020,2,45,0.9652777777777776,7.563361111111111,,22,1,TRUE,FALSE,FALSE,FALSE,1,22,,,FALSE,42,17.2431,98.9692,1.12,0b1001111011000000,42,17.2413,98.9773,1.12,0b1001111011000000,17.245417,98.97125,1.12,1.12,FALSE,none,,,paired,kept_unique_additional,0,1,additional_ecostress__22,TRUE,Bhumibol,bhumibol
29,Bhumibol,2020-02-14T00:57:56Z,22,main_s2mask,22,ECOSTRESS,lake_only,TRUE,FALSE,FALSE,22.59182739,,,66,,23.63000488,,22.550018310546875,,21.95001220703125,,0.311318934,,70,,70,,,,,,/scratch/mr3882/SEA_dam/LST_processed/sentinel2_water_masks/Bhumibol/ECOSTRESS/Bhumibol_ECOv002_L2T_LSTE_09120_001_47QMV_20200214T005756_0712_01_LST_LST_s2_footprint_water_mask.tif,,,,,,497680,,496560,,1906940,,1905890,,Thailand,154,2739.16,221.7,13462,Ping,01/01/1964,138.3963013,17.245417,98.97125,,,,,,,2020-02-14T00:57:56Z,2020,2,45,0.9655555555555556,7.563638888888889,22,,,FALSE,FALSE,FALSE,FALSE,,,,,FALSE,,,,,,,,,,,17.245417,98.97125,,,FALSE,none,,,lake_only,kept_unique_main,1,0,,,Bhumibol,bhumibol
30,Bhumibol,2021-02-28T18:21:28Z,23,main_s2mask,23,ECOSTRESS,paired,TRUE,TRUE,TRUE,26.30044556,25.80999756,-0.490447998,67,1,27.41000366210937,25.80999755859375,26.19000244140625,25.80999755859375,25.470001220703125,25.80999755859375,0.367965937,,70,70,70,70,,,,,/scratch/mr3882/SEA_dam/LST_processed/sentinel2_water_masks/Bhumibol/ECOSTRESS/Bhumibol_ECOv002_L2T_LSTE_15022_004_47QMV_20210228T182128_0712_01_LST_LST_s2_footprint_water_mask.tif,/scratch/mr3882/SEA_dam/LST_processed/sentinel2_water_masks/Bhumibol/ECOSTRESS/Bhumibol_ECOv002_L2T_LSTE_15022_004_47QMV_20210228T182128_0712_01_LST_LST_s2_footprint_water_mask.tif,,,,,497680,497680,496560,496560,1906940,1906940,1905890,1905890,Thailand,154,2739.16,221.7,13462,Ping,01/01/1964,138.3963013,17.245417,98.97125,,,,,,,2021-02-28T18:21:28Z,2021,2,59,18.35777777777778,0.955861111,23,,,FALSE,FALSE,FALSE,FALSE,,,,,FALSE,,,,,,,,,,,17.245417,98.97125,,,FALSE,none,,,paired,kept_main_paired_dropped_additional,1,0,,,Bhumibol,bhumibol
31,Bhumibol,2021-12-04T04:17:32Z,24,main_s2mask,24,ECOSTRESS,paired,TRUE,TRUE,TRUE,27.09579468,26.79000854,-0.305786133,69,2,30.230010986328125,26.790008544921875,27.01000977,26.790008544921875,26.57000732421875,26.790008544921875,0.57574451,0,70,70,70,70,,,,,/scratch/mr3882/SEA_dam/LST_processed/sentinel2_water_masks/Bhumibol/ECOSTRESS/Bhumibol_ECOv002_L2T_LSTE_19349_004_47QMV_20211204T041732_0712_01_LST_LST_s2_footprint_water_mask.tif,/scratch/mr3882/SEA_dam/LST_processed/sentinel2_water_masks/Bhumibol/ECOSTRESS/Bhumibol_ECOv002_L2T_LSTE_19349_004_47QMV_20211204T041732_0712_01_LST_LST_s2_footprint_water_mask.tif,,,,,497680,497680,496560,496560,1906940,1906940,1905890,1905890,Thailand,154,2739.16,221.7,13462,Ping,01/01/1964,138.3963013,17.245417,98.97125,,,,,,,2021-12-04T04:17:32Z,2021,12,338,4.292222222222222,10.890305555555557,24,,,FALSE,FALSE,FALSE,FALSE,,,,,FALSE,,,,,,,,,,,17.245417,98.97125,,,FALSE,none,,,paired,kept_main_paired_dropped_additional,1,0,,,Bhumibol,bhumibol
32,Bhumibol,2022-01-23T18:27:15Z,25,main_s2mask,25,ECOSTRESS,paired,TRUE,TRUE,TRUE,24.38708496,22.47000122,-1.91708374,69,1,24.95001220703125,22.470001220703125,24.490020751953125,22.470001220703125,23.089996337890625,22.470001220703125,0.46425578,,70,70,70,70,,,,,/scratch/mr3882/SEA_dam/LST_processed/sentinel2_water_masks/Bhumibol/ECOSTRESS/Bhumibol_ECOv002_L2T_LSTE_20133_006_47QMV_20220123T182715_0712_01_LST_LST_s2_footprint_water_mask.tif,/scratch/mr3882/SEA_dam/LST_processed/sentinel2_water_masks/Bhumibol/ECOSTRESS/Bhumibol_ECOv002_L2T_LSTE_20133_006_47QMV_20220123T182715_0712_01_LST_LST_s2_footprint_water_mask.tif,,,,,497680,497680,496560,496560,1906940,1906940,1905890,1905890,Thailand,154,2739.16,221.7,13462,Ping,01/01/1964,138.3963013,17.245417,98.97125,,,,,,,2022-01-23T18:27:15Z,2022,1,23,18.454166666666666,1.0522500000000008,25,,,FALSE,FALSE,FALSE,FALSE,,,,,FALSE,,,,,,,,,,,17.245417,98.97125,,,FALSE,none,,,paired,kept_main_paired_dropped_additional,1,0,,,Bhumibol,bhumibol
33,Bhumibol,2022-01-31T05:24:33Z,26,main_s2mask,26,ECOSTRESS,paired,TRUE,TRUE,TRUE,28.34408569,30.57,2.225914307,61,,31.209991455078125,,28.14999389648437,,26.91000366210937,,0.950986445,,70,,70,,,,,,/scratch/mr3882/SEA_dam/LST_processed/sentinel2_water_masks/Bhumibol/ECOSTRESS/Bhumibol_ECOv002_L2T_LSTE_20249_002_47QMV_20220131T052433_0712_01_LST_LST_s2_footprint_water_mask.tif,,,,,,497680,,496560,,1906940,,1905890,,Thailand,154,2739.16,221.7,13462,Ping,01/01/1964,138.3963013,17.245417,98.97125,,,,,,,2022-01-31T05:24:33Z,2022,1,31,5.409166666666667,12.00725,26,,,FALSE,FALSE,FALSE,FALSE,,,,,FALSE,,,,,,42,17.2413,98.9773,1,0b1010101011000000,17.245417,98.97125,,1,TRUE,outlet,Tm_o;ID_o;Latitude_o;Longitude_o;ECO2LSTE_001_SDS_LST_err_o;QC_bitmask_o;LSTerr_o;Latitude_ref;Longitude_ref,8914,lake_only,kept_main_filled_outlet_from_additional,1,1,,,Bhumibol,bhumibol
34,Bhumibol,2023-01-21T18:44:52Z,27,main_s2mask,27,ECOSTRESS,paired,TRUE,TRUE,TRUE,24.37802124,22.83001709,-1.54800415,45,2,25.110015869140625,23.110015869140625,24.36999512,22.83001708984375,23.029998779296875,22.550018310546875,0.522606909,0.395978063,70,70,70,70,,,,,/scratch/mr3882/SEA_dam/LST_processed/sentinel2_water_masks/Bhumibol/ECOSTRESS/Bhumibol_ECOv002_L2T_LSTE_25772_010_47QMV_20230121T184452_0710_01_LST_LST_s2_footprint_water_mask.tif,/scratch/mr3882/SEA_dam/LST_processed/sentinel2_water_masks/Bhumibol/ECOSTRESS/Bhumibol_ECOv002_L2T_LSTE_25772_010_47QMV_20230121T184452_0710_01_LST_LST_s2_footprint_water_mask.tif,,,,,497680,497680,496560,496560,1906940,1906940,1905890,1905890,Thailand,154,2739.16,221.7,13462,Ping,01/01/1964,138.3963013,17.245417,98.97125,,,,,,,2023-01-21T18:44:52Z,2023,1,21,18.747777777777777,1.3458611111111125,27,,,FALSE,FALSE,FALSE,FALSE,,,,,FALSE,,,,,,,,,,,17.245417,98.97125,,,FALSE,none,,,paired,kept_main_paired_dropped_additional,1,0,,,Bhumibol,bhumibol
35,Bhumibol,2023-01-25T07:15:50Z,28,main_s2mask,28,ECOSTRESS,paired,TRUE,TRUE,TRUE,26.79782104,28.3500061,1.552185059,41,1,29.110015869140625,28.350006103515625,26.57000732421875,28.350006103515625,25.69000244140625,28.350006103515625,0.79766947,,70,70,70,70,,,,,/scratch/mr3882/SEA_dam/LST_processed/sentinel2_water_masks/Bhumibol/ECOSTRESS/Bhumibol_ECOv002_L2T_LSTE_25827_001_47QMV_20230125T071550_0710_01_LST_LST_s2_footprint_water_mask.tif,/scratch/mr3882/SEA_dam/LST_processed/sentinel2_water_masks/Bhumibol/ECOSTRESS/Bhumibol_ECOv002_L2T_LSTE_25827_001_47QMV_20230125T071550_0710_01_LST_LST_s2_footprint_water_mask.tif,,,,,497680,497680,496560,496560,1906940,1906940,1905890,1905890,Thailand,154,2739.16,221.7,13462,Ping,01/01/1964,138.3963013,17.245417,98.97125,,,,,,,2023-01-25T07:15:50Z,2023,1,25,7.263888888888889,13.861972222222224,28,,,FALSE,FALSE,FALSE,FALSE,,,,,FALSE,,,,,,,,,,,17.245417,98.97125,,,FALSE,none,,,paired,kept_main_paired_dropped_additional,1,0,,,Bhumibol,bhumibol
36,Bhumibol,2023-02-28T17:38:44Z,29,main_s2mask,29,ECOSTRESS,paired,TRUE,TRUE,TRUE,24.19992065,23.82000732,-0.37991333,71,2,24.850006103515625,24.589996337890625,24.290008544921875,23.82000732421875,22.83001708984375,23.050018310546875,0.4703058,1.088928938,70,70,70,70,,,,,/scratch/mr3882/SEA_dam/LST_processed/sentinel2_water_masks/Bhumibol/ECOSTRESS/Bhumibol_ECOv002_L2T_LSTE_26361_004_47QMV_20230228T173844_0711_01_LST_LST_s2_footprint_water_mask.tif,/scratch/mr3882/SEA_dam/LST_processed/sentinel2_water_masks/Bhumibol/ECOSTRESS/Bhumibol_ECOv002_L2T_LSTE_26361_004_47QMV_20230228T173844_0711_01_LST_LST_s2_footprint_water_mask.tif,,,,,497680,497680,496560,496560,1906940,1906940,1905890,1905890,Thailand,154,2739.16,221.7,13462,Ping,01/01/1964,138.3963013,17.245417,98.97125,,,,,,,2023-02-28T17:38:44Z,2023,2,59,17.645555555555553,0.2436388888888885,29,,,FALSE,FALSE,FALSE,FALSE,,,,,FALSE,,,,,,,,,,,17.245417,98.97125,,,FALSE,none,,,paired,kept_main_paired_dropped_additional,1,0,,,Bhumibol,bhumibol
37,Binga,2020-01-05T15:06:45Z,30,main_s2mask,30,ECOSTRESS,paired,TRUE,TRUE,TRUE,17.99685669,17.89,-0.106856689,35,,18.77001953,,18.050018310546875,,17.149993896484375,,0.337948769,,70,,70,,,,,,/scratch/mr3882/SEA_dam/LST_processed/sentinel2_water_masks/Binga/ECOSTRESS/Binga_ECOv002_L2T_LSTE_08509_003_51QTU_20200105T150645_0712_01_LST_LST_s2_footprint_water_mask.tif,,,,,,258010,,256960,,1814410,,1813430,,Philippines,107,,2.5,87,,01/01/1960,518.9345703,16.39497651,120.7297805,,,,,,,2020-01-05T15:06:45Z,2020,1,5,15.1125,23.16115203333333,30,,,FALSE,FALSE,FALSE,FALSE,,,,,FALSE,,,,,,34,16.3938,120.732,1.28,0b1001101011000000,16.39497651,120.7297805,,1.28,TRUE,outlet,Tm_o;ID_o;Latitude_o;Longitude_o;ECO2LSTE_001_SDS_LST_err_o;QC_bitmask_o;LSTerr_o;Latitude_ref;Longitude_ref,8915,lake_only,kept_main_filled_outlet_from_additional,1,1,,,Binga,binga
38,Binga,2020-01-09T23:24:50Z,31,main_s2mask,31,ECOSTRESS,paired,TRUE,TRUE,TRUE,18.30355835,17.23,-1.07355835,34,,19.230010986328125,,18.529998779296875,,17.07000732421875,,0.643560708,,70,,70,,,,,,/scratch/mr3882/SEA_dam/LST_processed/sentinel2_water_masks/Binga/ECOSTRESS/Binga_ECOv002_L2T_LSTE_08576_008_50QRD_20200109T232450_0712_01_LST_LST_s2_footprint_water_mask.tif,,,,,,898960,,897910,,1816720,,1815740,,Philippines,107,,2.5,87,,01/01/1960,518.9345703,16.39497651,120.7297805,,,,,,,2020-01-09T23:24:50Z,2020,1,9,23.413888888888888,7.462540922222221,31,,,FALSE,FALSE,FALSE,FALSE,,,,,FALSE,,,,,,34,16.3938,120.732,1.28,0b1001101011000000,16.39497651,120.7297805,,1.28,TRUE,outlet,Tm_o;ID_o;Latitude_o;Longitude_o;ECO2LSTE_001_SDS_LST_err_o;QC_bitmask_o;LSTerr_o;Latitude_ref;Longitude_ref,8916,lake_only,kept_main_filled_outlet_from_additional,1,1,,,Binga,binga
39,Binga,2020-02-02T04:05:44Z,8917,additional_ecostress,32,ECOSTRESS,paired,TRUE,TRUE,TRUE,29.43,31.67,2.240000000000002,,,,,,,,,,,,,,,,,,,,,,,,,,,,,,,,,Philippines,107,,2.5,87,,01/01/1960,518.9345703,16.39497651,120.7297805,,,,,,,2020-02-02T04:05:44Z,2020,2,33,4.095555555555555,12.14420758888889,,32,1,TRUE,FALSE,FALSE,FALSE,1,32,,,FALSE,34,16.3947,120.7275,1.2,0b1001111011000000,34,16.3938,120.732,1.2,0b1001101011000000,16.39497651,120.7297805,1.2,1.2,FALSE,none,,,paired,kept_unique_additional,0,1,additional_ecostress__32,TRUE,Binga,binga
40,Binga,2020-02-02T04:05:45Z,32,main_s2mask,32,ECOSTRESS,lake_only,TRUE,FALSE,FALSE,26.90835571,,,36,,33.149993896484375,,26.050018310546875,,24.25,,2.801440477,,70,,70,,,,,,/scratch/mr3882/SEA_dam/LST_processed/sentinel2_water_masks/Binga/ECOSTRESS/Binga_ECOv002_L2T_LSTE_08936_003_51QTU_20200202T040545_0712_01_LST_LST_s2_footprint_water_mask.tif,,,,,,258010,,256960,,1814410,,1813430,,Philippines,107,,2.5,87,,01/01/1960,518.9345703,16.39497651,120.7297805,,,,,,,2020-02-02T04:05:45Z,2020,2,33,4.095833333333333,12.144485366666666,32,,,FALSE,FALSE,FALSE,FALSE,,,,,FALSE,,,,,,,,,,,16.39497651,120.7297805,,,FALSE,none,,,lake_only,kept_unique_main,1,0,,,Binga,binga
41,Binga,2020-02-13T23:25:06Z,8918,additional_ecostress,33,ECOSTRESS,paired,TRUE,TRUE,TRUE,21.19,18.99,-2.2,,,,,,,,,,,,,,,,,,,,,,,,,,,,,,,,,Philippines,107,,2.5,87,,01/01/1960,518.9345703,16.39497651,120.7297805,,,,,,,2020-02-13T23:25:06Z,2020,2,44,23.418333333333333,7.466985366666666,,33,1,TRUE,FALSE,FALSE,FALSE,1,33,,,FALSE,34,16.3947,120.7275,1.24,0b1001101011000000,34,16.3938,120.732,1.24,0b1001101011000000,16.39497651,120.7297805,1.24,1.24,FALSE,none,,,paired,kept_unique_additional,0,1,additional_ecostress__33,TRUE,Binga,binga
42,Binga,2020-02-13T23:25:07Z,33,main_s2mask,33,ECOSTRESS,lake_only,TRUE,FALSE,FALSE,17.08673096,,,37,,17.649993896484375,,17.07000732421875,,16.550018310546875,,0.279979914,,70,,70,,,,,,/scratch/mr3882/SEA_dam/LST_processed/sentinel2_water_masks/Binga/ECOSTRESS/Binga_ECOv002_L2T_LSTE_09119_003_50QRD_20200213T232507_0712_01_LST_LST_s2_footprint_water_mask.tif,,,,,,898960,,897910,,1816720,,1815740,,Philippines,107,,2.5,87,,01/01/1960,518.9345703,16.39497651,120.7297805,,,,,,,2020-02-13T23:25:07Z,2020,2,44,23.41861111111111,7.467263144444445,33,,,FALSE,FALSE,FALSE,FALSE,,,,,FALSE,,,,,,,,,,,16.39497651,120.7297805,,,FALSE,none,,,lake_only,kept_unique_main,1,0,,,Binga,binga
43,Binga,2020-02-21T06:58:14Z,8919,additional_ecostress,34,ECOSTRESS,paired,TRUE,TRUE,TRUE,32.11,30.73,-1.38,,,,,,,,,,,,,,,,,,,,,,,,,,,,,,,,,Philippines,107,,2.5,87,,01/01/1960,518.9345703,16.39497651,120.7297805,,,,,,,2020-02-21T06:58:14Z,2020,2,52,6.970555555555555,15.01920758888889,,34,1,TRUE,FALSE,FALSE,FALSE,1,34,,,FALSE,34,16.3947,120.7275,1.28,0b1001101011000000,34,16.3938,120.732,1.28,0b1001101011000000,16.39497651,120.7297805,1.28,1.28,FALSE,none,,,paired,kept_unique_additional,0,1,additional_ecostress__34,TRUE,Binga,binga
44,Binga,2020-02-21T06:58:15Z,34,main_s2mask,34,ECOSTRESS,lake_only,TRUE,FALSE,FALSE,32.0284729,,,38,,34.33001708984375,,32.01000977,,30.13000488,,1.271312356,,70,,70,,,,,,/scratch/mr3882/SEA_dam/LST_processed/sentinel2_water_masks/Binga/ECOSTRESS/Binga_ECOv002_L2T_LSTE_09232_010_51QTU_20200221T065815_0712_01_LST_LST_s2_footprint_water_mask.tif,,,,,,258010,,256960,,1814410,,1813430,,Philippines,107,,2.5,87,,01/01/1960,518.9345703,16.39497651,120.7297805,,,,,,,2020-02-21T06:58:15Z,2020,2,52,6.970833333333333,15.019485366666666,34,,,FALSE,FALSE,FALSE,FALSE,,,,,FALSE,,,,,,,,,,,16.39497651,120.7297805,,,FALSE,none,,,lake_only,kept_unique_main,1,0,,,Binga,binga
45,Binga,2020-02-21T20:17:37Z,8920,additional_ecostress,35,ECOSTRESS,paired,TRUE,TRUE,TRUE,13.63,14.23,0.5999999999999996,,,,,,,,,,,,,,,,,,,,,,,,,,,,,,,,,Philippines,107,,2.5,87,,01/01/1960,518.9345703,16.39497651,120.7297805,,,,,,,2020-02-21T20:17:37Z,2020,2,52,20.29361111111111,4.342263144444445,,35,1,TRUE,FALSE,FALSE,FALSE,1,35,,,FALSE,34,16.3947,120.7275,0.84,0b1110111011000000,34,16.3938,120.732,0.84,0b1110111011000000,16.39497651,120.7297805,0.84,0.84,FALSE,none,,,paired,kept_unique_additional,0,1,additional_ecostress__35,TRUE,Binga,binga
46,Binga,2020-02-21T20:17:38Z,35,main_s2mask,35,ECOSTRESS,lake_only,TRUE,FALSE,FALSE,15.57315063,,,32,,16.30999755859375,,15.649993896484377,,14.30999755859375,,0.460971028,,70,,70,,,,,,/scratch/mr3882/SEA_dam/LST_processed/sentinel2_water_masks/Binga/ECOSTRESS/Binga_ECOv002_L2T_LSTE_09241_006_50QRD_20200221T201738_0712_01_LST_LST_s2_footprint_water_mask.tif,,,,,,898960,,897910,,1816720,,1815740,,Philippines,107,,2.5,87,,01/01/1960,518.9345703,16.39497651,120.7297805,,,,,,,2020-02-21T20:17:38Z,2020,2,52,20.29388888888889,4.342540922222224,35,,,FALSE,FALSE,FALSE,FALSE,,,,,FALSE,,,,,,,,,,,16.39497651,120.7297805,,,FALSE,none,,,lake_only,kept_unique_main,1,0,,,Binga,binga
47,Binga,2021-02-20T19:53:34Z,8921,additional_ecostress,36,ECOSTRESS,paired,TRUE,TRUE,TRUE,9.81,10.59,0.7799999999999994,,,,,,,,,,,,,,,,,,,,,,,,,,,,,,,,,Philippines,107,,2.5,87,,01/01/1960,518.9345703,16.39497651,120.7297805,,,,,,,2021-02-20T19:53:34Z,2021,2,51,19.892777777777777,3.941429811,,36,0,FALSE,FALSE,FALSE,FALSE,,,,,FALSE,34,16.3947,120.7275,0.96,0b1110111011000000,34,16.3938,120.732,0.96,0b1110111011000000,16.39497651,120.7297805,0.96,0.96,FALSE,none,,,paired,kept_unique_additional,0,1,additional_ecostress__36,TRUE,Binga,binga
48,Binga,2021-03-08T00:22:13Z,36,main_s2mask,36,ECOSTRESS,paired,TRUE,TRUE,TRUE,23.68444824,23.41,-0.274448242,36,,24.209991455078125,,23.740020751953125,,21.990020751953125,,0.427121729,,70,,70,,,,,,/scratch/mr3882/SEA_dam/LST_processed/sentinel2_water_masks/Binga/ECOSTRESS/Binga_ECOv002_L2T_LSTE_15134_015_50QRD_20210308T002213_0712_01_LST_LST_s2_footprint_water_mask.tif,,,,,,898960,,897910,,1816720,,1815740,,Philippines,107,,2.5,87,,01/01/1960,518.9345703,16.39497651,120.7297805,,,,,,,2021-03-08T00:22:13Z,2021,3,67,0.3702777777777777,8.418929811111111,36,,,FALSE,FALSE,FALSE,FALSE,,,,,FALSE,,,,,,34,16.3938,120.732,1.24,0b1001111011000000,16.39497651,120.7297805,,1.24,TRUE,outlet,Tm_o;ID_o;Latitude_o;Longitude_o;ECO2LSTE_001_SDS_LST_err_o;QC_bitmask_o;LSTerr_o;Latitude_ref;Longitude_ref,8922,lake_only,kept_main_filled_outlet_from_additional,1,1,,,Binga,binga
49,Binga,2021-12-31T02:28:11Z,37,main_s2mask,37,ECOSTRESS,paired,TRUE,TRUE,TRUE,24.03051758,29.69,5.659482421875001,39,,28.19000244140625,,23.790008544921875,,23.14999389648437,,0.892690599,,70,,70,,,,,,/scratch/mr3882/SEA_dam/LST_processed/sentinel2_water_masks/Binga/ECOSTRESS/Binga_ECOv002_L2T_LSTE_19766_016_50QRD_20211231T022811_0712_01_LST_LST_s2_footprint_water_mask.tif,,,,,,898960,,897910,,1816720,,1815740,,Philippines,107,,2.5,87,,01/01/1960,518.9345703,16.39497651,120.7297805,,,,,,,2021-12-31T02:28:11Z,2021,12,365,2.4697222222222224,10.518374255555557,37,,,FALSE,FALSE,FALSE,FALSE,,,,,FALSE,,,,,,34,16.3938,120.732,1.04,0b1010101011000000,16.39497651,120.7297805,,1.04,TRUE,outlet,Tm_o;ID_o;Latitude_o;Longitude_o;ECO2LSTE_001_SDS_LST_err_o;QC_bitmask_o;LSTerr_o;Latitude_ref;Longitude_ref,8923,lake_only,kept_main_filled_outlet_from_additional,1,1,,,Binga,binga
50,Binga,2022-01-11T21:39:19Z,38,main_s2mask,38,ECOSTRESS,lake_only,TRUE,FALSE,FALSE,16.57940674,,,34,,19.470001220703125,,16.209991455078125,,15.350006103515623,,1.085544229,,70,,70,,,,,,/scratch/mr3882/SEA_dam/LST_processed/sentinel2_water_masks/Binga/ECOSTRESS/Binga_ECOv002_L2T_LSTE_19949_001_51QTU_20220111T213919_0712_01_LST_LST_s2_footprint_water_mask.tif,,,,,,258010,,256960,,1814410,,1813430,,Philippines,107,,2.5,87,,01/01/1960,518.9345703,16.39497651,120.7297805,,,,,,,2022-01-11T21:39:19Z,2022,1,11,21.655277777777776,5.703929811111109,38,,,FALSE,FALSE,FALSE,FALSE,,,,,FALSE,,,,,,,,,,,16.39497651,120.7297805,,,FALSE,none,,,lake_only,kept_unique_main,1,0,,,Binga,binga
51,Binga,2022-01-15T20:04:36Z,39,main_s2mask,39,ECOSTRESS,paired,TRUE,TRUE,TRUE,16.82769775,15.33,-1.497697754,35,,17.790008544921875,,16.80999755859375,,15.730010986328123,,0.495405674,,70,,70,,,,,,/scratch/mr3882/SEA_dam/LST_processed/sentinel2_water_masks/Binga/ECOSTRESS/Binga_ECOv002_L2T_LSTE_20010_005_51QTU_20220115T200436_0712_01_LST_LST_s2_footprint_water_mask.tif,,,,,,258010,,256960,,1814410,,1813430,,Philippines,107,,2.5,87,,01/01/1960,518.9345703,16.39497651,120.7297805,,,,,,,2022-01-15T20:04:36Z,2022,1,15,20.076666666666668,4.125318700000001,39,,,FALSE,FALSE,FALSE,FALSE,,,,,FALSE,,,,,,34,16.3938,120.732,1.12,0b1001111011000000,16.39497651,120.7297805,,1.12,TRUE,outlet,Tm_o;ID_o;Latitude_o;Longitude_o;ECO2LSTE_001_SDS_LST_err_o;QC_bitmask_o;LSTerr_o;Latitude_ref;Longitude_ref,8924,lake_only,kept_main_filled_outlet_from_additional,1,1,,,Binga,binga
52,Binga,2023-01-25T05:42:35Z,40,main_s2mask,40,ECOSTRESS,paired,TRUE,TRUE,TRUE,25.27792358,28.77,3.492076416,38,,29.27001953,,24.66000366210937,,22.86999512,,1.848070502,,70,,70,,,,,,/scratch/mr3882/SEA_dam/LST_processed/sentinel2_water_masks/Binga/ECOSTRESS/Binga_ECOv002_L2T_LSTE_25826_003_50QRD_20230125T054235_0711_02_LST_LST_s2_footprint_water_mask.tif,,,,,,898960,,897910,,1816720,,1815740,,Philippines,107,,2.5,87,,01/01/1960,518.9345703,16.39497651,120.7297805,,,,,,,2023-01-25T05:42:35Z,2023,1,25,5.709722222222222,13.758374255555555,40,,,FALSE,FALSE,FALSE,FALSE,,,,,FALSE,,,,,,34,16.3938,120.732,1.16,0b1001111011000000,16.39497651,120.7297805,,1.16,TRUE,outlet,Tm_o;ID_o;Latitude_o;Longitude_o;ECO2LSTE_001_SDS_LST_err_o;QC_bitmask_o;LSTerr_o;Latitude_ref;Longitude_ref,8925,lake_only,kept_main_filled_outlet_from_additional,1,1,,,Binga,binga
53,Binga,2023-02-13T08:19:57Z,8926,additional_ecostress,42,ECOSTRESS,paired,TRUE,TRUE,TRUE,24.35,27.65,3.299999999999997,,,,,,,,,,,,,,,,,,,,,,,,,,,,,,,,,Philippines,107,,2.5,87,,01/01/1960,518.9345703,16.39497651,120.7297805,,,,,,,2023-02-13T08:19:57Z,2023,2,44,8.3325,16.381152033333333,,42,1,TRUE,FALSE,FALSE,FALSE,1,41,,,FALSE,34,16.3947,120.7275,1.24,0b1001111011000000,34,16.3938,120.732,1.24,0b1001101011000000,16.39497651,120.7297805,1.24,1.24,FALSE,none,,,paired,kept_unique_additional,0,1,additional_ecostress__42,TRUE,Binga,binga
54,Binga,2023-02-13T08:19:58Z,41,main_s2mask,41,ECOSTRESS,lake_only,TRUE,FALSE,FALSE,24.47824097,,,34,,25.92999267578125,,24.279998779296875,,23.39001465,,0.660392046,,70,,70,,,,,,/scratch/mr3882/SEA_dam/LST_processed/sentinel2_water_masks/Binga/ECOSTRESS/Binga_ECOv002_L2T_LSTE_26122_017_50QRD_20230213T081958_0710_01_LST_LST_s2_footprint_water_mask.tif,,,,,,898960,,897910,,1816720,,1815740,,Philippines,107,,2.5,87,,01/01/1960,518.9345703,16.39497651,120.7297805,,,,,,,2023-02-13T08:19:58Z,2023,2,44,8.332777777777778,16.38142981111111,41,,,FALSE,FALSE,FALSE,FALSE,,,,,FALSE,,,,,,,,,,,16.39497651,120.7297805,,,FALSE,none,,,lake_only,kept_unique_main,1,0,,,Binga,binga
55,Binga,2023-02-17T06:42:33Z,8927,additional_ecostress,43,ECOSTRESS,outlet_only,FALSE,TRUE,FALSE,,29.11,,,,,,,,,,,,,,,,,,,,,,,,,,,,,,,,,,Philippines,107,,2.5,87,,01/01/1960,518.9345703,16.39497651,120.7297805,,,,,,,2023-02-17T06:42:33Z,2023,2,48,6.7091666666666665,14.7578187,,43,1,TRUE,FALSE,FALSE,FALSE,1,42,,,FALSE,,,,,,34,16.3938,120.732,1.24,0b1001101011000000,16.39497651,120.7297805,,1.24,FALSE,none,,,outlet_only,kept_unique_additional,0,1,additional_ecostress__43,TRUE,Binga,binga
56,Binga,2023-02-17T06:42:34Z,42,main_s2mask,42,ECOSTRESS,lake_only,TRUE,FALSE,FALSE,24.915802,,,31,,29.92999267578125,,24.42999267578125,,22.80999755859375,,1.630026698,,70,,70,,,,,,/scratch/mr3882/SEA_dam/LST_processed/sentinel2_water_masks/Binga/ECOSTRESS/Binga_ECOv002_L2T_LSTE_26183_021_50QRD_20230217T064234_0711_02_LST_LST_s2_footprint_water_mask.tif,,,,,,898960,,897910,,1816720,,1815740,,Philippines,107,,2.5,87,,01/01/1960,518.9345703,16.39497651,120.7297805,,,,,,,2023-02-17T06:42:34Z,2023,2,48,6.709444444444444,14.758096477777777,42,,,FALSE,FALSE,FALSE,FALSE,,,,,FALSE,,,,,,,,,,,16.39497651,120.7297805,,,FALSE,none,,,lake_only,kept_unique_main,1,0,,,Binga,binga
57,Huai Kum,2019-11-10T14:26:06Z,8928,additional_ecostress,44,ECOSTRESS,paired,TRUE,TRUE,TRUE,20.63,18.37,-2.26,,,,,,,,,,,,,,,,,,,,,,,,,,,,,,,,,Thailand,36,22.24,1.8,22.8,Nam Phrom,01/01/1982,297.1465759,16.412083,101.792083,,,,,,,2019-11-10T14:26:06Z,2019,11,314,14.435,21.221138866666667,,44,0,FALSE,FALSE,FALSE,FALSE,,,,,FALSE,44,16.4115,101.7929,1.2,0b1001101011000000,44,16.4088,101.7938,1.2,0b1001101011000000,16.412083,101.792083,1.2,1.2,FALSE,none,,,paired,kept_unique_additional,0,1,additional_ecostress__44,TRUE,Huai Kum,huaikum
58,Huai Kum,2019-12-11T02:18:47Z,8929,additional_ecostress,45,ECOSTRESS,lake_only,TRUE,FALSE,FALSE,22.59,,,,,,,,,,,,,,,,,,,,,,,,,,,,,,,,,,,Thailand,36,22.24,1.8,22.8,Nam Phrom,01/01/1982,297.1465759,16.412083,101.792083,,,,,,,2019-12-11T02:18:47Z,2019,12,345,2.313055555555555,9.099194422222222,,45,0,FALSE,FALSE,FALSE,FALSE,,,,,FALSE,44,16.4115,101.7929,1.16,0b1001111011000000,,,,,,16.412083,101.792083,1.16,,FALSE,none,,,lake_only,kept_unique_additional,0,1,additional_ecostress__45,TRUE,Huai Kum,huaikum
59,Huai Kum,2020-02-15T00:11:10Z,8930,additional_ecostress,46,ECOSTRESS,lake_only,TRUE,FALSE,FALSE,19.75,,,,,,,,,,,,,,,,,,,,,,,,,,,,,,,,,,,Thailand,36,22.24,1.8,22.8,Nam Phrom,01/01/1982,297.1465759,16.412083,101.792083,,,,,,,2020-02-15T00:11:10Z,2020,2,46,0.1861111111111111,6.9722499777777776,,46,0,FALSE,FALSE,FALSE,FALSE,,,,,FALSE,44,16.4115,101.7929,1.4,0b1001111011000000,,,,,,16.412083,101.792083,1.4,,FALSE,none,,,lake_only,kept_unique_additional,0,1,additional_ecostress__46,TRUE,Huai Kum,huaikum
60,Huai Kum,2020-02-26T19:30:09Z,8931,additional_ecostress,47,ECOSTRESS,paired,TRUE,TRUE,TRUE,21.37,21.21,-0.16,,,,,,,,,,,,,,,,,,,,,,,,,,,,,,,,,Thailand,36,22.24,1.8,22.8,Nam Phrom,01/01/1982,297.1465759,16.412083,101.792083,,,,,,,2020-02-26T19:30:09Z,2020,2,57,19.5025,2.288638866666666,,47,0,FALSE,FALSE,FALSE,FALSE,,,,,FALSE,44,16.4115,101.7929,1.36,0b1001111011000000,44,16.4088,101.7938,1.36,0b1001111011000000,16.412083,101.792083,1.36,1.36,FALSE,none,,,paired,kept_unique_additional,0,1,additional_ecostress__47,TRUE,Huai Kum,huaikum
61,Huai Kum,2022-01-05T01:37:37Z,8932,additional_ecostress,48,ECOSTRESS,paired,TRUE,TRUE,TRUE,21.69,20.65,-1.04,,,,,,,,,,,,,,,,,,,,,,,,,,,,,,,,,Thailand,36,22.24,1.8,22.8,Nam Phrom,01/01/1982,297.1465759,16.412083,101.792083,,,,,,,2022-01-05T01:37:37Z,2022,1,5,1.6269444444444443,8.413083311,,48,0,FALSE,FALSE,FALSE,FALSE,,,,,FALSE,44,16.4115,101.7929,1.24,0b1001111011000000,44,16.4088,101.7938,1.24,0b1001101011000000,16.412083,101.792083,1.24,1.24,FALSE,none,,,paired,kept_unique_additional,0,1,additional_ecostress__48,TRUE,Huai Kum,huaikum
62,Huai Kum,2023-01-14T21:10:56Z,8933,additional_ecostress,49,ECOSTRESS,paired,TRUE,TRUE,TRUE,18.83,19.19,0.36,,,,,,,,,,,,,,,,,,,,,,,,,,,,,,,,,Thailand,36,22.24,1.8,22.8,Nam Phrom,01/01/1982,297.1465759,16.412083,101.792083,,,,,,,2023-01-14T21:10:56Z,2023,1,14,21.182222222222222,3.9683610888888894,,49,0,FALSE,FALSE,FALSE,FALSE,,,,,FALSE,44,16.4115,101.7929,0.92,0b1110101011000000,44,16.4088,101.7938,0.92,0b1110101011000000,16.412083,101.792083,0.92,0.92,FALSE,none,,,paired,kept_unique_additional,0,1,additional_ecostress__49,TRUE,Huai Kum,huaikum
63,Huai Kum,2023-01-22T08:04:22Z,8934,additional_ecostress,50,ECOSTRESS,lake_only,TRUE,FALSE,FALSE,22.27,,,,,,,,,,,,,,,,,,,,,,,,,,,,,,,,,,,Thailand,36,22.24,1.8,22.8,Nam Phrom,01/01/1982,297.1465759,16.412083,101.792083,,,,,,,2023-01-22T08:04:22Z,2023,1,22,8.072777777777777,14.858916644444443,,50,0,FALSE,FALSE,FALSE,FALSE,,,,,FALSE,44,16.4115,101.7929,0.92,0b1110101011000000,,,,,,16.412083,101.792083,0.92,,FALSE,none,,,lake_only,kept_unique_additional,0,1,additional_ecostress__50,TRUE,Huai Kum,huaikum
64,Huai Kum,2023-02-25T18:25:44Z,8935,additional_ecostress,51,ECOSTRESS,paired,TRUE,TRUE,TRUE,15.77,16.69,0.9200000000000016,,,,,,,,,,,,,,,,,,,,,,,,,,,,,,,,,Thailand,36,22.24,1.8,22.8,Nam Phrom,01/01/1982,297.1465759,16.412083,101.792083,,,,,,,2023-02-25T18:25:44Z,2023,2,56,18.42888888888889,1.215027755555553,,51,0,FALSE,FALSE,FALSE,FALSE,,,,,FALSE,44,16.4115,101.7929,1.24,0b1001111011000000,44,16.4088,101.7938,1.24,0b1001111011000000,16.412083,101.792083,1.24,1.24,FALSE,none,,,paired,kept_unique_additional,0,1,additional_ecostress__51,TRUE,Huai Kum,huaikum
65,Huai Kum,2019-11-10T14:26:06Z,43,main_s2mask,43,ECOSTRESS,lake_only,TRUE,FALSE,FALSE,20.99252319,,,16,,21.80999755859375,,21.120025634765625,,20.01000977,,0.5733096,,70,,70,,,,,,/scratch/mr3882/SEA_dam/LST_processed/sentinel2_water_masks/HuaiKum/ECOSTRESS/HuaiKum_ECOv002_L2T_LSTE_07640_004_47QQU_20191110T142606_0712_02_LST_LST_s2_footprint_water_mask.tif,,,,,,798730,,797960,,1816930,,1815880,,,,,,,,,297.1465759,16.412083,101.792083,,,,,,,2019-11-10T14:26:06Z,2019,11,314,14.435,14.435,43,,,FALSE,FALSE,FALSE,FALSE,,,,,FALSE,,,,,,,,,,,16.412083,101.792083,,,FALSE,none,,,lake_only,kept_unique_main,1,0,,,HuaiKum,huaikum
66,Huai Kum,2019-12-11T02:18:47Z,44,main_s2mask,44,ECOSTRESS,lake_only,TRUE,FALSE,FALSE,22.69500732,,,8,,22.95001220703125,,22.82000732421875,,22.350006103515625,,0.259397119,,70,,70,,,,,,/scratch/mr3882/SEA_dam/LST_processed/sentinel2_water_masks/HuaiKum/ECOSTRESS/HuaiKum_ECOv002_L2T_LSTE_08113_004_47QQU_20191211T021847_0712_01_LST_LST_s2_footprint_water_mask.tif,,,,,,798730,,797960,,1816930,,1815880,,,,,,,,,297.1465759,16.412083,101.792083,,,,,,,2019-12-11T02:18:47Z,2019,12,345,2.313055555555555,2.313055555555555,44,,,FALSE,FALSE,FALSE,FALSE,,,,,FALSE,,,,,,,,,,,16.412083,101.792083,,,FALSE,none,,,lake_only,kept_unique_main,1,0,,,HuaiKum,huaikum
67,Huai Kum,2020-02-15T00:11:10Z,45,main_s2mask,45,ECOSTRESS,lake_only,TRUE,FALSE,FALSE,21.1925354,,,16,,22.350006103515625,,21.470001220703125,,20.230010986328125,,0.639662683,,70,,70,,,,,,/scratch/mr3882/SEA_dam/LST_processed/sentinel2_water_masks/HuaiKum/ECOSTRESS/HuaiKum_ECOv002_L2T_LSTE_09135_005_47QQU_20200215T001110_0712_01_LST_LST_s2_footprint_water_mask.tif,,,,,,798730,,797960,,1816930,,1815880,,,,,,,,,297.1465759,16.412083,101.792083,,,,,,,2020-02-15T00:11:10Z,2020,2,46,0.1861111111111111,0.1861111111111111,45,,,FALSE,FALSE,FALSE,FALSE,,,,,FALSE,,,,,,,,,,,16.412083,101.792083,,,FALSE,none,,,lake_only,kept_unique_main,1,0,,,HuaiKum,huaikum
68,Huai Kum,2020-02-26T19:30:10Z,46,main_s2mask,46,ECOSTRESS,lake_only,TRUE,FALSE,FALSE,22.80252075,,,16,,24.550018310546875,,22.64999389648437,,21.42999267578125,,0.975401342,,70,,70,,,,,,/scratch/mr3882/SEA_dam/LST_processed/sentinel2_water_masks/HuaiKum/ECOSTRESS/HuaiKum_ECOv002_L2T_LSTE_09318_001_47QQU_20200226T193010_0712_01_LST_LST_s2_footprint_water_mask.tif,,,,,,798730,,797960,,1816930,,1815880,,,,,,,,,297.1465759,16.412083,101.792083,,,,,,,2020-02-26T19:30:10Z,2020,2,57,19.502777777777776,19.502777777777776,46,,,FALSE,FALSE,FALSE,FALSE,,,,,FALSE,,,,,,,,,,,16.412083,101.792083,,,FALSE,none,,,lake_only,kept_unique_main,1,0,,,HuaiKum,huaikum
69,Huai Kum,2022-01-05T01:37:37Z,47,main_s2mask,47,ECOSTRESS,lake_only,TRUE,FALSE,FALSE,22.39779663,,,18,,23.14999389648437,,22.540008544921875,,20.990020751953125,,0.609073102,,70,,70,,,,,,/scratch/mr3882/SEA_dam/LST_processed/sentinel2_water_masks/HuaiKum/ECOSTRESS/HuaiKum_ECOv002_L2T_LSTE_19843_022_47QQU_20220105T013737_0712_01_LST_LST_s2_footprint_water_mask.tif,,,,,,798730,,797960,,1816930,,1815880,,,,,,,,,297.1465759,16.412083,101.792083,,,,,,,2022-01-05T01:37:37Z,2022,1,5,1.6269444444444443,1.6269444444444443,47,,,FALSE,FALSE,FALSE,FALSE,,,,,FALSE,,,,,,,,,,,16.412083,101.792083,,,FALSE,none,,,lake_only,kept_unique_main,1,0,,,HuaiKum,huaikum
70,Huai Kum,2023-01-14T21:10:56Z,48,main_s2mask,48,ECOSTRESS,lake_only,TRUE,FALSE,FALSE,21.72000122,,,18,,23.41000366210937,,21.93002319335937,,19.990020751953125,,1.006292701,,70,,70,,,,,,/scratch/mr3882/SEA_dam/LST_processed/sentinel2_water_masks/HuaiKum/ECOSTRESS/HuaiKum_ECOv002_L2T_LSTE_25665_009_47QQU_20230114T211056_0710_01_LST_LST_s2_footprint_water_mask.tif,,,,,,798730,,797960,,1816930,,1815880,,,,,,,,,297.1465759,16.412083,101.792083,,,,,,,2023-01-14T21:10:56Z,2023,1,14,21.182222222222222,21.182222222222222,48,,,FALSE,FALSE,FALSE,FALSE,,,,,FALSE,,,,,,,,,,,16.412083,101.792083,,,FALSE,none,,,lake_only,kept_unique_main,1,0,,,HuaiKum,huaikum
71,Huai Kum,2023-01-22T08:04:22Z,49,main_s2mask,49,ECOSTRESS,lake_only,TRUE,FALSE,FALSE,22.51535034,,,15,,23.19000244140625,,22.529998779296875,,22.19000244140625,,0.285601377,,70,,70,,,,,,/scratch/mr3882/SEA_dam/LST_processed/sentinel2_water_masks/HuaiKum/ECOSTRESS/HuaiKum_ECOv002_L2T_LSTE_25781_004_47QQU_20230122T080422_0710_01_LST_LST_s2_footprint_water_mask.tif,,,,,,798730,,797960,,1816930,,1815880,,,,,,,,,297.1465759,16.412083,101.792083,,,,,,,2023-01-22T08:04:22Z,2023,1,22,8.072777777777777,8.072777777777777,49,,,FALSE,FALSE,FALSE,FALSE,,,,,FALSE,,,,,,,,,,,16.412083,101.792083,,,FALSE,none,,,lake_only,kept_unique_main,1,0,,,HuaiKum,huaikum
72,Huai Kum,2023-02-25T18:25:44Z,50,main_s2mask,50,ECOSTRESS,lake_only,TRUE,FALSE,FALSE,22.02468872,,,15,,22.83001708984375,,22.25,,20.95001220703125,,0.56762296,,70,,70,,,,,,/scratch/mr3882/SEA_dam/LST_processed/sentinel2_water_masks/HuaiKum/ECOSTRESS/HuaiKum_ECOv002_L2T_LSTE_26315_005_47QQU_20230225T182544_0711_02_LST_LST_s2_footprint_water_mask.tif,,,,,,798730,,797960,,1816930,,1815880,,,,,,,,,297.1465759,16.412083,101.792083,,,,,,,2023-02-25T18:25:44Z,2023,2,56,18.42888888888889,18.42888888888889,50,,,FALSE,FALSE,FALSE,FALSE,,,,,FALSE,,,,,,,,,,,16.412083,101.792083,,,FALSE,none,,,lake_only,kept_unique_main,1,0,,,HuaiKum,huaikum
73,Khao Laem,2019-12-07T03:55:23Z,8936,additional_ecostress,52,ECOSTRESS,outlet_only,FALSE,TRUE,FALSE,,25.93,,,,,,,,,,,,,,,,,,,,,,,,,,,,,,,,,,Thailand,92,3611.44,292.3,8860,Quae Noi,01/01/1985,80.66225433,14.799583,98.59625,,,,,,,2019-12-07T03:55:23Z,2019,12,341,3.923055555555555,10.496138888888888,,52,0,FALSE,FALSE,FALSE,FALSE,,,,,FALSE,,,,,,45,14.789,98.6072,1.04,0b1010111011000000,14.799583,98.59625,,1.04,FALSE,none,,,outlet_only,kept_unique_additional,0,1,additional_ecostress__52,TRUE,Khao Laem,khaolaem
74,Khao Laem,2019-12-14T01:29:35Z,8937,additional_ecostress,53,ECOSTRESS,paired,TRUE,TRUE,TRUE,23.63,18.25,-5.38,,,,,,,,,,,,,,,,,,,,,,,,,,,,,,,,,Thailand,92,3611.44,292.3,8860,Quae Noi,01/01/1985,80.66225433,14.799583,98.59625,,,,,,,2019-12-14T01:29:35Z,2019,12,348,1.4930555555555556,8.066138888888888,,53,0,FALSE,FALSE,FALSE,FALSE,,,,,FALSE,45,14.8016,98.5954,1.36,0b1001101011000000,45,14.789,98.6072,1.36,0b1001101011000000,14.799583,98.59625,1.36,1.36,FALSE,none,,,paired,kept_unique_additional,0,1,additional_ecostress__53,TRUE,Khao Laem,khaolaem
75,Khao Laem,2020-03-08T15:35:39Z,8938,additional_ecostress,54,ECOSTRESS,paired,TRUE,TRUE,TRUE,27.47,23.89,-3.58,,,,,,,,,,,,,,,,,,,,,,,,,,,,,,,,,Thailand,92,3611.44,292.3,8860,Quae Noi,01/01/1985,80.66225433,14.799583,98.59625,,,,,,,2020-03-08T15:35:39Z,2020,3,68,15.594166666666668,22.167250000000003,,54,0,FALSE,FALSE,FALSE,FALSE,,,,,FALSE,45,14.8016,98.5954,1.28,0b1001111011000000,45,14.789,98.6072,1.28,0b1001111011000000,14.799583,98.59625,1.28,1.28,FALSE,none,,,paired,kept_unique_additional,0,1,additional_ecostress__54,TRUE,Khao Laem,khaolaem
76,Khao Laem,2022-01-23T18:27:15Z,8939,additional_ecostress,55,ECOSTRESS,paired,TRUE,TRUE,TRUE,24.35,19.41,-4.94,,,,,,,,,,,,,,,,,,,,,,,,,,,,,,,,,Thailand,92,3611.44,292.3,8860,Quae Noi,01/01/1985,80.66225433,14.799583,98.59625,,,,,,,2022-01-23T18:27:15Z,2022,1,23,18.454166666666666,1.0272499999999989,,55,0,FALSE,FALSE,FALSE,FALSE,,,,,FALSE,45,14.8016,98.5954,1.32,0b1001101011000000,45,14.789,98.6072,1.32,0b1001101011000000,14.799583,98.59625,1.32,1.32,FALSE,none,,,paired,kept_unique_additional,0,1,additional_ecostress__55,TRUE,Khao Laem,khaolaem
77,Khao Laem,2022-01-24T07:46:53Z,8940,additional_ecostress,56,ECOSTRESS,paired,TRUE,TRUE,TRUE,31.25,31.49,0.2399999999999984,,,,,,,,,,,,,,,,,,,,,,,,,,,,,,,,,Thailand,92,3611.44,292.3,8860,Quae Noi,01/01/1985,80.66225433,14.799583,98.59625,,,,,,,2022-01-24T07:46:53Z,2022,1,24,7.781388888888888,14.35447222222222,,56,0,FALSE,FALSE,FALSE,FALSE,,,,,FALSE,45,14.8016,98.5954,1.24,0b1001101011000000,45,14.789,98.6072,1.28,0b1001111011000000,14.799583,98.59625,1.24,1.28,FALSE,none,,,paired,kept_unique_additional,0,1,additional_ecostress__56,TRUE,Khao Laem,khaolaem
78,Khao Laem,2023-01-21T18:44:52Z,8941,additional_ecostress,57,ECOSTRESS,paired,TRUE,TRUE,TRUE,24.83,18.69,-6.14,,,,,,,,,,,,,,,,,,,,,,,,,,,,,,,,,Thailand,92,3611.44,292.3,8860,Quae Noi,01/01/1985,80.66225433,14.799583,98.59625,,,,,,,2023-01-21T18:44:52Z,2023,1,21,18.747777777777777,1.3208611111111104,,57,0,FALSE,FALSE,FALSE,FALSE,,,,,FALSE,45,14.8016,98.5954,1.08,0b1001101011000000,45,14.789,98.6072,1.08,0b1001101011000000,14.799583,98.59625,1.08,1.08,FALSE,none,,,paired,kept_unique_additional,0,1,additional_ecostress__57,TRUE,Khao Laem,khaolaem
79,Khao Laem,2023-01-22T08:03:30Z,8942,additional_ecostress,58,ECOSTRESS,paired,TRUE,TRUE,TRUE,27.37,29.99,2.619999999999997,,,,,,,,,,,,,,,,,,,,,,,,,,,,,,,,,Thailand,92,3611.44,292.3,8860,Quae Noi,01/01/1985,80.66225433,14.799583,98.59625,,,,,,,2023-01-22T08:03:30Z,2023,1,22,8.058333333333334,14.631416666666668,,58,0,FALSE,FALSE,FALSE,FALSE,,,,,FALSE,45,14.8016,98.5954,1.12,0b1010111011000000,45,14.789,98.6072,1.12,0b1010111011000000,14.799583,98.59625,1.12,1.12,FALSE,none,,,paired,kept_unique_additional,0,1,additional_ecostress__58,TRUE,Khao Laem,khaolaem
80,Khao Laem,2023-02-25T18:24:52Z,8943,additional_ecostress,59,ECOSTRESS,paired,TRUE,TRUE,TRUE,17.79,18.75,0.9600000000000009,,,,,,,,,,,,,,,,,,,,,,,,,,,,,,,,,Thailand,92,3611.44,292.3,8860,Quae Noi,01/01/1985,80.66225433,14.799583,98.59625,,,,,,,2023-02-25T18:24:52Z,2023,2,56,18.41444444444444,0.9875277777777748,,59,0,FALSE,FALSE,FALSE,FALSE,,,,,FALSE,45,14.8016,98.5954,1.32,0b1001111011000000,45,14.789,98.6072,1.32,0b1001111011000000,14.799583,98.59625,1.32,1.32,FALSE,none,,,paired,kept_unique_additional,0,1,additional_ecostress__59,TRUE,Khao Laem,khaolaem
81,Khao Laem,2019-12-14T01:29:35Z,51,main_s2mask,51,ECOSTRESS,lake_only,TRUE,FALSE,FALSE,24.0921936,,,64,,24.730010986328125,,24.250030517578125,,22.17001342773437,,0.518436611,,70,,70,,,,,,/scratch/mr3882/SEA_dam/LST_processed/sentinel2_water_masks/KhaoLaem/ECOSTRESS/KhaoLaem_ECOv002_L2T_LSTE_08159_001_47PMS_20191214T012935_0712_01_LST_LST_s2_footprint_water_mask.tif,,,,,,457220,,456100,,1636690,,1635640,,,,,,,,,80.66225433,14.799583,98.59625,,,,,,,2019-12-14T01:29:35Z,2019,12,348,1.4930555555555556,1.4930555555555556,51,,,FALSE,FALSE,FALSE,FALSE,,,,,FALSE,,,,,,,,,,,14.799583,98.59625,,,FALSE,none,,,lake_only,kept_unique_main,1,0,,,KhaoLaem,khaolaem
82,Khao Laem,2020-03-08T15:35:39Z,52,main_s2mask,52,ECOSTRESS,lake_only,TRUE,FALSE,FALSE,27.88259888,,,65,,28.290008544921875,,27.89001465,,27.17001342773437,,0.233627886,,70,,70,,,,,,/scratch/mr3882/SEA_dam/LST_processed/sentinel2_water_masks/KhaoLaem/ECOSTRESS/KhaoLaem_ECOv002_L2T_LSTE_09486_003_47PMS_20200308T153539_0712_01_LST_LST_s2_footprint_water_mask.tif,,,,,,457220,,456100,,1636690,,1635640,,,,,,,,,80.66225433,14.799583,98.59625,,,,,,,2020-03-08T15:35:39Z,2020,3,68,15.594166666666668,15.594166666666668,52,,,FALSE,FALSE,FALSE,FALSE,,,,,FALSE,,,,,,,,,,,14.799583,98.59625,,,FALSE,none,,,lake_only,kept_unique_main,1,0,,,KhaoLaem,khaolaem
83,Khao Laem,2022-01-23T18:27:15Z,53,main_s2mask,53,ECOSTRESS,lake_only,TRUE,FALSE,FALSE,24.29690552,,,64,,25.110015869140625,,24.550018310546875,,21.790008544921875,,0.798706949,,70,,70,,,,,,/scratch/mr3882/SEA_dam/LST_processed/sentinel2_water_masks/KhaoLaem/ECOSTRESS/KhaoLaem_ECOv002_L2T_LSTE_20133_006_47PMS_20220123T182715_0712_01_LST_LST_s2_footprint_water_mask.tif,,,,,,457220,,456100,,1636690,,1635640,,,,,,,,,80.66225433,14.799583,98.59625,,,,,,,2022-01-23T18:27:15Z,2022,1,23,18.454166666666666,18.454166666666666,53,,,FALSE,FALSE,FALSE,FALSE,,,,,FALSE,,,,,,,,,,,14.799583,98.59625,,,FALSE,none,,,lake_only,kept_unique_main,1,0,,,KhaoLaem,khaolaem
84,Khao Laem,2022-01-24T07:46:54Z,54,main_s2mask,54,ECOSTRESS,lake_only,TRUE,FALSE,FALSE,34.15283203,,,63,,40.39001465,,34.850006103515625,,28.80999755859375,,3.398581266,,70,,70,,,,,,/scratch/mr3882/SEA_dam/LST_processed/sentinel2_water_masks/KhaoLaem/ECOSTRESS/KhaoLaem_ECOv002_L2T_LSTE_20142_004_47PMS_20220124T074654_0712_02_LST_LST_s2_footprint_water_mask.tif,,,,,,457220,,456100,,1636690,,1635640,,,,,,,,,80.66225433,14.799583,98.59625,,,,,,,2022-01-24T07:46:54Z,2022,1,24,7.781666666666666,7.781666666666666,54,,,FALSE,FALSE,FALSE,FALSE,,,,,FALSE,,,,,,,,,,,14.799583,98.59625,,,FALSE,none,,,lake_only,kept_unique_main,1,0,,,KhaoLaem,khaolaem
85,Khao Laem,2023-01-21T18:44:52Z,55,main_s2mask,55,ECOSTRESS,lake_only,TRUE,FALSE,FALSE,24.37454224,,,62,,25.30999755859375,,24.69000244140625,,22.25,,0.808977723,,70,,70,,,,,,/scratch/mr3882/SEA_dam/LST_processed/sentinel2_water_masks/KhaoLaem/ECOSTRESS/KhaoLaem_ECOv002_L2T_LSTE_25772_010_47PMS_20230121T184452_0711_02_LST_LST_s2_footprint_water_mask.tif,,,,,,457220,,456100,,1636690,,1635640,,,,,,,,,80.66225433,14.799583,98.59625,,,,,,,2023-01-21T18:44:52Z,2023,1,21,18.747777777777777,18.747777777777777,55,,,FALSE,FALSE,FALSE,FALSE,,,,,FALSE,,,,,,,,,,,14.799583,98.59625,,,FALSE,none,,,lake_only,kept_unique_main,1,0,,,KhaoLaem,khaolaem
86,Khao Laem,2023-01-22T08:03:30Z,56,main_s2mask,56,ECOSTRESS,lake_only,TRUE,FALSE,FALSE,31.46170044,,,60,,36.89001465,,32.779998779296875,,26.110015869140625,,3.369892597,,70,,70,,,,,,/scratch/mr3882/SEA_dam/LST_processed/sentinel2_water_masks/KhaoLaem/ECOSTRESS/KhaoLaem_ECOv002_L2T_LSTE_25781_003_47PMS_20230122T080330_0711_02_LST_LST_s2_footprint_water_mask.tif,,,,,,457220,,456100,,1636690,,1635640,,,,,,,,,80.66225433,14.799583,98.59625,,,,,,,2023-01-22T08:03:30Z,2023,1,22,8.058333333333334,8.058333333333334,56,,,FALSE,FALSE,FALSE,FALSE,,,,,FALSE,,,,,,,,,,,14.799583,98.59625,,,FALSE,none,,,lake_only,kept_unique_main,1,0,,,KhaoLaem,khaolaem
87,Khao Laem,2023-02-25T18:24:52Z,57,main_s2mask,57,ECOSTRESS,lake_only,TRUE,FALSE,FALSE,24.62384033,,,68,,25.790008544921875,,24.600006103515625,,23.589996337890625,,0.63392067,,70,,70,,,,,,/scratch/mr3882/SEA_dam/LST_processed/sentinel2_water_masks/KhaoLaem/ECOSTRESS/KhaoLaem_ECOv002_L2T_LSTE_26315_004_47PMS_20230225T182452_0711_02_LST_LST_s2_footprint_water_mask.tif,,,,,,457220,,456100,,1636690,,1635640,,,,,,,,,80.66225433,14.799583,98.59625,,,,,,,2023-02-25T18:24:52Z,2023,2,56,18.41444444444444,18.41444444444444,57,,,FALSE,FALSE,FALSE,FALSE,,,,,FALSE,,,,,,,,,,,14.799583,98.59625,,,FALSE,none,,,lake_only,kept_unique_main,1,0,,,KhaoLaem,khaolaem
88,Kinda,2019-12-09T03:56:17Z,58,main_s2mask,58,ECOSTRESS,paired,TRUE,TRUE,TRUE,24.47073364,26.51,2.039266357421901,59,,27.95001220703125,,24.209991455078125,,23.91000366210937,,0.789028883,,70,,70,,,,,,/scratch/mr3882/SEA_dam/LST_processed/sentinel2_water_masks/Kinda/ECOSTRESS/Kinda_ECOv002_L2T_LSTE_08083_002_46QHJ_20191209T035617_0712_01_LST_LST_s2_footprint_water_mask.tif,,,,,,845480,,844360,,2344140,,2343160,,Myanmar,71.9,24308.95,14.5,871,Panlaung Chaung,01/01/2013,155.2270813,21.160437,96.321037,,,,,procurement.dhpi@moep.gov.mm,,2019-12-09T03:56:17Z,2019,12,343,3.938055555555555,10.359458022222222,58,,,FALSE,FALSE,FALSE,FALSE,,,,,FALSE,,,,,,60,21.163,96.3238,1.2,0b1001111011000000,21.160437,96.321037,,1.2,TRUE,outlet,Tm_o;ID_o;Latitude_o;Longitude_o;ECO2LSTE_001_SDS_LST_err_o;QC_bitmask_o;LSTerr_o;Latitude_ref;Longitude_ref,8944,lake_only,kept_main_filled_outlet_from_additional,1,1,,,Kinda,kinda
89,Kinda,2019-12-13T02:19:00Z,59,main_s2mask,59,ECOSTRESS,paired,TRUE,TRUE,TRUE,23.10083008,21.07,-2.030830078,59,,23.490020751953125,,23.110015869140625,,22.51000977,,0.193598539,,70,,70,,,,,,/scratch/mr3882/SEA_dam/LST_processed/sentinel2_water_masks/Kinda/ECOSTRESS/Kinda_ECOv002_L2T_LSTE_08144_002_46QHJ_20191213T021900_0712_01_LST_LST_s2_footprint_water_mask.tif,,,,,,845480,,844360,,2344140,,2343160,,Myanmar,71.9,24308.95,14.5,871,Panlaung Chaung,01/01/2013,155.2270813,21.160437,96.321037,,,,,procurement.dhpi@moep.gov.mm,,2019-12-13T02:19:00Z,2019,12,347,2.3166666666666664,8.738069133333333,59,,,FALSE,FALSE,FALSE,FALSE,,,,,FALSE,,,,,,60,21.163,96.3238,1.04,0b1010101011000000,21.160437,96.321037,,1.04,TRUE,outlet,Tm_o;ID_o;Latitude_o;Longitude_o;ECO2LSTE_001_SDS_LST_err_o;QC_bitmask_o;LSTerr_o;Latitude_ref;Longitude_ref,8945,lake_only,kept_main_filled_outlet_from_additional,1,1,,,Kinda,kinda
90,Kinda,2019-12-17T00:41:33Z,60,main_s2mask,60,ECOSTRESS,paired,TRUE,TRUE,TRUE,22.48187256,15.35,-7.131872559,59,,23.19000244140625,,22.730010986328125,,19.91000366210937,,0.749348104,,70,,70,,,,,,/scratch/mr3882/SEA_dam/LST_processed/sentinel2_water_masks/Kinda/ECOSTRESS/Kinda_ECOv002_L2T_LSTE_08205_002_46QHJ_20191217T004133_0712_01_LST_LST_s2_footprint_water_mask.tif,,,,,,845480,,844360,,2344140,,2343160,,Myanmar,71.9,24308.95,14.5,871,Panlaung Chaung,01/01/2013,155.2270813,21.160437,96.321037,,,,,procurement.dhpi@moep.gov.mm,,2019-12-17T00:41:33Z,2019,12,351,0.6925,7.113902466666667,60,,,FALSE,FALSE,FALSE,FALSE,,,,,FALSE,,,,,,60,21.163,96.3238,1.04,0b1010101011000000,21.160437,96.321037,,1.04,TRUE,outlet,Tm_o;ID_o;Latitude_o;Longitude_o;ECO2LSTE_001_SDS_LST_err_o;QC_bitmask_o;LSTerr_o;Latitude_ref;Longitude_ref,8946,lake_only,kept_main_filled_outlet_from_additional,1,1,,,Kinda,kinda
91,Kinda,2019-12-20T23:04:23Z,61,main_s2mask,61,ECOSTRESS,paired,TRUE,TRUE,TRUE,22.39337158,17.37,-5.023371582,59,,23.01000977,,22.589996337890625,,20.80999755859375,,0.561305523,,70,,70,,,,,,/scratch/mr3882/SEA_dam/LST_processed/sentinel2_water_masks/Kinda/ECOSTRESS/Kinda_ECOv002_L2T_LSTE_08266_002_46QHJ_20191220T230423_0712_01_LST_LST_s2_footprint_water_mask.tif,,,,,,845480,,844360,,2344140,,2343160,,Myanmar,71.9,24308.95,14.5,871,Panlaung Chaung,01/01/2013,155.2270813,21.160437,96.321037,,,,,procurement.dhpi@moep.gov.mm,,2019-12-20T23:04:23Z,2019,12,354,23.073055555555555,5.494458022222222,61,,,FALSE,FALSE,FALSE,FALSE,,,,,FALSE,,,,,,60,21.163,96.3238,1.2,0b1001111011000000,21.160437,96.321037,,1.2,TRUE,outlet,Tm_o;ID_o;Latitude_o;Longitude_o;ECO2LSTE_001_SDS_LST_err_o;QC_bitmask_o;LSTerr_o;Latitude_ref;Longitude_ref,8947,lake_only,kept_main_filled_outlet_from_additional,1,1,,,Kinda,kinda
92,Kinda,2019-12-24T21:27:08Z,62,main_s2mask,62,ECOSTRESS,paired,TRUE,TRUE,TRUE,21.97070313,17.81,-4.160703125,59,,22.75,,22.25,,20.19000244140625,,0.633556128,,70,,70,,,,,,/scratch/mr3882/SEA_dam/LST_processed/sentinel2_water_masks/Kinda/ECOSTRESS/Kinda_ECOv002_L2T_LSTE_08327_002_46QHJ_20191224T212708_0712_01_LST_LST_s2_footprint_water_mask.tif,,,,,,845480,,844360,,2344140,,2343160,,Myanmar,71.9,24308.95,14.5,871,Panlaung Chaung,01/01/2013,155.2270813,21.160437,96.321037,,,,,procurement.dhpi@moep.gov.mm,,2019-12-24T21:27:08Z,2019,12,358,21.452222222222225,3.873624688888889,62,,,FALSE,FALSE,FALSE,FALSE,,,,,FALSE,,,,,,60,21.163,96.3238,1.36,0b1001111011000000,21.160437,96.321037,,1.36,TRUE,outlet,Tm_o;ID_o;Latitude_o;Longitude_o;ECO2LSTE_001_SDS_LST_err_o;QC_bitmask_o;LSTerr_o;Latitude_ref;Longitude_ref,8948,lake_only,kept_main_filled_outlet_from_additional,1,1,,,Kinda,kinda
93,Kinda,2020-01-12T14:19:07Z,8949,additional_ecostress,65,ECOSTRESS,paired,TRUE,TRUE,TRUE,20.81,19.17,-1.64,,,,,,,,,,,,,,,,,,,,,,,,,,,,,,,,,Myanmar,71.9,24308.95,14.5,871,Panlaung Chaung,01/01/2013,155.2270813,21.160437,96.321037,,,,,procurement.dhpi@moep.gov.mm,,2020-01-12T14:19:07Z,2020,1,12,14.31861111111111,20.740013577777777,,65,1,TRUE,FALSE,FALSE,FALSE,1,63,,,FALSE,60,21.1608,96.3189,1.16,0b1001101011000000,60,21.163,96.3238,1.16,0b1001101011000000,21.160437,96.321037,1.16,1.16,FALSE,none,,,paired,kept_unique_additional,0,1,additional_ecostress__65,TRUE,Kinda,kinda
94,Kinda,2020-01-12T14:19:08Z,63,main_s2mask,63,ECOSTRESS,lake_only,TRUE,FALSE,FALSE,21.76132202,,,60,,22.14999389648437,,21.75,,21.14999389648437,,0.226434365,,70,,70,,,,,,/scratch/mr3882/SEA_dam/LST_processed/sentinel2_water_masks/Kinda/ECOSTRESS/Kinda_ECOv002_L2T_LSTE_08617_002_47QKD_20200112T141908_0712_01_LST_LST_s2_footprint_water_mask.tif,,,,,,222380,,221260,,2342880,,2341900,,Myanmar,71.9,24308.95,14.5,871,Panlaung Chaung,01/01/2013,155.2270813,21.160437,96.321037,,,,,procurement.dhpi@moep.gov.mm,,2020-01-12T14:19:08Z,2020,1,12,14.318888888888887,20.74029135555556,63,,,FALSE,FALSE,FALSE,FALSE,,,,,FALSE,,,,,,,,,,,21.160437,96.321037,,,FALSE,none,,,lake_only,kept_unique_main,1,0,,,Kinda,kinda
95,Kinda,2020-01-20T11:08:46Z,8950,additional_ecostress,66,ECOSTRESS,paired,TRUE,TRUE,TRUE,22.33,24.89,2.5600000000000023,,,,,,,,,,,,,,,,,,,,,,,,,,,,,,,,,Myanmar,71.9,24308.95,14.5,871,Panlaung Chaung,01/01/2013,155.2270813,21.160437,96.321037,,,,,procurement.dhpi@moep.gov.mm,,2020-01-20T11:08:46Z,2020,1,20,11.14611111111111,17.567513577777778,,66,1,TRUE,FALSE,FALSE,FALSE,1,64,,,FALSE,60,21.1608,96.3189,1.08,0b1001111011000000,60,21.163,96.3238,1.08,0b1001111011000000,21.160437,96.321037,1.08,1.08,FALSE,none,,,paired,kept_unique_additional,0,1,additional_ecostress__66,TRUE,Kinda,kinda
96,Kinda,2020-01-20T11:08:47Z,64,main_s2mask,64,ECOSTRESS,lake_only,TRUE,FALSE,FALSE,23.62756348,,,49,,25.610015869140625,,23.30999755859375,,22.589996337890625,,0.737423778,,70,,70,,,,,,/scratch/mr3882/SEA_dam/LST_processed/sentinel2_water_masks/Kinda/ECOSTRESS/Kinda_ECOv002_L2T_LSTE_08739_002_47QKD_20200120T110847_0712_01_LST_LST_s2_footprint_water_mask.tif,,,,,,222380,,221260,,2342880,,2341900,,Myanmar,71.9,24308.95,14.5,871,Panlaung Chaung,01/01/2013,155.2270813,21.160437,96.321037,,,,,procurement.dhpi@moep.gov.mm,,2020-01-20T11:08:47Z,2020,1,20,11.146388888888888,17.567791355555556,64,,,FALSE,FALSE,FALSE,FALSE,,,,,FALSE,,,,,,,,,,,21.160437,96.321037,,,FALSE,none,,,lake_only,kept_unique_main,1,0,,,Kinda,kinda
97,Kinda,2020-01-21T20:10:39Z,65,main_s2mask,65,ECOSTRESS,paired,TRUE,TRUE,TRUE,21.13397217,14.83,-6.303972168,60,,22.27001953,,21.32000732421875,,19.470001220703125,,0.722464323,,70,,70,,,,,,/scratch/mr3882/SEA_dam/LST_processed/sentinel2_water_masks/Kinda/ECOSTRESS/Kinda_ECOv002_L2T_LSTE_08760_009_46QHJ_20200121T201039_0712_01_LST_LST_s2_footprint_water_mask.tif,,,,,,845480,,844360,,2344140,,2343160,,Myanmar,71.9,24308.95,14.5,871,Panlaung Chaung,01/01/2013,155.2270813,21.160437,96.321037,,,,,procurement.dhpi@moep.gov.mm,,2020-01-21T20:10:39Z,2020,1,21,20.1775,2.5989024666666687,65,,,FALSE,FALSE,FALSE,FALSE,,,,,FALSE,,,,,,60,21.163,96.3238,1.04,0b1010111011000000,21.160437,96.321037,,1.04,TRUE,outlet,Tm_o;ID_o;Latitude_o;Longitude_o;ECO2LSTE_001_SDS_LST_err_o;QC_bitmask_o;LSTerr_o;Latitude_ref;Longitude_ref,8951,lake_only,kept_main_filled_outlet_from_additional,1,1,,,Kinda,kinda
98,Kinda,2020-02-01T06:26:50Z,66,main_s2mask,66,ECOSTRESS,paired,TRUE,TRUE,TRUE,33.92999268,34.39,0.4600073242188003,8,,36.79000854492188,,33.19000244140625,,32.39001465,,1.672361135,,70,,70,,,,,,/scratch/mr3882/SEA_dam/LST_processed/sentinel2_water_masks/Kinda/ECOSTRESS/Kinda_ECOv002_L2T_LSTE_08922_002_46QHJ_20200201T062650_0712_01_LST_LST_s2_footprint_water_mask.tif,,,,,,845480,,844360,,2344140,,2343160,,Myanmar,71.9,24308.95,14.5,871,Panlaung Chaung,01/01/2013,155.2270813,21.160437,96.321037,,,,,procurement.dhpi@moep.gov.mm,,2020-02-01T06:26:50Z,2020,2,32,6.447222222222223,12.86862468888889,66,,,FALSE,FALSE,FALSE,FALSE,,,,,FALSE,,,,,,60,21.163,96.3238,1.12,0b1001111011000000,21.160437,96.321037,,1.12,TRUE,outlet,Tm_o;ID_o;Latitude_o;Longitude_o;ECO2LSTE_001_SDS_LST_err_o;QC_bitmask_o;LSTerr_o;Latitude_ref;Longitude_ref,8952,lake_only,kept_main_filled_outlet_from_additional,1,1,,,Kinda,kinda
99,Kinda,2020-02-13T01:46:17Z,67,main_s2mask,67,ECOSTRESS,lake_only,TRUE,FALSE,FALSE,20.02999878,,,1,,20.029998779296875,,20.029998779296875,,20.029998779296875,,,,70,,70,,,,,,/scratch/mr3882/SEA_dam/LST_processed/sentinel2_water_masks/Kinda/ECOSTRESS/Kinda_ECOv002_L2T_LSTE_09105_002_46QHJ_20200213T014617_0712_01_LST_LST_s2_footprint_water_mask.tif,,,,,,845480,,844360,,2344140,,2343160,,Myanmar,71.9,24308.95,14.5,871,Panlaung Chaung,01/01/2013,155.2270813,21.160437,96.321037,,,,,procurement.dhpi@moep.gov.mm,,2020-02-13T01:46:17Z,2020,2,44,1.771388888888889,8.192791355555556,67,,,FALSE,FALSE,FALSE,FALSE,,,,,FALSE,,,,,,,,,,,21.160437,96.321037,,,FALSE,none,,,lake_only,kept_unique_main,1,0,,,Kinda,kinda
100,Kinda,2020-02-24T21:05:23Z,68,main_s2mask,68,ECOSTRESS,lake_only,TRUE,FALSE,FALSE,19.52630615,,,60,,20.13000488,,19.589996337890625,,18.050018310546875,,0.369907767,,70,,70,,,,,,/scratch/mr3882/SEA_dam/LST_processed/sentinel2_water_masks/Kinda/ECOSTRESS/Kinda_ECOv002_L2T_LSTE_09288_002_46QHJ_20200224T210523_0712_01_LST_LST_s2_footprint_water_mask.tif,,,,,,845480,,844360,,2344140,,2343160,,Myanmar,71.9,24308.95,14.5,871,Panlaung Chaung,01/01/2013,155.2270813,21.160437,96.321037,,,,,procurement.dhpi@moep.gov.mm,,2020-02-24T21:05:23Z,2020,2,55,21.08972222222222,3.511124688888888,68,,,FALSE,FALSE,FALSE,FALSE,,,,,FALSE,,,,,,,,,,,21.160437,96.321037,,,FALSE,none,,,lake_only,kept_unique_main,1,0,,,Kinda,kinda
101,Kinda,2020-02-28T19:31:32Z,69,main_s2mask,69,ECOSTRESS,paired,TRUE,TRUE,TRUE,22.19561768,19.55,-2.645617676,60,,22.80999755859375,,22.32000732421875,,21.089996337890625,,0.443103284,,70,,70,,,,,,/scratch/mr3882/SEA_dam/LST_processed/sentinel2_water_masks/Kinda/ECOSTRESS/Kinda_ECOv002_L2T_LSTE_09349_002_46QHJ_20200228T193132_0712_01_LST_LST_s2_footprint_water_mask.tif,,,,,,845480,,844360,,2344140,,2343160,,Myanmar,71.9,24308.95,14.5,871,Panlaung Chaung,01/01/2013,155.2270813,21.160437,96.321037,,,,,procurement.dhpi@moep.gov.mm,,2020-02-28T19:31:32Z,2020,2,59,19.52555555555556,1.9469580222222227,69,,,FALSE,FALSE,FALSE,FALSE,,,,,FALSE,,,,,,60,21.163,96.3238,1.2,0b1001101011000000,21.160437,96.321037,,1.2,TRUE,outlet,Tm_o;ID_o;Latitude_o;Longitude_o;ECO2LSTE_001_SDS_LST_err_o;QC_bitmask_o;LSTerr_o;Latitude_ref;Longitude_ref,8953,lake_only,kept_main_filled_outlet_from_additional,1,1,,,Kinda,kinda
102,Kinda,2020-03-03T17:57:47Z,8954,additional_ecostress,70,ECOSTRESS,paired,TRUE,TRUE,TRUE,22.65,21.27,-1.38,,,,,,,,,,,,,,,,,,,,,,,,,,,,,,,,,Myanmar,71.9,24308.95,14.5,871,Panlaung Chaung,01/01/2013,155.2270813,21.160437,96.321037,,,,,procurement.dhpi@moep.gov.mm,,2020-03-03T17:57:47Z,2020,3,63,17.963055555555556,0.3844580222222227,,70,1,TRUE,FALSE,FALSE,FALSE,1,70,,,FALSE,60,21.1608,96.3189,1.12,0b1001111011000000,60,21.163,96.3238,1.12,0b1001111011000000,21.160437,96.321037,1.12,1.12,FALSE,none,,,paired,kept_unique_additional,0,1,additional_ecostress__70,TRUE,Kinda,kinda
103,Kinda,2020-03-03T17:57:48Z,70,main_s2mask,70,ECOSTRESS,lake_only,TRUE,FALSE,FALSE,23.25848389,,,26,,23.589996337890625,,23.30999755859375,,22.91000366210937,,0.182790548,,70,,70,,,,,,/scratch/mr3882/SEA_dam/LST_processed/sentinel2_water_masks/Kinda/ECOSTRESS/Kinda_ECOv002_L2T_LSTE_09410_002_46QHJ_20200303T175748_0712_01_LST_LST_s2_footprint_water_mask.tif,,,,,,845480,,844360,,2344140,,2343160,,Myanmar,71.9,24308.95,14.5,871,Panlaung Chaung,01/01/2013,155.2270813,21.160437,96.321037,,,,,procurement.dhpi@moep.gov.mm,,2020-03-03T17:57:48Z,2020,3,63,17.96333333333333,0.3847357999999978,70,,,FALSE,FALSE,FALSE,FALSE,,,,,FALSE,,,,,,,,,,,21.160437,96.321037,,,FALSE,none,,,lake_only,kept_unique_main,1,0,,,Kinda,kinda
104,Kinda,2020-03-19T11:42:21Z,8955,additional_ecostress,71,ECOSTRESS,paired,TRUE,TRUE,TRUE,24.87,27.83,2.9599999999999973,,,,,,,,,,,,,,,,,,,,,,,,,,,,,,,,,Myanmar,71.9,24308.95,14.5,871,Panlaung Chaung,01/01/2013,155.2270813,21.160437,96.321037,,,,,procurement.dhpi@moep.gov.mm,,2020-03-19T11:42:21Z,2020,3,79,11.705833333333333,18.1272358,,71,0,FALSE,FALSE,FALSE,FALSE,,,,,FALSE,60,21.1608,96.3189,1.2,0b1001111011000000,60,21.163,96.3238,1.2,0b1001101011000000,21.160437,96.321037,1.2,1.2,FALSE,none,,,paired,kept_unique_additional,0,1,additional_ecostress__71,TRUE,Kinda,kinda
105,Kinda,2020-12-07T03:49:54Z,8956,additional_ecostress,72,ECOSTRESS,paired,TRUE,TRUE,TRUE,25.97,28.71,2.740000000000002,,,,,,,,,,,,,,,,,,,,,,,,,,,,,,,,,Myanmar,71.9,24308.95,14.5,871,Panlaung Chaung,01/01/2013,155.2270813,21.160437,96.321037,,,,,procurement.dhpi@moep.gov.mm,,2020-12-07T03:49:54Z,2020,12,342,3.8316666666666666,10.253069133333334,,72,1,TRUE,FALSE,FALSE,FALSE,1,71,,,FALSE,60,21.1608,96.3189,1.2,0b1001101011000000,60,21.163,96.3238,1.2,0b1001111011000000,21.160437,96.321037,1.2,1.2,FALSE,none,,,paired,kept_unique_additional,0,1,additional_ecostress__72,TRUE,Kinda,kinda
106,Kinda,2020-12-07T03:49:55Z,71,main_s2mask,71,ECOSTRESS,lake_only,TRUE,FALSE,FALSE,27.29867554,,,53,,31.790008544921875,,26.529998779296875,,25.14999389648437,,1.867811203,,70,,70,,,,,,/scratch/mr3882/SEA_dam/LST_processed/sentinel2_water_masks/Kinda/ECOSTRESS/Kinda_ECOv002_L2T_LSTE_13726_002_47QKD_20201207T034955_0712_01_LST_LST_s2_footprint_water_mask.tif,,,,,,222380,,221260,,2342880,,2341900,,Myanmar,71.9,24308.95,14.5,871,Panlaung Chaung,01/01/2013,155.2270813,21.160437,96.321037,,,,,procurement.dhpi@moep.gov.mm,,2020-12-07T03:49:55Z,2020,12,342,3.831944444444445,10.25334691111111,71,,,FALSE,FALSE,FALSE,FALSE,,,,,FALSE,,,,,,,,,,,21.160437,96.321037,,,FALSE,none,,,lake_only,kept_unique_main,1,0,,,Kinda,kinda
107,Kinda,2020-12-11T02:16:18Z,8957,additional_ecostress,73,ECOSTRESS,paired,TRUE,TRUE,TRUE,22.15,21.47,-0.68,,,,,,,,,,,,,,,,,,,,,,,,,,,,,,,,,Myanmar,71.9,24308.95,14.5,871,Panlaung Chaung,01/01/2013,155.2270813,21.160437,96.321037,,,,,procurement.dhpi@moep.gov.mm,,2020-12-11T02:16:18Z,2020,12,346,2.2716666666666665,8.693069133333333,,73,1,TRUE,FALSE,FALSE,FALSE,1,72,,,FALSE,60,21.1608,96.3189,1.08,0b1001101011000000,60,21.163,96.3238,1.08,0b1001101011000000,21.160437,96.321037,1.08,1.08,FALSE,none,,,paired,kept_unique_additional,0,1,additional_ecostress__73,TRUE,Kinda,kinda
108,Kinda,2020-12-11T02:16:19Z,72,main_s2mask,72,ECOSTRESS,lake_only,TRUE,FALSE,FALSE,22.82632446,,,49,,23.33001708984375,,22.83001708984375,,22.470001220703125,,0.199571118,,70,,70,,,,,,/scratch/mr3882/SEA_dam/LST_processed/sentinel2_water_masks/Kinda/ECOSTRESS/Kinda_ECOv002_L2T_LSTE_13787_002_46QHJ_20201211T021619_0712_01_LST_LST_s2_footprint_water_mask.tif,,,,,,845480,,844360,,2344140,,2343160,,Myanmar,71.9,24308.95,14.5,871,Panlaung Chaung,01/01/2013,155.2270813,21.160437,96.321037,,,,,procurement.dhpi@moep.gov.mm,,2020-12-11T02:16:19Z,2020,12,346,2.2719444444444443,8.693346911,72,,,FALSE,FALSE,FALSE,FALSE,,,,,FALSE,,,,,,,,,,,21.160437,96.321037,,,FALSE,none,,,lake_only,kept_unique_main,1,0,,,Kinda,kinda
109,Kinda,2020-12-22T21:35:32Z,73,main_s2mask,73,ECOSTRESS,paired,TRUE,TRUE,TRUE,21.74508667,15.39,-6.35508667,53,,22.64999389648437,,22.13000488,,19.33001708984375,,0.857364178,,70,,70,,,,,,/scratch/mr3882/SEA_dam/LST_processed/sentinel2_water_masks/Kinda/ECOSTRESS/Kinda_ECOv002_L2T_LSTE_13970_003_46QHJ_20201222T213532_0712_01_LST_LST_s2_footprint_water_mask.tif,,,,,,845480,,844360,,2344140,,2343160,,Myanmar,71.9,24308.95,14.5,871,Panlaung Chaung,01/01/2013,155.2270813,21.160437,96.321037,,,,,procurement.dhpi@moep.gov.mm,,2020-12-22T21:35:32Z,2020,12,357,21.592222222222222,4.013624688888889,73,,,FALSE,FALSE,FALSE,FALSE,,,,,FALSE,,,,,,60,21.163,96.3238,1.24,0b1001101011000000,21.160437,96.321037,,1.24,TRUE,outlet,Tm_o;ID_o;Latitude_o;Longitude_o;ECO2LSTE_001_SDS_LST_err_o;QC_bitmask_o;LSTerr_o;Latitude_ref;Longitude_ref,8958,lake_only,kept_main_filled_outlet_from_additional,1,1,,,Kinda,kinda
110,Kinda,2020-12-26T20:01:44Z,74,main_s2mask,74,ECOSTRESS,paired,TRUE,TRUE,TRUE,21.96148682,17.35,-4.611486816,54,,22.529998779296875,,22.050018310546875,,20.350006103515625,,0.426599175,,70,,70,,,,,,/scratch/mr3882/SEA_dam/LST_processed/sentinel2_water_masks/Kinda/ECOSTRESS/Kinda_ECOv002_L2T_LSTE_14031_003_47QKD_20201226T200144_0712_01_LST_LST_s2_footprint_water_mask.tif,,,,,,222380,,221260,,2342880,,2341900,,Myanmar,71.9,24308.95,14.5,871,Panlaung Chaung,01/01/2013,155.2270813,21.160437,96.321037,,,,,procurement.dhpi@moep.gov.mm,,2020-12-26T20:01:44Z,2020,12,361,20.028888888888886,2.450291355555553,74,,,FALSE,FALSE,FALSE,FALSE,,,,,FALSE,,,,,,60,21.163,96.3238,1.08,0b1001101011000000,21.160437,96.321037,,1.08,TRUE,outlet,Tm_o;ID_o;Latitude_o;Longitude_o;ECO2LSTE_001_SDS_LST_err_o;QC_bitmask_o;LSTerr_o;Latitude_ref;Longitude_ref,8959,lake_only,kept_main_filled_outlet_from_additional,1,1,,,Kinda,kinda
111,Kinda,2021-01-15T12:11:29Z,75,main_s2mask,75,ECOSTRESS,paired,TRUE,TRUE,TRUE,23.42971802,22.77,-0.659718018,57,,23.990020751953125,,23.42999267578125,,22.91000366210937,,0.25443086,,70,,70,,,,,,/scratch/mr3882/SEA_dam/LST_processed/sentinel2_water_masks/Kinda/ECOSTRESS/Kinda_ECOv002_L2T_LSTE_14336_003_47QKD_20210115T121129_0712_01_LST_LST_s2_footprint_water_mask.tif,,,,,,222380,,221260,,2342880,,2341900,,Myanmar,71.9,24308.95,14.5,871,Panlaung Chaung,01/01/2013,155.2270813,21.160437,96.321037,,,,,procurement.dhpi@moep.gov.mm,,2021-01-15T12:11:29Z,2021,1,15,12.19138888888889,18.61279135555556,75,,,FALSE,FALSE,FALSE,FALSE,,,,,FALSE,,,,,,60,21.163,96.3238,1.24,0b1001101011000000,21.160437,96.321037,,1.24,TRUE,outlet,Tm_o;ID_o;Latitude_o;Longitude_o;ECO2LSTE_001_SDS_LST_err_o;QC_bitmask_o;LSTerr_o;Latitude_ref;Longitude_ref,8960,lake_only,kept_main_filled_outlet_from_additional,1,1,,,Kinda,kinda
112,Kinda,2021-01-23T09:03:56Z,76,main_s2mask,76,ECOSTRESS,paired,TRUE,TRUE,TRUE,27.59072876,27.89,0.2992712402344004,57,,31.51000977,,28.42999267578125,,24.110015869140625,,2.426341057,,70,,70,,,,,,/scratch/mr3882/SEA_dam/LST_processed/sentinel2_water_masks/Kinda/ECOSTRESS/Kinda_ECOv002_L2T_LSTE_14458_003_46QHJ_20210123T090356_0712_01_LST_LST_s2_footprint_water_mask.tif,,,,,,845480,,844360,,2344140,,2343160,,Myanmar,71.9,24308.95,14.5,871,Panlaung Chaung,01/01/2013,155.2270813,21.160437,96.321037,,,,,procurement.dhpi@moep.gov.mm,,2021-01-23T09:03:56Z,2021,1,23,9.065555555555555,15.486958022222224,76,,,FALSE,FALSE,FALSE,FALSE,,,,,FALSE,,,,,,60,21.163,96.3238,1.28,0b1001111011000000,21.160437,96.321037,,1.28,TRUE,outlet,Tm_o;ID_o;Latitude_o;Longitude_o;ECO2LSTE_001_SDS_LST_err_o;QC_bitmask_o;LSTerr_o;Latitude_ref;Longitude_ref,8961,lake_only,kept_main_filled_outlet_from_additional,1,1,,,Kinda,kinda
113,Kinda,2021-02-04T04:26:00Z,77,main_s2mask,77,ECOSTRESS,lake_only,TRUE,FALSE,FALSE,29.88336182,,,9,,32.970001220703125,,29.13000488,,28.13000488,,1.848481774,,70,,70,,,,,,/scratch/mr3882/SEA_dam/LST_processed/sentinel2_water_masks/Kinda/ECOSTRESS/Kinda_ECOv002_L2T_LSTE_14641_001_46QHJ_20210204T042600_0712_01_LST_LST_s2_footprint_water_mask.tif,,,,,,845480,,844360,,2344140,,2343160,,Myanmar,71.9,24308.95,14.5,871,Panlaung Chaung,01/01/2013,155.2270813,21.160437,96.321037,,,,,procurement.dhpi@moep.gov.mm,,2021-02-04T04:26:00Z,2021,2,35,4.433333333333334,10.8547358,77,,,FALSE,FALSE,FALSE,FALSE,,,,,FALSE,,,,,,,,,,,21.160437,96.321037,,,FALSE,none,,,lake_only,kept_unique_main,1,0,,,Kinda,kinda
114,Kinda,2021-02-27T19:08:48Z,8962,additional_ecostress,79,ECOSTRESS,paired,TRUE,TRUE,TRUE,22.57,21.19,-1.38,,,,,,,,,,,,,,,,,,,,,,,,,,,,,,,,,Myanmar,71.9,24308.95,14.5,871,Panlaung Chaung,01/01/2013,155.2270813,21.160437,96.321037,,,,,procurement.dhpi@moep.gov.mm,,2021-02-27T19:08:48Z,2021,2,58,19.146666666666665,1.5680691333333314,,79,1,TRUE,FALSE,FALSE,FALSE,1,78,,,FALSE,60,21.1608,96.3189,1.16,0b1001111011000000,60,21.163,96.3238,1.16,0b1001111011000000,21.160437,96.321037,1.16,1.16,FALSE,none,,,paired,kept_unique_additional,0,1,additional_ecostress__79,TRUE,Kinda,kinda
115,Kinda,2021-02-27T19:08:49Z,78,main_s2mask,78,ECOSTRESS,lake_only,TRUE,FALSE,FALSE,23.28125,,,57,,23.69000244140625,,23.27001953,,22.57000732421875,,0.240980461,,70,,70,,,,,,/scratch/mr3882/SEA_dam/LST_processed/sentinel2_water_masks/Kinda/ECOSTRESS/Kinda_ECOv002_L2T_LSTE_15007_002_46QHJ_20210227T190849_0712_01_LST_LST_s2_footprint_water_mask.tif,,,,,,845480,,844360,,2344140,,2343160,,Myanmar,71.9,24308.95,14.5,871,Panlaung Chaung,01/01/2013,155.2270813,21.160437,96.321037,,,,,procurement.dhpi@moep.gov.mm,,2021-02-27T19:08:49Z,2021,2,58,19.146944444444443,1.568346911,78,,,FALSE,FALSE,FALSE,FALSE,,,,,FALSE,,,,,,,,,,,21.160437,96.321037,,,FALSE,none,,,lake_only,kept_unique_main,1,0,,,Kinda,kinda
116,Kinda,2021-03-05T02:38:52Z,79,main_s2mask,79,ECOSTRESS,paired,TRUE,TRUE,TRUE,26.87207031,29.91,3.037929688,58,,30.19000244140625,,26.63998413085937,,24.970001220703125,,1.217844009,,70,,70,,,,,,/scratch/mr3882/SEA_dam/LST_processed/sentinel2_water_masks/Kinda/ECOSTRESS/Kinda_ECOv002_L2T_LSTE_15089_006_47QKD_20210305T023852_0712_01_LST_LST_s2_footprint_water_mask.tif,,,,,,222380,,221260,,2342880,,2341900,,Myanmar,71.9,24308.95,14.5,871,Panlaung Chaung,01/01/2013,155.2270813,21.160437,96.321037,,,,,procurement.dhpi@moep.gov.mm,,2021-03-05T02:38:52Z,2021,3,64,2.647777777777778,9.069180244444444,79,,,FALSE,FALSE,FALSE,FALSE,,,,,FALSE,,,,,,60,21.163,96.3238,0.96,0b1110111011000000,21.160437,96.321037,,0.96,TRUE,outlet,Tm_o;ID_o;Latitude_o;Longitude_o;ECO2LSTE_001_SDS_LST_err_o;QC_bitmask_o;LSTerr_o;Latitude_ref;Longitude_ref,8963,lake_only,kept_main_filled_outlet_from_additional,1,1,,,Kinda,kinda
117,Kinda,2021-03-07T16:02:40Z,8964,additional_ecostress,81,ECOSTRESS,paired,TRUE,TRUE,TRUE,22.99,23.17,0.1800000000000032,,,,,,,,,,,,,,,,,,,,,,,,,,,,,,,,,Myanmar,71.9,24308.95,14.5,871,Panlaung Chaung,01/01/2013,155.2270813,21.160437,96.321037,,,,,procurement.dhpi@moep.gov.mm,,2021-03-07T16:02:40Z,2021,3,66,16.044444444444448,22.465846911111115,,81,1,TRUE,FALSE,FALSE,FALSE,1,80,,,FALSE,60,21.1608,96.3189,1.08,0b1001111011000000,60,21.163,96.3238,1.08,0b1001101011000000,21.160437,96.321037,1.08,1.08,FALSE,none,,,paired,kept_unique_additional,0,1,additional_ecostress__81,TRUE,Kinda,kinda
118,Kinda,2021-03-07T16:02:41Z,80,main_s2mask,80,ECOSTRESS,lake_only,TRUE,FALSE,FALSE,23.55776978,,,57,,23.95001220703125,,23.57000732421875,,22.990020751953125,,0.225351274,,70,,70,,,,,,/scratch/mr3882/SEA_dam/LST_processed/sentinel2_water_masks/Kinda/ECOSTRESS/Kinda_ECOv002_L2T_LSTE_15129_002_46QHJ_20210307T160241_0712_01_LST_LST_s2_footprint_water_mask.tif,,,,,,845480,,844360,,2344140,,2343160,,Myanmar,71.9,24308.95,14.5,871,Panlaung Chaung,01/01/2013,155.2270813,21.160437,96.321037,,,,,procurement.dhpi@moep.gov.mm,,2021-03-07T16:02:41Z,2021,3,66,16.044722222222223,22.46612468888889,80,,,FALSE,FALSE,FALSE,FALSE,,,,,FALSE,,,,,,,,,,,21.160437,96.321037,,,FALSE,none,,,lake_only,kept_unique_main,1,0,,,Kinda,kinda
119,Kinda,2021-03-19T11:24:29Z,8965,additional_ecostress,82,ECOSTRESS,paired,TRUE,TRUE,TRUE,23.17,27.17,4,,,,,,,,,,,,,,,,,,,,,,,,,,,,,,,,,Myanmar,71.9,24308.95,14.5,871,Panlaung Chaung,01/01/2013,155.2270813,21.160437,96.321037,,,,,procurement.dhpi@moep.gov.mm,,2021-03-19T11:24:29Z,2021,3,78,11.408055555555556,17.829458022222223,,82,0,FALSE,FALSE,FALSE,FALSE,,,,,FALSE,60,21.1608,96.3189,1.24,0b1001101011000000,60,21.163,96.3238,1.24,0b1001111011000000,21.160437,96.321037,1.24,1.24,FALSE,none,,,paired,kept_unique_additional,0,1,additional_ecostress__82,TRUE,Kinda,kinda
120,Kinda,2021-12-15T00:26:46Z,8966,additional_ecostress,83,ECOSTRESS,paired,TRUE,TRUE,TRUE,22.97,16.01,-6.96,,,,,,,,,,,,,,,,,,,,,,,,,,,,,,,,,Myanmar,71.9,24308.95,14.5,871,Panlaung Chaung,01/01/2013,155.2270813,21.160437,96.321037,,,,,procurement.dhpi@moep.gov.mm,,2021-12-15T00:26:46Z,2021,12,349,0.4461111111111111,6.867513577777778,,83,1,TRUE,FALSE,FALSE,FALSE,1,81,,,FALSE,60,21.1608,96.3189,1.12,0b1001101011000000,60,21.163,96.3238,1.12,0b1001111011000000,21.160437,96.321037,1.12,1.12,FALSE,none,,,paired,kept_unique_additional,0,1,additional_ecostress__83,TRUE,Kinda,kinda
121,Kinda,2021-12-15T00:26:47Z,81,main_s2mask,81,ECOSTRESS,lake_only,TRUE,FALSE,FALSE,23.22720337,,,57,,23.89001465,,23.51000977,,20.64999389648437,,0.701177478,,70,,70,,,,,,/scratch/mr3882/SEA_dam/LST_processed/sentinel2_water_masks/Kinda/ECOSTRESS/Kinda_ECOv002_L2T_LSTE_19517_002_46QHJ_20211215T002647_0712_01_LST_LST_s2_footprint_water_mask.tif,,,,,,845480,,844360,,2344140,,2343160,,Myanmar,71.9,24308.95,14.5,871,Panlaung Chaung,01/01/2013,155.2270813,21.160437,96.321037,,,,,procurement.dhpi@moep.gov.mm,,2021-12-15T00:26:47Z,2021,12,349,0.4463888888888889,6.867791355555555,81,,,FALSE,FALSE,FALSE,FALSE,,,,,FALSE,,,,,,,,,,,21.160437,96.321037,,,FALSE,none,,,lake_only,kept_unique_main,1,0,,,Kinda,kinda
122,Kinda,2022-01-03T16:33:19Z,8967,additional_ecostress,84,ECOSTRESS,paired,TRUE,TRUE,TRUE,21.19,17.37,-3.82,,,,,,,,,,,,,,,,,,,,,,,,,,,,,,,,,Myanmar,71.9,24308.95,14.5,871,Panlaung Chaung,01/01/2013,155.2270813,21.160437,96.321037,,,,,procurement.dhpi@moep.gov.mm,,2022-01-03T16:33:19Z,2022,1,3,16.55527777777778,22.976680244444445,,84,1,TRUE,FALSE,FALSE,FALSE,1,82,,,FALSE,60,21.1608,96.3189,1.28,0b1001101011000000,60,21.163,96.3238,1.28,0b1001111011000000,21.160437,96.321037,1.28,1.28,FALSE,none,,,paired,kept_unique_additional,0,1,additional_ecostress__84,TRUE,Kinda,kinda
123,Kinda,2022-01-03T16:33:20Z,82,main_s2mask,82,ECOSTRESS,lake_only,TRUE,FALSE,FALSE,21.93511963,,,55,,22.57000732421875,,21.95001220703125,,20.990020751953125,,0.288550943,,70,,70,,,,,,/scratch/mr3882/SEA_dam/LST_processed/sentinel2_water_masks/Kinda/ECOSTRESS/Kinda_ECOv002_L2T_LSTE_19822_003_47QKD_20220103T163320_0712_01_LST_LST_s2_footprint_water_mask.tif,,,,,,222380,,221260,,2342880,,2341900,,Myanmar,71.9,24308.95,14.5,871,Panlaung Chaung,01/01/2013,155.2270813,21.160437,96.321037,,,,,procurement.dhpi@moep.gov.mm,,2022-01-03T16:33:20Z,2022,1,3,16.555555555555557,22.976958022222224,82,,,FALSE,FALSE,FALSE,FALSE,,,,,FALSE,,,,,,,,,,,21.160437,96.321037,,,FALSE,none,,,lake_only,kept_unique_main,1,0,,,Kinda,kinda
124,Kinda,2022-01-05T01:35:53Z,8968,additional_ecostress,85,ECOSTRESS,paired,TRUE,TRUE,TRUE,20.21,17.09,-3.12,,,,,,,,,,,,,,,,,,,,,,,,,,,,,,,,,Myanmar,71.9,24308.95,14.5,871,Panlaung Chaung,01/01/2013,155.2270813,21.160437,96.321037,,,,,procurement.dhpi@moep.gov.mm,,2022-01-05T01:35:53Z,2022,1,5,1.5980555555555558,8.019458022222222,,85,1,TRUE,FALSE,FALSE,FALSE,1,83,,,FALSE,60,21.1608,96.3189,1.12,0b1010111011000000,60,21.163,96.3238,1.12,0b1010111011000000,21.160437,96.321037,1.12,1.12,FALSE,none,,,paired,kept_unique_additional,0,1,additional_ecostress__85,TRUE,Kinda,kinda
125,Kinda,2022-01-05T01:35:54Z,83,main_s2mask,83,ECOSTRESS,lake_only,TRUE,FALSE,FALSE,20.92871094,,,31,,22.51000977,,20.83001708984375,,19.45001220703125,,0.766756177,,70,,70,,,,,,/scratch/mr3882/SEA_dam/LST_processed/sentinel2_water_masks/Kinda/ECOSTRESS/Kinda_ECOv002_L2T_LSTE_19843_020_47QKD_20220105T013554_0712_01_LST_LST_s2_footprint_water_mask.tif,,,,,,222380,,221260,,2342880,,2341900,,Myanmar,71.9,24308.95,14.5,871,Panlaung Chaung,01/01/2013,155.2270813,21.160437,96.321037,,,,,procurement.dhpi@moep.gov.mm,,2022-01-05T01:35:54Z,2022,1,5,1.5983333333333334,8.0197358,83,,,FALSE,FALSE,FALSE,FALSE,,,,,FALSE,,,,,,,,,,,21.160437,96.321037,,,FALSE,none,,,lake_only,kept_unique_main,1,0,,,Kinda,kinda
126,Kinda,2022-01-07T14:57:31Z,84,main_s2mask,84,ECOSTRESS,paired,TRUE,TRUE,TRUE,22.38070679,19.29,-3.090706787,58,,22.89001465,,22.39999389648437,,21.589996337890625,,0.256160796,,70,,70,,,,,,/scratch/mr3882/SEA_dam/LST_processed/sentinel2_water_masks/Kinda/ECOSTRESS/Kinda_ECOv002_L2T_LSTE_19883_004_47QKD_20220107T145731_0712_01_LST_LST_s2_footprint_water_mask.tif,,,,,,222380,,221260,,2342880,,2341900,,Myanmar,71.9,24308.95,14.5,871,Panlaung Chaung,01/01/2013,155.2270813,21.160437,96.321037,,,,,procurement.dhpi@moep.gov.mm,,2022-01-07T14:57:31Z,2022,1,7,14.95861111111111,21.380013577777778,84,,,FALSE,FALSE,FALSE,FALSE,,,,,FALSE,,,,,,60,21.163,96.3238,1.28,0b1001101011000000,21.160437,96.321037,,1.28,TRUE,outlet,Tm_o;ID_o;Latitude_o;Longitude_o;ECO2LSTE_001_SDS_LST_err_o;QC_bitmask_o;LSTerr_o;Latitude_ref;Longitude_ref,8969,lake_only,kept_main_filled_outlet_from_additional,1,1,,,Kinda,kinda
127,Kinda,2022-02-07T03:01:05Z,85,main_s2mask,85,ECOSTRESS,paired,TRUE,TRUE,TRUE,22.59835815,24.05,1.4516418457031008,60,,27.209991455078125,,22.209991455078125,,21.63000488,,0.988031864,,70,,70,,,,,,/scratch/mr3882/SEA_dam/LST_processed/sentinel2_water_masks/Kinda/ECOSTRESS/Kinda_ECOv002_L2T_LSTE_20356_002_46QHJ_20220207T030105_0712_01_LST_LST_s2_footprint_water_mask.tif,,,,,,845480,,844360,,2344140,,2343160,,Myanmar,71.9,24308.95,14.5,871,Panlaung Chaung,01/01/2013,155.2270813,21.160437,96.321037,,,,,procurement.dhpi@moep.gov.mm,,2022-02-07T03:01:05Z,2022,2,38,3.018055555555556,9.439458022222222,85,,,FALSE,FALSE,FALSE,FALSE,,,,,FALSE,,,,,,60,21.163,96.3238,1,0b1010101011000000,21.160437,96.321037,,1,TRUE,outlet,Tm_o;ID_o;Latitude_o;Longitude_o;ECO2LSTE_001_SDS_LST_err_o;QC_bitmask_o;LSTerr_o;Latitude_ref;Longitude_ref,8970,lake_only,kept_main_filled_outlet_from_additional,1,1,,,Kinda,kinda
128,Kinda,2022-02-26T19:01:05Z,86,main_s2mask,86,ECOSTRESS,paired,TRUE,TRUE,TRUE,21.25238037,17.93,-3.322380371,60,,21.990020751953125,,21.33001708984375,,19.69000244140625,,0.45860672,,70,,70,,,,,,/scratch/mr3882/SEA_dam/LST_processed/sentinel2_water_masks/Kinda/ECOSTRESS/Kinda_ECOv002_L2T_LSTE_20661_004_46QHJ_20220226T190105_0712_01_LST_LST_s2_footprint_water_mask.tif,,,,,,845480,,844360,,2344140,,2343160,,Myanmar,71.9,24308.95,14.5,871,Panlaung Chaung,01/01/2013,155.2270813,21.160437,96.321037,,,,,procurement.dhpi@moep.gov.mm,,2022-02-26T19:01:05Z,2022,2,57,19.01805555555556,1.4394580222222224,86,,,FALSE,FALSE,FALSE,FALSE,,,,,FALSE,,,,,,60,21.163,96.3238,1.2,0b1001111011000000,21.160437,96.321037,,1.2,TRUE,outlet,Tm_o;ID_o;Latitude_o;Longitude_o;ECO2LSTE_001_SDS_LST_err_o;QC_bitmask_o;LSTerr_o;Latitude_ref;Longitude_ref,8971,lake_only,kept_main_filled_outlet_from_additional,1,1,,,Kinda,kinda
129,Kinda,2022-03-03T03:16:36Z,8972,additional_ecostress,89,ECOSTRESS,paired,TRUE,TRUE,TRUE,24.85,31.33,6.479999999999997,,,,,,,,,,,,,,,,,,,,,,,,,,,,,,,,,Myanmar,71.9,24308.95,14.5,871,Panlaung Chaung,01/01/2013,155.2270813,21.160437,96.321037,,,,,procurement.dhpi@moep.gov.mm,,2022-03-03T03:16:36Z,2022,3,62,3.2766666666666664,9.698069133333334,,89,1,TRUE,FALSE,FALSE,FALSE,3,87,,,FALSE,60,21.1608,96.3189,1.28,0b1001111011000000,60,21.163,96.3238,1.28,0b1001101011000000,21.160437,96.321037,1.28,1.28,FALSE,none,,,paired,kept_unique_additional,0,1,additional_ecostress__89,TRUE,Kinda,kinda
130,Kinda,2022-03-03T03:16:39Z,87,main_s2mask,87,ECOSTRESS,lake_only,TRUE,FALSE,FALSE,26.85455322,,,44,,29.91000366210937,,26.550018310546875,,25.25,,1.112572074,,70,,70,,,,,,/scratch/mr3882/SEA_dam/LST_processed/sentinel2_water_masks/Kinda/ECOSTRESS/Kinda_ECOv002_L2T_LSTE_20728_016_47QKD_20220303T031639_0712_01_LST_LST_s2_footprint_water_mask.tif,,,,,,222380,,221260,,2342880,,2341900,,Myanmar,71.9,24308.95,14.5,871,Panlaung Chaung,01/01/2013,155.2270813,21.160437,96.321037,,,,,procurement.dhpi@moep.gov.mm,,2022-03-03T03:16:39Z,2022,3,62,3.2775,9.698902466666668,87,,,FALSE,FALSE,FALSE,FALSE,,,,,FALSE,,,,,,,,,,,21.160437,96.321037,,,FALSE,none,,,lake_only,kept_unique_main,1,0,,,Kinda,kinda
131,Kinda,2022-03-17T11:54:02Z,8973,additional_ecostress,90,ECOSTRESS,outlet_only,FALSE,TRUE,FALSE,,30.61,,,,,,,,,,,,,,,,,,,,,,,,,,,,,,,,,,Myanmar,71.9,24308.95,14.5,871,Panlaung Chaung,01/01/2013,155.2270813,21.160437,96.321037,,,,,procurement.dhpi@moep.gov.mm,,2022-03-17T11:54:02Z,2022,3,76,11.900555555555556,18.321958022222223,,90,0,FALSE,FALSE,FALSE,FALSE,,,,,FALSE,,,,,,60,21.163,96.3238,1.36,0b1001101011000000,21.160437,96.321037,,1.36,FALSE,none,,,outlet_only,kept_unique_additional,0,1,additional_ecostress__90,TRUE,Kinda,kinda
132,Kinda,2023-01-03T01:59:53Z,8974,additional_ecostress,91,ECOSTRESS,paired,TRUE,TRUE,TRUE,22.57,18.89,-3.68,,,,,,,,,,,,,,,,,,,,,,,,,,,,,,,,,Myanmar,71.9,24308.95,14.5,871,Panlaung Chaung,01/01/2013,155.2270813,21.160437,96.321037,,,,,procurement.dhpi@moep.gov.mm,,2023-01-03T01:59:53Z,2023,1,3,1.998055555555556,8.419458022222223,,91,1,TRUE,FALSE,FALSE,FALSE,1,88,,,FALSE,60,21.1608,96.3189,1.16,0b1001101011000000,60,21.163,96.3238,1.16,0b1001111011000000,21.160437,96.321037,1.16,1.16,FALSE,none,,,paired,kept_unique_additional,0,1,additional_ecostress__91,TRUE,Kinda,kinda
133,Kinda,2023-01-03T01:59:54Z,88,main_s2mask,88,ECOSTRESS,lake_only,TRUE,FALSE,FALSE,23.1321106,,,29,,24.029998779296875,,23.27001953,,21.990020751953125,,0.536612153,,70,,70,,,,,,/scratch/mr3882/SEA_dam/LST_processed/sentinel2_water_masks/Kinda/ECOSTRESS/Kinda_ECOv002_L2T_LSTE_25482_009_47QKD_20230103T015954_0712_02_LST_LST_s2_footprint_water_mask.tif,,,,,,222380,,221260,,2342880,,2341900,,Myanmar,71.9,24308.95,14.5,871,Panlaung Chaung,01/01/2013,155.2270813,21.160437,96.321037,,,,,procurement.dhpi@moep.gov.mm,,2023-01-03T01:59:54Z,2023,1,3,1.9983333333333333,8.4197358,88,,,FALSE,FALSE,FALSE,FALSE,,,,,FALSE,,,,,,,,,,,21.160437,96.321037,,,FALSE,none,,,lake_only,kept_unique_main,1,0,,,Kinda,kinda
134,Kinda,2023-01-13T12:07:17Z,8975,additional_ecostress,92,ECOSTRESS,paired,TRUE,TRUE,TRUE,22.83,22.83,0,,,,,,,,,,,,,,,,,,,,,,,,,,,,,,,,,Myanmar,71.9,24308.95,14.5,871,Panlaung Chaung,01/01/2013,155.2270813,21.160437,96.321037,,,,,procurement.dhpi@moep.gov.mm,,2023-01-13T12:07:17Z,2023,1,13,12.12138888888889,18.54279135555556,,92,1,TRUE,FALSE,FALSE,FALSE,1,89,,,FALSE,60,21.1608,96.3189,0.92,0b1110111011000000,60,21.163,96.3238,0.92,0b1110111011000000,21.160437,96.321037,0.92,0.92,FALSE,none,,,paired,kept_unique_additional,0,1,additional_ecostress__92,TRUE,Kinda,kinda
135,Kinda,2023-01-13T12:07:18Z,89,main_s2mask,89,ECOSTRESS,lake_only,TRUE,FALSE,FALSE,23.56088257,,,44,,24.110015869140625,,23.490020751953125,,23.050018310546875,,0.247460052,,70,,70,,,,,,/scratch/mr3882/SEA_dam/LST_processed/sentinel2_water_masks/Kinda/ECOSTRESS/Kinda_ECOv002_L2T_LSTE_25644_003_47QKD_20230113T120718_0712_02_LST_LST_s2_footprint_water_mask.tif,,,,,,222380,,221260,,2342880,,2341900,,Myanmar,71.9,24308.95,14.5,871,Panlaung Chaung,01/01/2013,155.2270813,21.160437,96.321037,,,,,procurement.dhpi@moep.gov.mm,,2023-01-13T12:07:18Z,2023,1,13,12.121666666666668,18.543069133333333,89,,,FALSE,FALSE,FALSE,FALSE,,,,,FALSE,,,,,,,,,,,21.160437,96.321037,,,FALSE,none,,,lake_only,kept_unique_main,1,0,,,Kinda,kinda
136,Kinda,2023-01-14T21:09:07Z,90,main_s2mask,90,ECOSTRESS,paired,TRUE,TRUE,TRUE,21.16000366,13.93,-7.230003662,58,,22.470001220703125,,21.27001953,,18.83001708984375,,0.898586869,,70,,70,,,,,,/scratch/mr3882/SEA_dam/LST_processed/sentinel2_water_masks/Kinda/ECOSTRESS/Kinda_ECOv002_L2T_LSTE_25665_007_47QKD_20230114T210907_0710_01_LST_LST_s2_footprint_water_mask.tif,,,,,,222380,,221260,,2342880,,2341900,,Myanmar,71.9,24308.95,14.5,871,Panlaung Chaung,01/01/2013,155.2270813,21.160437,96.321037,,,,,procurement.dhpi@moep.gov.mm,,2023-01-14T21:09:07Z,2023,1,14,21.15194444444444,3.573346911111109,90,,,FALSE,FALSE,FALSE,FALSE,,,,,FALSE,,,,,,60,21.163,96.3238,1.12,0b1010111011000000,21.160437,96.321037,,1.12,TRUE,outlet,Tm_o;ID_o;Latitude_o;Longitude_o;ECO2LSTE_001_SDS_LST_err_o;QC_bitmask_o;LSTerr_o;Latitude_ref;Longitude_ref,8976,lake_only,kept_main_filled_outlet_from_additional,1,1,,,Kinda,kinda
137,Kinda,2023-01-17T10:30:11Z,8977,additional_ecostress,94,ECOSTRESS,paired,TRUE,TRUE,TRUE,23.05,24.69,1.6400000000000006,,,,,,,,,,,,,,,,,,,,,,,,,,,,,,,,,Myanmar,71.9,24308.95,14.5,871,Panlaung Chaung,01/01/2013,155.2270813,21.160437,96.321037,,,,,procurement.dhpi@moep.gov.mm,,2023-01-17T10:30:11Z,2023,1,17,10.503055555555555,16.924458022222222,,94,1,TRUE,FALSE,FALSE,FALSE,1,91,,,FALSE,60,21.1608,96.3189,1.2,0b1001111011000000,60,21.163,96.3238,1.2,0b1001111011000000,21.160437,96.321037,1.2,1.2,FALSE,none,,,paired,kept_unique_additional,0,1,additional_ecostress__94,TRUE,Kinda,kinda
138,Kinda,2023-01-17T10:30:12Z,91,main_s2mask,91,ECOSTRESS,lake_only,TRUE,FALSE,FALSE,24.83157349,,,63,,28.19000244140625,,24.80999755859375,,23.27001953,,1.248397589,,70,,70,,,,,,/scratch/mr3882/SEA_dam/LST_processed/sentinel2_water_masks/Kinda/ECOSTRESS/Kinda_ECOv002_L2T_LSTE_25705_004_47QKD_20230117T103012_0712_01_LST_LST_s2_footprint_water_mask.tif,,,,,,222380,,221260,,2342880,,2341900,,Myanmar,71.9,24308.95,14.5,871,Panlaung Chaung,01/01/2013,155.2270813,21.160437,96.321037,,,,,procurement.dhpi@moep.gov.mm,,2023-01-17T10:30:12Z,2023,1,17,10.503333333333334,16.9247358,91,,,FALSE,FALSE,FALSE,FALSE,,,,,FALSE,,,,,,,,,,,21.160437,96.321037,,,FALSE,none,,,lake_only,kept_unique_main,1,0,,,Kinda,kinda
139,Kinda,2023-01-24T08:04:50Z,92,main_s2mask,92,ECOSTRESS,paired,TRUE,TRUE,TRUE,26.72869873,31.35,4.621301269531202,61,,33.80999755859375,,26.25,,24.050018310546875,,2.2713027,,70,,70,,,,,,/scratch/mr3882/SEA_dam/LST_processed/sentinel2_water_masks/Kinda/ECOSTRESS/Kinda_ECOv002_L2T_LSTE_25812_004_46QHJ_20230124T080450_0711_01_LST_LST_s2_footprint_water_mask.tif,,,,,,845480,,844360,,2344140,,2343160,,Myanmar,71.9,24308.95,14.5,871,Panlaung Chaung,01/01/2013,155.2270813,21.160437,96.321037,,,,,procurement.dhpi@moep.gov.mm,,2023-01-24T08:04:50Z,2023,1,24,8.080555555555556,14.501958022222222,92,,,FALSE,FALSE,FALSE,FALSE,,,,,FALSE,,,,,,60,21.163,96.3238,1.2,0b1001111011000000,21.160437,96.321037,,1.2,TRUE,outlet,Tm_o;ID_o;Latitude_o;Longitude_o;ECO2LSTE_001_SDS_LST_err_o;QC_bitmask_o;LSTerr_o;Latitude_ref;Longitude_ref,8978,lake_only,kept_main_filled_outlet_from_additional,1,1,,,Kinda,kinda
140,Kinda,2023-02-09T01:37:28Z,93,main_s2mask,93,ECOSTRESS,paired,TRUE,TRUE,TRUE,22.39611816,18.89,-3.506118164,69,,23.01000977,,22.550018310546875,,20.27001953,,0.535912514,,70,,70,,,,,,/scratch/mr3882/SEA_dam/LST_processed/sentinel2_water_masks/Kinda/ECOSTRESS/Kinda_ECOv002_L2T_LSTE_26056_003_47QKD_20230209T013728_0710_01_LST_LST_s2_footprint_water_mask.tif,,,,,,222380,,221260,,2342880,,2341900,,Myanmar,71.9,24308.95,14.5,871,Panlaung Chaung,01/01/2013,155.2270813,21.160437,96.321037,,,,,procurement.dhpi@moep.gov.mm,,2023-02-09T01:37:28Z,2023,2,40,1.6244444444444446,8.045846911111111,93,,,FALSE,FALSE,FALSE,FALSE,,,,,FALSE,,,,,,60,21.163,96.3238,1,0b1010101011000000,21.160437,96.321037,,1,TRUE,outlet,Tm_o;ID_o;Latitude_o;Longitude_o;ECO2LSTE_001_SDS_LST_err_o;QC_bitmask_o;LSTerr_o;Latitude_ref;Longitude_ref,8979,lake_only,kept_main_filled_outlet_from_additional,1,1,,,Kinda,kinda
141,Kinda,2023-02-19T21:35:09Z,94,main_s2mask,94,ECOSTRESS,lake_only,TRUE,FALSE,FALSE,23.68490601,,,55,,24.25,,23.730010986328125,,22.610015869140625,,0.30030036,,70,,70,,,,,,/scratch/mr3882/SEA_dam/LST_processed/sentinel2_water_masks/Kinda/ECOSTRESS/Kinda_ECOv002_L2T_LSTE_26224_004_46QHJ_20230219T213509_0710_01_LST_LST_s2_footprint_water_mask.tif,,,,,,845480,,844360,,2344140,,2343160,,Myanmar,71.9,24308.95,14.5,871,Panlaung Chaung,01/01/2013,155.2270813,21.160437,96.321037,,,,,procurement.dhpi@moep.gov.mm,,2023-02-19T21:35:09Z,2023,2,50,21.585833333333333,4.0072358,94,,,FALSE,FALSE,FALSE,FALSE,,,,,FALSE,,,,,,,,,,,21.160437,96.321037,,,FALSE,none,,,lake_only,kept_unique_main,1,0,,,Kinda,kinda
142,Kinda,2023-02-23T20:01:11Z,95,main_s2mask,95,ECOSTRESS,paired,TRUE,TRUE,TRUE,23.45425415,21.17,-2.28425415,61,,23.95001220703125,,23.589996337890625,,22.07000732421875,,0.411517113,,70,,70,,,,,,/scratch/mr3882/SEA_dam/LST_processed/sentinel2_water_masks/Kinda/ECOSTRESS/Kinda_ECOv002_L2T_LSTE_26285_004_46QHJ_20230223T200111_0712_02_LST_LST_s2_footprint_water_mask.tif,,,,,,845480,,844360,,2344140,,2343160,,Myanmar,71.9,24308.95,14.5,871,Panlaung Chaung,01/01/2013,155.2270813,21.160437,96.321037,,,,,procurement.dhpi@moep.gov.mm,,2023-02-23T20:01:11Z,2023,2,54,20.01972222222222,2.441124688888888,95,,,FALSE,FALSE,FALSE,FALSE,,,,,FALSE,,,,,,60,21.163,96.3238,1.16,0b1001111011000000,21.160437,96.321037,,1.16,TRUE,outlet,Tm_o;ID_o;Latitude_o;Longitude_o;ECO2LSTE_001_SDS_LST_err_o;QC_bitmask_o;LSTerr_o;Latitude_ref;Longitude_ref,8980,lake_only,kept_main_filled_outlet_from_additional,1,1,,,Kinda,kinda
143,Kinda,2023-03-07T15:16:22Z,96,main_s2mask,96,ECOSTRESS,paired,TRUE,TRUE,TRUE,24.78079224,24.85,0.069207764,63,,25.050018310546875,,24.80999755859375,,24.30999755859375,,0.186649486,,70,,70,,,,,,/scratch/mr3882/SEA_dam/LST_processed/sentinel2_water_masks/Kinda/ECOSTRESS/Kinda_ECOv002_L2T_LSTE_26468_003_47QKD_20230307T151622_0711_02_LST_LST_s2_footprint_water_mask.tif,,,,,,222380,,221260,,2342880,,2341900,,Myanmar,71.9,24308.95,14.5,871,Panlaung Chaung,01/01/2013,155.2270813,21.160437,96.321037,,,,,procurement.dhpi@moep.gov.mm,,2023-03-07T15:16:22Z,2023,3,66,15.272777777777778,21.694180244444446,96,,,FALSE,FALSE,FALSE,FALSE,,,,,FALSE,,,,,,60,21.163,96.3238,1.28,0b1001101011000000,21.160437,96.321037,,1.28,TRUE,outlet,Tm_o;ID_o;Latitude_o;Longitude_o;ECO2LSTE_001_SDS_LST_err_o;QC_bitmask_o;LSTerr_o;Latitude_ref;Longitude_ref,8981,lake_only,kept_main_filled_outlet_from_additional,1,1,,,Kinda,kinda
144,Kyee-on-Kyee-wa,2019-12-09T03:55:25Z,97,main_s2mask,97,ECOSTRESS,paired,TRUE,TRUE,TRUE,24.80599976,26.49,1.6840002441405986,5,,25.050018310546875,,24.80999755859375,,24.63000488,,0.168168753,,70,,70,,,,,,/scratch/mr3882/SEA_dam/LST_processed/sentinel2_water_masks/Kyee-on-Kyee-wa/ECOSTRESS/Kyee-on-Kyee-wa_ECOv002_L2T_LSTE_08083_001_46QFH_20191209T035525_0712_01_LST_LST_s2_footprint_water_mask.tif,,,,,,648090,,646970,,2250130,,2249080,,Myanmar,50,6323.42,32.8,571,Mon Chaung,01/01/2013,65.09335327,20.331,94.416,,,,,procurement.dhpi@moep.gov.mm,,2019-12-09T03:55:25Z,2019,12,343,3.923611111111111,10.21801111111111,97,,,FALSE,FALSE,FALSE,FALSE,,,,,FALSE,,,,,,59,20.3363,94.4206,1.24,0b1001101011000000,20.331,94.416,,1.24,TRUE,outlet,Tm_o;ID_o;Latitude_o;Longitude_o;ECO2LSTE_001_SDS_LST_err_o;QC_bitmask_o;LSTerr_o;Latitude_ref;Longitude_ref,8982,lake_only,kept_main_filled_outlet_from_additional,1,1,,,Kyee-on-Kyee-wa,kyeeonkyeewa
145,Kyee-on-Kyee-wa,2019-12-13T02:18:08Z,98,main_s2mask,98,ECOSTRESS,paired,TRUE,TRUE,TRUE,24.16000366,22.11,-2.050003662,4,,24.45001220703125,,24.13000488,,23.92999267578125,,0.260515243,,70,,70,,,,,,/scratch/mr3882/SEA_dam/LST_processed/sentinel2_water_masks/Kyee-on-Kyee-wa/ECOSTRESS/Kyee-on-Kyee-wa_ECOv002_L2T_LSTE_08144_001_46QFH_20191213T021808_0712_01_LST_LST_s2_footprint_water_mask.tif,,,,,,648090,,646970,,2250130,,2249080,,Myanmar,50,6323.42,32.8,571,Mon Chaung,01/01/2013,65.09335327,20.331,94.416,,,,,procurement.dhpi@moep.gov.mm,,2019-12-13T02:18:08Z,2019,12,347,2.302222222222222,8.596622222222221,98,,,FALSE,FALSE,FALSE,FALSE,,,,,FALSE,,,,,,59,20.3363,94.4206,1.24,0b1001101011000000,20.331,94.416,,1.24,TRUE,outlet,Tm_o;ID_o;Latitude_o;Longitude_o;ECO2LSTE_001_SDS_LST_err_o;QC_bitmask_o;LSTerr_o;Latitude_ref;Longitude_ref,8983,lake_only,kept_main_filled_outlet_from_additional,1,1,,,Kyee-on-Kyee-wa,kyeeonkyeewa
146,Kyee-on-Kyee-wa,2019-12-17T00:40:41Z,99,main_s2mask,99,ECOSTRESS,paired,TRUE,TRUE,TRUE,22.9750061,18.01,-4.965006104,4,,23.14999389648437,,23.040008544921875,,22.67001342773437,,0.222329021,,70,,70,,,,,,/scratch/mr3882/SEA_dam/LST_processed/sentinel2_water_masks/Kyee-on-Kyee-wa/ECOSTRESS/Kyee-on-Kyee-wa_ECOv002_L2T_LSTE_08205_001_46QFH_20191217T004041_0712_01_LST_LST_s2_footprint_water_mask.tif,,,,,,648090,,646970,,2250130,,2249080,,Myanmar,50,6323.42,32.8,571,Mon Chaung,01/01/2013,65.09335327,20.331,94.416,,,,,procurement.dhpi@moep.gov.mm,,2019-12-17T00:40:41Z,2019,12,351,0.6780555555555555,6.972455555555555,99,,,FALSE,FALSE,FALSE,FALSE,,,,,FALSE,,,,,,59,20.3363,94.4206,1.12,0b1010111011000000,20.331,94.416,,1.12,TRUE,outlet,Tm_o;ID_o;Latitude_o;Longitude_o;ECO2LSTE_001_SDS_LST_err_o;QC_bitmask_o;LSTerr_o;Latitude_ref;Longitude_ref,8984,lake_only,kept_main_filled_outlet_from_additional,1,1,,,Kyee-on-Kyee-wa,kyeeonkyeewa
147,Kyee-on-Kyee-wa,2019-12-20T23:03:31Z,8985,additional_ecostress,103,ECOSTRESS,outlet_only,FALSE,TRUE,FALSE,,13.77,,,,,,,,,,,,,,,,,,,,,,,,,,,,,,,,,,Myanmar,50,6323.42,32.8,571,Mon Chaung,01/01/2013,65.09335327,20.331,94.416,,,,,procurement.dhpi@moep.gov.mm,,2019-12-20T23:03:31Z,2019,12,354,23.058611111111112,5.353011111111112,,103,0,FALSE,FALSE,FALSE,FALSE,,,,,FALSE,,,,,,59,20.3363,94.4206,0.88,0b1111111011000000,20.331,94.416,,0.88,FALSE,none,,,outlet_only,kept_unique_additional,0,1,additional_ecostress__103,TRUE,Kyee-on-Kyee-wa,kyeeonkyeewa
148,Kyee-on-Kyee-wa,2020-01-12T14:18:15Z,8986,additional_ecostress,104,ECOSTRESS,paired,TRUE,TRUE,TRUE,22.01,18.97,-3.04,,,,,,,,,,,,,,,,,,,,,,,,,,,,,,,,,Myanmar,50,6323.42,32.8,571,Mon Chaung,01/01/2013,65.09335327,20.331,94.416,,,,,procurement.dhpi@moep.gov.mm,,2020-01-12T14:18:15Z,2020,1,12,14.304166666666667,20.598566666666667,,104,1,TRUE,FALSE,FALSE,FALSE,1,100,,,FALSE,59,20.3312,94.4151,1.2,0b1001111011000000,59,20.3363,94.4206,1.2,0b1001111011000000,20.331,94.416,1.2,1.2,FALSE,none,,,paired,kept_unique_additional,0,1,additional_ecostress__104,TRUE,Kyee-on-Kyee-wa,kyeeonkyeewa
149,Kyee-on-Kyee-wa,2020-01-12T14:18:16Z,100,main_s2mask,100,ECOSTRESS,lake_only,TRUE,FALSE,FALSE,23.37802124,,,5,,23.80999755859375,,23.30999755859375,,23.01000977,,0.368935436,,70,,70,,,,,,/scratch/mr3882/SEA_dam/LST_processed/sentinel2_water_masks/Kyee-on-Kyee-wa/ECOSTRESS/Kyee-on-Kyee-wa_ECOv002_L2T_LSTE_08617_001_46QFH_20200112T141816_0712_01_LST_LST_s2_footprint_water_mask.tif,,,,,,648090,,646970,,2250130,,2249080,,Myanmar,50,6323.42,32.8,571,Mon Chaung,01/01/2013,65.09335327,20.331,94.416,,,,,procurement.dhpi@moep.gov.mm,,2020-01-12T14:18:16Z,2020,1,12,14.304444444444446,20.598844444444445,100,,,FALSE,FALSE,FALSE,FALSE,,,,,FALSE,,,,,,,,,,,20.331,94.416,,,FALSE,none,,,lake_only,kept_unique_main,1,0,,,Kyee-on-Kyee-wa,kyeeonkyeewa
150,Kyee-on-Kyee-wa,2020-01-28T07:59:33Z,8987,additional_ecostress,105,ECOSTRESS,paired,TRUE,TRUE,TRUE,26.47,30.47,4,,,,,,,,,,,,,,,,,,,,,,,,,,,,,,,,,Myanmar,50,6323.42,32.8,571,Mon Chaung,01/01/2013,65.09335327,20.331,94.416,,,,,procurement.dhpi@moep.gov.mm,,2020-01-28T07:59:33Z,2020,1,28,7.9925,14.2869,,105,1,TRUE,FALSE,FALSE,FALSE,1,101,,,FALSE,59,20.3312,94.4151,1.16,0b1001101011000000,59,20.3363,94.4206,1.16,0b1001111011000000,20.331,94.416,1.16,1.16,FALSE,none,,,paired,kept_unique_additional,0,1,additional_ecostress__105,TRUE,Kyee-on-Kyee-wa,kyeeonkyeewa
151,Kyee-on-Kyee-wa,2020-01-28T07:59:34Z,101,main_s2mask,101,ECOSTRESS,lake_only,TRUE,FALSE,FALSE,28.13400269,,,5,,29.92999267578125,,28.13000488,,26.029998779296875,,1.514950275,,70,,70,,,,,,/scratch/mr3882/SEA_dam/LST_processed/sentinel2_water_masks/Kyee-on-Kyee-wa/ECOSTRESS/Kyee-on-Kyee-wa_ECOv002_L2T_LSTE_08861_001_46QFH_20200128T075934_0712_01_LST_LST_s2_footprint_water_mask.tif,,,,,,648090,,646970,,2250130,,2249080,,Myanmar,50,6323.42,32.8,571,Mon Chaung,01/01/2013,65.09335327,20.331,94.416,,,,,procurement.dhpi@moep.gov.mm,,2020-01-28T07:59:34Z,2020,1,28,7.9927777777777775,14.287177777777778,101,,,FALSE,FALSE,FALSE,FALSE,,,,,FALSE,,,,,,,,,,,20.331,94.416,,,FALSE,none,,,lake_only,kept_unique_main,1,0,,,Kyee-on-Kyee-wa,kyeeonkyeewa
152,Kyee-on-Kyee-wa,2020-02-01T06:25:58Z,8988,additional_ecostress,106,ECOSTRESS,paired,TRUE,TRUE,TRUE,30.05,33.79,3.7399999999999984,,,,,,,,,,,,,,,,,,,,,,,,,,,,,,,,,Myanmar,50,6323.42,32.8,571,Mon Chaung,01/01/2013,65.09335327,20.331,94.416,,,,,procurement.dhpi@moep.gov.mm,,2020-02-01T06:25:58Z,2020,2,32,6.432777777777778,12.727177777777776,,106,1,TRUE,FALSE,FALSE,FALSE,1,102,,,FALSE,59,20.3312,94.4151,1.28,0b1001101011000000,59,20.3363,94.4206,1.28,0b1001111011000000,20.331,94.416,1.28,1.28,FALSE,none,,,paired,kept_unique_additional,0,1,additional_ecostress__106,TRUE,Kyee-on-Kyee-wa,kyeeonkyeewa
153,Kyee-on-Kyee-wa,2020-02-01T06:25:59Z,102,main_s2mask,102,ECOSTRESS,lake_only,TRUE,FALSE,FALSE,35.37002563,,,3,,38.730010986328125,,34.51000977,,32.86999512,,3.023183823,,70,,70,,,,,,/scratch/mr3882/SEA_dam/LST_processed/sentinel2_water_masks/Kyee-on-Kyee-wa/ECOSTRESS/Kyee-on-Kyee-wa_ECOv002_L2T_LSTE_08922_001_46QFH_20200201T062559_0712_01_LST_LST_s2_footprint_water_mask.tif,,,,,,648090,,646970,,2250130,,2249080,,Myanmar,50,6323.42,32.8,571,Mon Chaung,01/01/2013,65.09335327,20.331,94.416,,,,,procurement.dhpi@moep.gov.mm,,2020-02-01T06:25:59Z,2020,2,32,6.433055555555556,12.727455555555554,102,,,FALSE,FALSE,FALSE,FALSE,,,,,FALSE,,,,,,,,,,,20.331,94.416,,,FALSE,none,,,lake_only,kept_unique_main,1,0,,,Kyee-on-Kyee-wa,kyeeonkyeewa
154,Kyee-on-Kyee-wa,2020-02-13T01:45:25Z,103,main_s2mask,103,ECOSTRESS,paired,TRUE,TRUE,TRUE,20.79000854,21.81,1.0199914550780989,5,,21.13000488,,20.95001220703125,,20.17001342773437,,0.374696434,,70,,70,,,,,,/scratch/mr3882/SEA_dam/LST_processed/sentinel2_water_masks/Kyee-on-Kyee-wa/ECOSTRESS/Kyee-on-Kyee-wa_ECOv002_L2T_LSTE_09105_001_46QFH_20200213T014525_0712_01_LST_LST_s2_footprint_water_mask.tif,,,,,,648090,,646970,,2250130,,2249080,,Myanmar,50,6323.42,32.8,571,Mon Chaung,01/01/2013,65.09335327,20.331,94.416,,,,,procurement.dhpi@moep.gov.mm,,2020-02-13T01:45:25Z,2020,2,44,1.7569444444444444,8.051344444444444,103,,,FALSE,FALSE,FALSE,FALSE,,,,,FALSE,,,,,,59,20.3363,94.4206,0.88,0b1110101011000000,20.331,94.416,,0.88,TRUE,outlet,Tm_o;ID_o;Latitude_o;Longitude_o;ECO2LSTE_001_SDS_LST_err_o;QC_bitmask_o;LSTerr_o;Latitude_ref;Longitude_ref,8989,lake_only,kept_main_filled_outlet_from_additional,1,1,,,Kyee-on-Kyee-wa,kyeeonkyeewa
155,Kyee-on-Kyee-wa,2020-02-20T22:38:12Z,8990,additional_ecostress,108,ECOSTRESS,outlet_only,FALSE,TRUE,FALSE,,15.63,,,,,,,,,,,,,,,,,,,,,,,,,,,,,,,,,,Myanmar,50,6323.42,32.8,571,Mon Chaung,01/01/2013,65.09335327,20.331,94.416,,,,,procurement.dhpi@moep.gov.mm,,2020-02-20T22:38:12Z,2020,2,51,22.636666666666667,4.931066666666666,,108,0,FALSE,FALSE,FALSE,FALSE,,,,,FALSE,,,,,,59,20.3363,94.4206,0.92,0b1110111011000000,20.331,94.416,,0.92,FALSE,none,,,outlet_only,kept_unique_additional,0,1,additional_ecostress__108,TRUE,Kyee-on-Kyee-wa,kyeeonkyeewa
156,Kyee-on-Kyee-wa,2020-02-24T21:04:31Z,104,main_s2mask,104,ECOSTRESS,lake_only,TRUE,FALSE,FALSE,16.08999634,,,5,,16.27001953,,16.13000488,,15.83001708984375,,0.162478849,,70,,70,,,,,,/scratch/mr3882/SEA_dam/LST_processed/sentinel2_water_masks/Kyee-on-Kyee-wa/ECOSTRESS/Kyee-on-Kyee-wa_ECOv002_L2T_LSTE_09288_001_46QFH_20200224T210431_0712_01_LST_LST_s2_footprint_water_mask.tif,,,,,,648090,,646970,,2250130,,2249080,,Myanmar,50,6323.42,32.8,571,Mon Chaung,01/01/2013,65.09335327,20.331,94.416,,,,,procurement.dhpi@moep.gov.mm,,2020-02-24T21:04:31Z,2020,2,55,21.07527777777777,3.369677777777777,104,,,FALSE,FALSE,FALSE,FALSE,,,,,FALSE,,,,,,,,,,,20.331,94.416,,,FALSE,none,,,lake_only,kept_unique_main,1,0,,,Kyee-on-Kyee-wa,kyeeonkyeewa
157,Kyee-on-Kyee-wa,2020-03-03T17:57:47Z,8991,additional_ecostress,109,ECOSTRESS,paired,TRUE,TRUE,TRUE,23.21,21.25,-1.96,,,,,,,,,,,,,,,,,,,,,,,,,,,,,,,,,Myanmar,50,6323.42,32.8,571,Mon Chaung,01/01/2013,65.09335327,20.331,94.416,,,,,procurement.dhpi@moep.gov.mm,,2020-03-03T17:57:47Z,2020,3,63,17.963055555555556,0.2574555555555555,,109,1,TRUE,FALSE,FALSE,FALSE,1,105,,,FALSE,59,20.3312,94.4151,1.28,0b1001111011000000,59,20.3363,94.4206,1.28,0b1001111011000000,20.331,94.416,1.28,1.28,FALSE,none,,,paired,kept_unique_additional,0,1,additional_ecostress__109,TRUE,Kyee-on-Kyee-wa,kyeeonkyeewa
158,Kyee-on-Kyee-wa,2020-03-03T17:57:48Z,105,main_s2mask,105,ECOSTRESS,lake_only,TRUE,FALSE,FALSE,24.46002197,,,6,,24.57000732421875,,24.470001220703125,,24.290008544921875,,0.110814877,,70,,70,,,,,,/scratch/mr3882/SEA_dam/LST_processed/sentinel2_water_masks/Kyee-on-Kyee-wa/ECOSTRESS/Kyee-on-Kyee-wa_ECOv002_L2T_LSTE_09410_002_46QFH_20200303T175748_0712_01_LST_LST_s2_footprint_water_mask.tif,,,,,,648090,,646970,,2250130,,2249080,,Myanmar,50,6323.42,32.8,571,Mon Chaung,01/01/2013,65.09335327,20.331,94.416,,,,,procurement.dhpi@moep.gov.mm,,2020-03-03T17:57:48Z,2020,3,63,17.96333333333333,0.2577333333333307,105,,,FALSE,FALSE,FALSE,FALSE,,,,,FALSE,,,,,,,,,,,20.331,94.416,,,FALSE,none,,,lake_only,kept_unique_main,1,0,,,Kyee-on-Kyee-wa,kyeeonkyeewa
159,Kyee-on-Kyee-wa,2020-03-23T10:09:34Z,8992,additional_ecostress,110,ECOSTRESS,paired,TRUE,TRUE,TRUE,27.79,32.25,4.460000000000001,,,,,,,,,,,,,,,,,,,,,,,,,,,,,,,,,Myanmar,50,6323.42,32.8,571,Mon Chaung,01/01/2013,65.09335327,20.331,94.416,,,,,procurement.dhpi@moep.gov.mm,,2020-03-23T10:09:34Z,2020,3,83,10.159444444444444,16.453844444444442,,110,0,FALSE,FALSE,FALSE,FALSE,,,,,FALSE,59,20.3312,94.4151,1.28,0b1001111011000000,59,20.3363,94.4206,1.28,0b1001101011000000,20.331,94.416,1.28,1.28,FALSE,none,,,paired,kept_unique_additional,0,1,additional_ecostress__110,TRUE,Kyee-on-Kyee-wa,kyeeonkyeewa
160,Kyee-on-Kyee-wa,2020-03-23T19:59:58Z,8993,additional_ecostress,111,ECOSTRESS,outlet_only,FALSE,TRUE,FALSE,,12.37,,,,,,,,,,,,,,,,,,,,,,,,,,,,,,,,,,Myanmar,50,6323.42,32.8,571,Mon Chaung,01/01/2013,65.09335327,20.331,94.416,,,,,procurement.dhpi@moep.gov.mm,,2020-03-23T19:59:58Z,2020,3,83,19.99944444444445,2.2938444444444457,,111,0,FALSE,FALSE,FALSE,FALSE,,,,,FALSE,,,,,,59,20.3363,94.4206,1.16,0b1010101011000000,20.331,94.416,,1.16,FALSE,none,,,outlet_only,kept_unique_additional,0,1,additional_ecostress__111,TRUE,Kyee-on-Kyee-wa,kyeeonkyeewa
161,Kyee-on-Kyee-wa,2020-12-07T03:49:54Z,8994,additional_ecostress,112,ECOSTRESS,paired,TRUE,TRUE,TRUE,25.65,27.73,2.080000000000002,,,,,,,,,,,,,,,,,,,,,,,,,,,,,,,,,Myanmar,50,6323.42,32.8,571,Mon Chaung,01/01/2013,65.09335327,20.331,94.416,,,,,procurement.dhpi@moep.gov.mm,,2020-12-07T03:49:54Z,2020,12,342,3.8316666666666666,10.126066666666668,,112,1,TRUE,FALSE,FALSE,FALSE,1,106,,,FALSE,59,20.3312,94.4151,1.16,0b1001111011000000,59,20.3363,94.4206,1.16,0b1001101011000000,20.331,94.416,1.16,1.16,FALSE,none,,,paired,kept_unique_additional,0,1,additional_ecostress__112,TRUE,Kyee-on-Kyee-wa,kyeeonkyeewa
162,Kyee-on-Kyee-wa,2020-12-07T03:49:55Z,106,main_s2mask,106,ECOSTRESS,lake_only,TRUE,FALSE,FALSE,26.63400269,,,5,,27.589996337890625,,26.610015869140625,,26.029998779296875,,0.649211049,,70,,70,,,,,,/scratch/mr3882/SEA_dam/LST_processed/sentinel2_water_masks/Kyee-on-Kyee-wa/ECOSTRESS/Kyee-on-Kyee-wa_ECOv002_L2T_LSTE_13726_002_46QFH_20201207T034955_0712_01_LST_LST_s2_footprint_water_mask.tif,,,,,,648090,,646970,,2250130,,2249080,,Myanmar,50,6323.42,32.8,571,Mon Chaung,01/01/2013,65.09335327,20.331,94.416,,,,,procurement.dhpi@moep.gov.mm,,2020-12-07T03:49:55Z,2020,12,342,3.831944444444445,10.126344444444443,106,,,FALSE,FALSE,FALSE,FALSE,,,,,FALSE,,,,,,,,,,,20.331,94.416,,,FALSE,none,,,lake_only,kept_unique_main,1,0,,,Kyee-on-Kyee-wa,kyeeonkyeewa
163,Kyee-on-Kyee-wa,2020-12-11T02:16:18Z,8995,additional_ecostress,113,ECOSTRESS,paired,TRUE,TRUE,TRUE,24.33,24.17,-0.16,,,,,,,,,,,,,,,,,,,,,,,,,,,,,,,,,Myanmar,50,6323.42,32.8,571,Mon Chaung,01/01/2013,65.09335327,20.331,94.416,,,,,procurement.dhpi@moep.gov.mm,,2020-12-11T02:16:18Z,2020,12,346,2.2716666666666665,8.566066666666666,,113,1,TRUE,FALSE,FALSE,FALSE,1,107,,,FALSE,59,20.3312,94.4151,1.2,0b1001111011000000,59,20.3363,94.4206,1.2,0b1001111011000000,20.331,94.416,1.2,1.2,FALSE,none,,,paired,kept_unique_additional,0,1,additional_ecostress__113,TRUE,Kyee-on-Kyee-wa,kyeeonkyeewa
164,Kyee-on-Kyee-wa,2020-12-11T02:16:19Z,107,main_s2mask,107,ECOSTRESS,lake_only,TRUE,FALSE,FALSE,24.75799561,,,5,,24.92999267578125,,24.75,,24.529998779296875,,0.150730342,,70,,70,,,,,,/scratch/mr3882/SEA_dam/LST_processed/sentinel2_water_masks/Kyee-on-Kyee-wa/ECOSTRESS/Kyee-on-Kyee-wa_ECOv002_L2T_LSTE_13787_002_46QFH_20201211T021619_0712_01_LST_LST_s2_footprint_water_mask.tif,,,,,,648090,,646970,,2250130,,2249080,,Myanmar,50,6323.42,32.8,571,Mon Chaung,01/01/2013,65.09335327,20.331,94.416,,,,,procurement.dhpi@moep.gov.mm,,2020-12-11T02:16:19Z,2020,12,346,2.2719444444444443,8.566344444444443,107,,,FALSE,FALSE,FALSE,FALSE,,,,,FALSE,,,,,,,,,,,20.331,94.416,,,FALSE,none,,,lake_only,kept_unique_main,1,0,,,Kyee-on-Kyee-wa,kyeeonkyeewa
165,Kyee-on-Kyee-wa,2020-12-22T21:34:40Z,108,main_s2mask,108,ECOSTRESS,paired,TRUE,TRUE,TRUE,23.28604126,16.65,-6.63604126,5,,23.39001465,,23.350006103515625,,23.13000488,,0.126018092,,70,,70,,,,,,/scratch/mr3882/SEA_dam/LST_processed/sentinel2_water_masks/Kyee-on-Kyee-wa/ECOSTRESS/Kyee-on-Kyee-wa_ECOv002_L2T_LSTE_13970_002_46QFH_20201222T213440_0712_01_LST_LST_s2_footprint_water_mask.tif,,,,,,648090,,646970,,2250130,,2249080,,Myanmar,50,6323.42,32.8,571,Mon Chaung,01/01/2013,65.09335327,20.331,94.416,,,,,procurement.dhpi@moep.gov.mm,,2020-12-22T21:34:40Z,2020,12,357,21.57777777777778,3.872177777777779,108,,,FALSE,FALSE,FALSE,FALSE,,,,,FALSE,,,,,,59,20.3363,94.4206,1.04,0b1010111011000000,20.331,94.416,,1.04,TRUE,outlet,Tm_o;ID_o;Latitude_o;Longitude_o;ECO2LSTE_001_SDS_LST_err_o;QC_bitmask_o;LSTerr_o;Latitude_ref;Longitude_ref,8996,lake_only,kept_main_filled_outlet_from_additional,1,1,,,Kyee-on-Kyee-wa,kyeeonkyeewa
166,Kyee-on-Kyee-wa,2020-12-26T20:00:52Z,109,main_s2mask,109,ECOSTRESS,paired,TRUE,TRUE,TRUE,23.55801392,19.17,-4.388013916,5,,23.75,,23.550018310546875,,23.33001708984375,,0.151387975,,70,,70,,,,,,/scratch/mr3882/SEA_dam/LST_processed/sentinel2_water_masks/Kyee-on-Kyee-wa/ECOSTRESS/Kyee-on-Kyee-wa_ECOv002_L2T_LSTE_14031_002_46QFH_20201226T200052_0712_01_LST_LST_s2_footprint_water_mask.tif,,,,,,648090,,646970,,2250130,,2249080,,Myanmar,50,6323.42,32.8,571,Mon Chaung,01/01/2013,65.09335327,20.331,94.416,,,,,procurement.dhpi@moep.gov.mm,,2020-12-26T20:00:52Z,2020,12,361,20.014444444444443,2.3088444444444427,109,,,FALSE,FALSE,FALSE,FALSE,,,,,FALSE,,,,,,59,20.3363,94.4206,1.16,0b1001111011000000,20.331,94.416,,1.16,TRUE,outlet,Tm_o;ID_o;Latitude_o;Longitude_o;ECO2LSTE_001_SDS_LST_err_o;QC_bitmask_o;LSTerr_o;Latitude_ref;Longitude_ref,8997,lake_only,kept_main_filled_outlet_from_additional,1,1,,,Kyee-on-Kyee-wa,kyeeonkyeewa
167,Kyee-on-Kyee-wa,2021-01-15T12:11:29Z,110,main_s2mask,110,ECOSTRESS,lake_only,TRUE,FALSE,FALSE,23.92001343,,,4,,24.33001708984375,,23.839996337890625,,23.67001342773437,,0.284958124,,70,,70,,,,,,/scratch/mr3882/SEA_dam/LST_processed/sentinel2_water_masks/Kyee-on-Kyee-wa/ECOSTRESS/Kyee-on-Kyee-wa_ECOv002_L2T_LSTE_14336_003_46QFH_20210115T121129_0712_01_LST_LST_s2_footprint_water_mask.tif,,,,,,648090,,646970,,2250130,,2249080,,Myanmar,50,6323.42,32.8,571,Mon Chaung,01/01/2013,65.09335327,20.331,94.416,,,,,procurement.dhpi@moep.gov.mm,,2021-01-15T12:11:29Z,2021,1,15,12.19138888888889,18.48578888888889,110,,,FALSE,FALSE,FALSE,FALSE,,,,,FALSE,,,,,,,,,,,20.331,94.416,,,FALSE,none,,,lake_only,kept_unique_main,1,0,,,Kyee-on-Kyee-wa,kyeeonkyeewa
168,Kyee-on-Kyee-wa,2021-01-19T10:37:23Z,8998,additional_ecostress,117,ECOSTRESS,lake_only,TRUE,FALSE,FALSE,23.75,,,,,,,,,,,,,,,,,,,,,,,,,,,,,,,,,,,Myanmar,50,6323.42,32.8,571,Mon Chaung,01/01/2013,65.09335327,20.331,94.416,,,,,procurement.dhpi@moep.gov.mm,,2021-01-19T10:37:23Z,2021,1,19,10.623055555555556,16.917455555555556,,117,0,FALSE,FALSE,FALSE,FALSE,,,,,FALSE,59,20.3312,94.4151,1.4,0b1001111011000000,,,,,,20.331,94.416,1.4,,FALSE,none,,,lake_only,kept_unique_additional,0,1,additional_ecostress__117,TRUE,Kyee-on-Kyee-wa,kyeeonkyeewa
169,Kyee-on-Kyee-wa,2021-01-23T09:03:56Z,111,main_s2mask,111,ECOSTRESS,paired,TRUE,TRUE,TRUE,30.61398315,29.01,-1.603983154,5,,31.45001220703125,,30.490020751953125,,29.490020751953125,,0.759523392,,70,,70,,,,,,/scratch/mr3882/SEA_dam/LST_processed/sentinel2_water_masks/Kyee-on-Kyee-wa/ECOSTRESS/Kyee-on-Kyee-wa_ECOv002_L2T_LSTE_14458_003_46QFH_20210123T090356_0712_01_LST_LST_s2_footprint_water_mask.tif,,,,,,648090,,646970,,2250130,,2249080,,Myanmar,50,6323.42,32.8,571,Mon Chaung,01/01/2013,65.09335327,20.331,94.416,,,,,procurement.dhpi@moep.gov.mm,,2021-01-23T09:03:56Z,2021,1,23,9.065555555555555,15.359955555555556,111,,,FALSE,FALSE,FALSE,FALSE,,,,,FALSE,,,,,,59,20.3363,94.4206,1.16,0b1001111011000000,20.331,94.416,,1.16,TRUE,outlet,Tm_o;ID_o;Latitude_o;Longitude_o;ECO2LSTE_001_SDS_LST_err_o;QC_bitmask_o;LSTerr_o;Latitude_ref;Longitude_ref,8999,lake_only,kept_main_filled_outlet_from_additional,1,1,,,Kyee-on-Kyee-wa,kyeeonkyeewa
170,Kyee-on-Kyee-wa,2021-01-31T05:58:10Z,9000,additional_ecostress,119,ECOSTRESS,paired,TRUE,TRUE,TRUE,28.55,34.05,5.4999999999999964,,,,,,,,,,,,,,,,,,,,,,,,,,,,,,,,,Myanmar,50,6323.42,32.8,571,Mon Chaung,01/01/2013,65.09335327,20.331,94.416,,,,,procurement.dhpi@moep.gov.mm,,2021-01-31T05:58:10Z,2021,1,31,5.969444444444445,12.263844444444445,,119,1,TRUE,FALSE,FALSE,FALSE,1,112,,,FALSE,59,20.3312,94.4151,1.12,0b1010101011000000,59,20.3363,94.4206,1.12,0b1010101011000000,20.331,94.416,1.12,1.12,FALSE,none,,,paired,kept_unique_additional,0,1,additional_ecostress__119,TRUE,Kyee-on-Kyee-wa,kyeeonkyeewa
171,Kyee-on-Kyee-wa,2021-01-31T05:58:11Z,112,main_s2mask,112,ECOSTRESS,lake_only,TRUE,FALSE,FALSE,34.18600464,,,5,,35.33001708984375,,33.92999267578125,,33.089996337890625,,0.845039785,,70,,70,,,,,,/scratch/mr3882/SEA_dam/LST_processed/sentinel2_water_masks/Kyee-on-Kyee-wa/ECOSTRESS/Kyee-on-Kyee-wa_ECOv002_L2T_LSTE_14580_001_46QFH_20210131T055811_0712_01_LST_LST_s2_footprint_water_mask.tif,,,,,,648090,,646970,,2250130,,2249080,,Myanmar,50,6323.42,32.8,571,Mon Chaung,01/01/2013,65.09335327,20.331,94.416,,,,,procurement.dhpi@moep.gov.mm,,2021-01-31T05:58:11Z,2021,1,31,5.969722222222222,12.26412222222222,112,,,FALSE,FALSE,FALSE,FALSE,,,,,FALSE,,,,,,,,,,,20.331,94.416,,,FALSE,none,,,lake_only,kept_unique_main,1,0,,,Kyee-on-Kyee-wa,kyeeonkyeewa
172,Kyee-on-Kyee-wa,2021-02-04T04:25:59Z,9001,additional_ecostress,120,ECOSTRESS,paired,TRUE,TRUE,TRUE,24.59,28.99,4.399999999999999,,,,,,,,,,,,,,,,,,,,,,,,,,,,,,,,,Myanmar,50,6323.42,32.8,571,Mon Chaung,01/01/2013,65.09335327,20.331,94.416,,,,,procurement.dhpi@moep.gov.mm,,2021-02-04T04:25:59Z,2021,2,35,4.433055555555556,10.727455555555554,,120,1,TRUE,FALSE,FALSE,FALSE,1,113,,,FALSE,59,20.3312,94.4151,1.04,0b1010111011000000,59,20.3363,94.4206,1.04,0b1010111011000000,20.331,94.416,1.04,1.04,FALSE,none,,,paired,kept_unique_additional,0,1,additional_ecostress__120,TRUE,Kyee-on-Kyee-wa,kyeeonkyeewa
173,Kyee-on-Kyee-wa,2021-02-04T04:26:00Z,113,main_s2mask,113,ECOSTRESS,lake_only,TRUE,FALSE,FALSE,29.47799683,,,5,,30.19000244140625,,30.110015869140625,,28.17001342773437,,0.930442333,,70,,70,,,,,,/scratch/mr3882/SEA_dam/LST_processed/sentinel2_water_masks/Kyee-on-Kyee-wa/ECOSTRESS/Kyee-on-Kyee-wa_ECOv002_L2T_LSTE_14641_001_46QFH_20210204T042600_0712_01_LST_LST_s2_footprint_water_mask.tif,,,,,,648090,,646970,,2250130,,2249080,,Myanmar,50,6323.42,32.8,571,Mon Chaung,01/01/2013,65.09335327,20.331,94.416,,,,,procurement.dhpi@moep.gov.mm,,2021-02-04T04:26:00Z,2021,2,35,4.433333333333334,10.727733333333331,113,,,FALSE,FALSE,FALSE,FALSE,,,,,FALSE,,,,,,,,,,,20.331,94.416,,,FALSE,none,,,lake_only,kept_unique_main,1,0,,,Kyee-on-Kyee-wa,kyeeonkyeewa
174,Kyee-on-Kyee-wa,2021-02-23T20:41:52Z,9002,additional_ecostress,121,ECOSTRESS,paired,TRUE,TRUE,TRUE,23.05,20.23,-2.82,,,,,,,,,,,,,,,,,,,,,,,,,,,,,,,,,Myanmar,50,6323.42,32.8,571,Mon Chaung,01/01/2013,65.09335327,20.331,94.416,,,,,procurement.dhpi@moep.gov.mm,,2021-02-23T20:41:52Z,2021,2,54,20.697777777777777,2.9921777777777763,,121,0,FALSE,FALSE,FALSE,FALSE,,,,,FALSE,59,20.3312,94.4151,0.84,0b1110111011000000,59,20.3363,94.4206,0.84,0b1110111011000000,20.331,94.416,0.84,0.84,FALSE,none,,,paired,kept_unique_additional,0,1,additional_ecostress__121,TRUE,Kyee-on-Kyee-wa,kyeeonkyeewa
175,Kyee-on-Kyee-wa,2021-02-27T19:08:48Z,9003,additional_ecostress,122,ECOSTRESS,paired,TRUE,TRUE,TRUE,22.33,20.43,-1.9,,,,,,,,,,,,,,,,,,,,,,,,,,,,,,,,,Myanmar,50,6323.42,32.8,571,Mon Chaung,01/01/2013,65.09335327,20.331,94.416,,,,,procurement.dhpi@moep.gov.mm,,2021-02-27T19:08:48Z,2021,2,58,19.146666666666665,1.4410666666666645,,122,1,TRUE,FALSE,FALSE,FALSE,1,114,,,FALSE,59,20.3312,94.4151,1.16,0b1001111011000000,59,20.3363,94.4206,1.16,0b1001111011000000,20.331,94.416,1.16,1.16,FALSE,none,,,paired,kept_unique_additional,0,1,additional_ecostress__122,TRUE,Kyee-on-Kyee-wa,kyeeonkyeewa
176,Kyee-on-Kyee-wa,2021-02-27T19:08:49Z,114,main_s2mask,114,ECOSTRESS,lake_only,TRUE,FALSE,FALSE,23.92599487,,,5,,24.27001953,,23.91000366210937,,23.67001342773437,,0.220183879,,70,,70,,,,,,/scratch/mr3882/SEA_dam/LST_processed/sentinel2_water_masks/Kyee-on-Kyee-wa/ECOSTRESS/Kyee-on-Kyee-wa_ECOv002_L2T_LSTE_15007_002_46QFH_20210227T190849_0712_01_LST_LST_s2_footprint_water_mask.tif,,,,,,648090,,646970,,2250130,,2249080,,Myanmar,50,6323.42,32.8,571,Mon Chaung,01/01/2013,65.09335327,20.331,94.416,,,,,procurement.dhpi@moep.gov.mm,,2021-02-27T19:08:49Z,2021,2,58,19.146944444444443,1.441344444444443,114,,,FALSE,FALSE,FALSE,FALSE,,,,,FALSE,,,,,,,,,,,20.331,94.416,,,FALSE,none,,,lake_only,kept_unique_main,1,0,,,Kyee-on-Kyee-wa,kyeeonkyeewa
177,Kyee-on-Kyee-wa,2021-03-07T16:02:40Z,9004,additional_ecostress,123,ECOSTRESS,paired,TRUE,TRUE,TRUE,23.41,22.47,-0.94,,,,,,,,,,,,,,,,,,,,,,,,,,,,,,,,,Myanmar,50,6323.42,32.8,571,Mon Chaung,01/01/2013,65.09335327,20.331,94.416,,,,,procurement.dhpi@moep.gov.mm,,2021-03-07T16:02:40Z,2021,3,66,16.044444444444448,22.338844444444447,,123,1,TRUE,FALSE,FALSE,FALSE,1,115,,,FALSE,59,20.3312,94.4151,1.12,0b1001111011000000,59,20.3363,94.4206,1.16,0b1001111011000000,20.331,94.416,1.12,1.16,FALSE,none,,,paired,kept_unique_additional,0,1,additional_ecostress__123,TRUE,Kyee-on-Kyee-wa,kyeeonkyeewa
178,Kyee-on-Kyee-wa,2021-03-07T16:02:41Z,115,main_s2mask,115,ECOSTRESS,lake_only,TRUE,FALSE,FALSE,24.54669189,,,6,,24.730010986328125,,24.589996337890625,,24.33001708984375,,0.150419876,,70,,70,,,,,,/scratch/mr3882/SEA_dam/LST_processed/sentinel2_water_masks/Kyee-on-Kyee-wa/ECOSTRESS/Kyee-on-Kyee-wa_ECOv002_L2T_LSTE_15129_002_46QFH_20210307T160241_0712_01_LST_LST_s2_footprint_water_mask.tif,,,,,,648090,,646970,,2250130,,2249080,,Myanmar,50,6323.42,32.8,571,Mon Chaung,01/01/2013,65.09335327,20.331,94.416,,,,,procurement.dhpi@moep.gov.mm,,2021-03-07T16:02:41Z,2021,3,66,16.044722222222223,22.339122222222223,115,,,FALSE,FALSE,FALSE,FALSE,,,,,FALSE,,,,,,,,,,,20.331,94.416,,,FALSE,none,,,lake_only,kept_unique_main,1,0,,,Kyee-on-Kyee-wa,kyeeonkyeewa
179,Kyee-on-Kyee-wa,2021-12-22T21:20:24Z,116,main_s2mask,116,ECOSTRESS,lake_only,TRUE,FALSE,FALSE,24.21499634,,,4,,24.42999267578125,,24.240020751953125,,23.95001220703125,,0.199576735,,70,,70,,,,,,/scratch/mr3882/SEA_dam/LST_processed/sentinel2_water_masks/Kyee-on-Kyee-wa/ECOSTRESS/Kyee-on-Kyee-wa_ECOv002_L2T_LSTE_19639_002_46QFH_20211222T212024_0712_01_LST_LST_s2_footprint_water_mask.tif,,,,,,648090,,646970,,2250130,,2249080,,Myanmar,50,6323.42,32.8,571,Mon Chaung,01/01/2013,65.09335327,20.331,94.416,,,,,procurement.dhpi@moep.gov.mm,,2021-12-22T21:20:24Z,2021,12,356,21.34,3.6344,116,,,FALSE,FALSE,FALSE,FALSE,,,,,FALSE,,,,,,,,,,,20.331,94.416,,,FALSE,none,,,lake_only,kept_unique_main,1,0,,,Kyee-on-Kyee-wa,kyeeonkyeewa
180,Kyee-on-Kyee-wa,2022-01-22T09:22:53Z,117,main_s2mask,117,ECOSTRESS,paired,TRUE,TRUE,TRUE,25.2460022,26.91,1.663997803,5,,25.610015869140625,,25.14999389648437,,24.95001220703125,,0.251955062,,70,,70,,,,,,/scratch/mr3882/SEA_dam/LST_processed/sentinel2_water_masks/Kyee-on-Kyee-wa/ECOSTRESS/Kyee-on-Kyee-wa_ECOv002_L2T_LSTE_20112_003_46QFH_20220122T092253_0712_01_LST_LST_s2_footprint_water_mask.tif,,,,,,648090,,646970,,2250130,,2249080,,Myanmar,50,6323.42,32.8,571,Mon Chaung,01/01/2013,65.09335327,20.331,94.416,,,,,procurement.dhpi@moep.gov.mm,,2022-01-22T09:22:53Z,2022,1,22,9.381388888888887,15.675788888888889,117,,,FALSE,FALSE,FALSE,FALSE,,,,,FALSE,,,,,,59,20.3363,94.4206,1.28,0b1001111011000000,20.331,94.416,,1.28,TRUE,outlet,Tm_o;ID_o;Latitude_o;Longitude_o;ECO2LSTE_001_SDS_LST_err_o;QC_bitmask_o;LSTerr_o;Latitude_ref;Longitude_ref,9005,lake_only,kept_main_filled_outlet_from_additional,1,1,,,Kyee-on-Kyee-wa,kyeeonkyeewa
181,Kyee-on-Kyee-wa,2022-02-07T03:00:13Z,118,main_s2mask,118,ECOSTRESS,paired,TRUE,TRUE,TRUE,22.81799316,23.55,0.7320068359375007,5,,23.490020751953125,,22.63000488,,22.45001220703125,,0.440137178,,70,,70,,,,,,/scratch/mr3882/SEA_dam/LST_processed/sentinel2_water_masks/Kyee-on-Kyee-wa/ECOSTRESS/Kyee-on-Kyee-wa_ECOv002_L2T_LSTE_20356_001_46QFH_20220207T030013_0712_01_LST_LST_s2_footprint_water_mask.tif,,,,,,648090,,646970,,2250130,,2249080,,Myanmar,50,6323.42,32.8,571,Mon Chaung,01/01/2013,65.09335327,20.331,94.416,,,,,procurement.dhpi@moep.gov.mm,,2022-02-07T03:00:13Z,2022,2,38,3.0036111111111112,9.298011111,118,,,FALSE,FALSE,FALSE,FALSE,,,,,FALSE,,,,,,59,20.3363,94.4206,0.92,0b1110101011000000,20.331,94.416,,0.92,TRUE,outlet,Tm_o;ID_o;Latitude_o;Longitude_o;ECO2LSTE_001_SDS_LST_err_o;QC_bitmask_o;LSTerr_o;Latitude_ref;Longitude_ref,9006,lake_only,kept_main_filled_outlet_from_additional,1,1,,,Kyee-on-Kyee-wa,kyeeonkyeewa
182,Kyee-on-Kyee-wa,2022-02-11T01:24:26Z,119,main_s2mask,119,ECOSTRESS,lake_only,TRUE,FALSE,FALSE,21.61499023,,,4,,21.69000244140625,,21.66000366210937,,21.45001220703125,,0.113573551,,70,,70,,,,,,/scratch/mr3882/SEA_dam/LST_processed/sentinel2_water_masks/Kyee-on-Kyee-wa/ECOSTRESS/Kyee-on-Kyee-wa_ECOv002_L2T_LSTE_20417_001_46QFH_20220211T012426_0712_01_LST_LST_s2_footprint_water_mask.tif,,,,,,648090,,646970,,2250130,,2249080,,Myanmar,50,6323.42,32.8,571,Mon Chaung,01/01/2013,65.09335327,20.331,94.416,,,,,procurement.dhpi@moep.gov.mm,,2022-02-11T01:24:26Z,2022,2,42,1.4072222222222222,7.701622222222221,119,,,FALSE,FALSE,FALSE,FALSE,,,,,FALSE,,,,,,,,,,,20.331,94.416,,,FALSE,none,,,lake_only,kept_unique_main,1,0,,,Kyee-on-Kyee-wa,kyeeonkyeewa
183,Kyee-on-Kyee-wa,2022-02-18T22:13:14Z,120,main_s2mask,120,ECOSTRESS,paired,TRUE,TRUE,TRUE,19.3420105,20.89,1.5479895019531007,5,,20.230010986328125,,19.230010986328125,,18.69000244140625,,0.6472435,,70,,70,,,,,,/scratch/mr3882/SEA_dam/LST_processed/sentinel2_water_masks/Kyee-on-Kyee-wa/ECOSTRESS/Kyee-on-Kyee-wa_ECOv002_L2T_LSTE_20539_003_46QFH_20220218T221314_0712_01_LST_LST_s2_footprint_water_mask.tif,,,,,,648090,,646970,,2250130,,2249080,,Myanmar,50,6323.42,32.8,571,Mon Chaung,01/01/2013,65.09335327,20.331,94.416,,,,,procurement.dhpi@moep.gov.mm,,2022-02-18T22:13:14Z,2022,2,49,22.220555555555556,4.514955555555552,120,,,FALSE,FALSE,FALSE,FALSE,,,,,FALSE,,,,,,59,20.3363,94.4206,1.36,0b1001101011000000,20.331,94.416,,1.36,TRUE,outlet,Tm_o;ID_o;Latitude_o;Longitude_o;ECO2LSTE_001_SDS_LST_err_o;QC_bitmask_o;LSTerr_o;Latitude_ref;Longitude_ref,9007,lake_only,kept_main_filled_outlet_from_additional,1,1,,,Kyee-on-Kyee-wa,kyeeonkyeewa
184,Kyee-on-Kyee-wa,2022-02-27T04:51:32Z,121,main_s2mask,121,ECOSTRESS,paired,TRUE,TRUE,TRUE,30.11001587,34.83,4.719984130859398,5,,31.610015869140625,,30.110015869140625,,28.86999512,,0.981740355,,70,,70,,,,,,/scratch/mr3882/SEA_dam/LST_processed/sentinel2_water_masks/Kyee-on-Kyee-wa/ECOSTRESS/Kyee-on-Kyee-wa_ECOv002_L2T_LSTE_20667_013_46QFH_20220227T045132_0712_01_LST_LST_s2_footprint_water_mask.tif,,,,,,648090,,646970,,2250130,,2249080,,Myanmar,50,6323.42,32.8,571,Mon Chaung,01/01/2013,65.09335327,20.331,94.416,,,,,procurement.dhpi@moep.gov.mm,,2022-02-27T04:51:32Z,2022,2,58,4.858888888888888,11.153288888888888,121,,,FALSE,FALSE,FALSE,FALSE,,,,,FALSE,,,,,,59,20.3363,94.4206,1.08,0b1001101011000000,20.331,94.416,,1.08,TRUE,outlet,Tm_o;ID_o;Latitude_o;Longitude_o;ECO2LSTE_001_SDS_LST_err_o;QC_bitmask_o;LSTerr_o;Latitude_ref;Longitude_ref,9008,lake_only,kept_main_filled_outlet_from_additional,1,1,,,Kyee-on-Kyee-wa,kyeeonkyeewa
185,Kyee-on-Kyee-wa,2022-03-01T18:13:23Z,9009,additional_ecostress,129,ECOSTRESS,paired,TRUE,TRUE,TRUE,21.95,20.05,-1.9,,,,,,,,,,,,,,,,,,,,,,,,,,,,,,,,,Myanmar,50,6323.42,32.8,571,Mon Chaung,01/01/2013,65.09335327,20.331,94.416,,,,,procurement.dhpi@moep.gov.mm,,2022-03-01T18:13:23Z,2022,3,60,18.22305555555555,0.5174555555555536,,129,1,TRUE,FALSE,FALSE,FALSE,1,122,,,FALSE,59,20.3312,94.4151,1.32,0b1001111011000000,59,20.3363,94.4206,1.32,0b1001111011000000,20.331,94.416,1.32,1.32,FALSE,none,,,paired,kept_unique_additional,0,1,additional_ecostress__129,TRUE,Kyee-on-Kyee-wa,kyeeonkyeewa
186,Kyee-on-Kyee-wa,2022-03-01T18:13:24Z,122,main_s2mask,122,ECOSTRESS,lake_only,TRUE,FALSE,FALSE,23.35800171,,,5,,23.80999755859375,,23.51000977,,22.63000488,,0.517028093,,70,,70,,,,,,/scratch/mr3882/SEA_dam/LST_processed/sentinel2_water_masks/Kyee-on-Kyee-wa/ECOSTRESS/Kyee-on-Kyee-wa_ECOv002_L2T_LSTE_20707_002_46QFH_20220301T181324_0712_01_LST_LST_s2_footprint_water_mask.tif,,,,,,648090,,646970,,2250130,,2249080,,Myanmar,50,6323.42,32.8,571,Mon Chaung,01/01/2013,65.09335327,20.331,94.416,,,,,procurement.dhpi@moep.gov.mm,,2022-03-01T18:13:24Z,2022,3,60,18.223333333333333,0.5177333333333323,122,,,FALSE,FALSE,FALSE,FALSE,,,,,FALSE,,,,,,,,,,,20.331,94.416,,,FALSE,none,,,lake_only,kept_unique_main,1,0,,,Kyee-on-Kyee-wa,kyeeonkyeewa
187,Kyee-on-Kyee-wa,2022-03-03T03:16:36Z,9010,additional_ecostress,130,ECOSTRESS,paired,TRUE,TRUE,TRUE,26.93,28.63,1.6999999999999993,,,,,,,,,,,,,,,,,,,,,,,,,,,,,,,,,Myanmar,50,6323.42,32.8,571,Mon Chaung,01/01/2013,65.09335327,20.331,94.416,,,,,procurement.dhpi@moep.gov.mm,,2022-03-03T03:16:36Z,2022,3,62,3.2766666666666664,9.571066666666669,,130,1,TRUE,FALSE,FALSE,FALSE,3,123,,,FALSE,59,20.3312,94.4151,1.24,0b1001101011000000,59,20.3363,94.4206,1.24,0b1001111011000000,20.331,94.416,1.24,1.24,FALSE,none,,,paired,kept_unique_additional,0,1,additional_ecostress__130,TRUE,Kyee-on-Kyee-wa,kyeeonkyeewa
188,Kyee-on-Kyee-wa,2022-03-03T03:16:39Z,123,main_s2mask,123,ECOSTRESS,lake_only,TRUE,FALSE,FALSE,26.54199219,,,5,,27.14999389648437,,26.57000732421875,,25.77001953,,0.513721824,,70,,70,,,,,,/scratch/mr3882/SEA_dam/LST_processed/sentinel2_water_masks/Kyee-on-Kyee-wa/ECOSTRESS/Kyee-on-Kyee-wa_ECOv002_L2T_LSTE_20728_016_46QFH_20220303T031639_0712_01_LST_LST_s2_footprint_water_mask.tif,,,,,,648090,,646970,,2250130,,2249080,,Myanmar,50,6323.42,32.8,571,Mon Chaung,01/01/2013,65.09335327,20.331,94.416,,,,,procurement.dhpi@moep.gov.mm,,2022-03-03T03:16:39Z,2022,3,62,3.2775,9.5719,123,,,FALSE,FALSE,FALSE,FALSE,,,,,FALSE,,,,,,,,,,,20.331,94.416,,,FALSE,none,,,lake_only,kept_unique_main,1,0,,,Kyee-on-Kyee-wa,kyeeonkyeewa
189,Kyee-on-Kyee-wa,2022-12-24T20:09:04Z,124,main_s2mask,124,ECOSTRESS,paired,TRUE,TRUE,TRUE,24.61502075,16.07,-8.545020752,4,,24.990020751953125,,24.610015869140625,,24.25,,0.303926796,,70,,70,,,,,,/scratch/mr3882/SEA_dam/LST_processed/sentinel2_water_masks/Kyee-on-Kyee-wa/ECOSTRESS/Kyee-on-Kyee-wa_ECOv002_L2T_LSTE_25339_004_46QFH_20221224T200904_0712_02_LST_LST_s2_footprint_water_mask.tif,,,,,,648090,,646970,,2250130,,2249080,,Myanmar,50,6323.42,32.8,571,Mon Chaung,01/01/2013,65.09335327,20.331,94.416,,,,,procurement.dhpi@moep.gov.mm,,2022-12-24T20:09:04Z,2022,12,358,20.15111111111111,2.4455111111111094,124,,,FALSE,FALSE,FALSE,FALSE,,,,,FALSE,,,,,,59,20.3363,94.4206,1.24,0b1001111011000000,20.331,94.416,,1.24,TRUE,outlet,Tm_o;ID_o;Latitude_o;Longitude_o;ECO2LSTE_001_SDS_LST_err_o;QC_bitmask_o;LSTerr_o;Latitude_ref;Longitude_ref,9011,lake_only,kept_main_filled_outlet_from_additional,1,1,,,Kyee-on-Kyee-wa,kyeeonkyeewa
190,Kyee-on-Kyee-wa,2022-12-26T05:11:32Z,125,main_s2mask,125,ECOSTRESS,paired,TRUE,TRUE,TRUE,27.03500366,29.41,2.3749963378906003,4,,27.350006103515625,,27.19000244140625,,26.41000366210937,,0.426262885,,70,,70,,,,,,/scratch/mr3882/SEA_dam/LST_processed/sentinel2_water_masks/Kyee-on-Kyee-wa/ECOSTRESS/Kyee-on-Kyee-wa_ECOv002_L2T_LSTE_25360_015_46QFH_20221226T051132_0712_02_LST_LST_s2_footprint_water_mask.tif,,,,,,648090,,646970,,2250130,,2249080,,Myanmar,50,6323.42,32.8,571,Mon Chaung,01/01/2013,65.09335327,20.331,94.416,,,,,procurement.dhpi@moep.gov.mm,,2022-12-26T05:11:32Z,2022,12,360,5.192222222222222,11.486622222222222,125,,,FALSE,FALSE,FALSE,FALSE,,,,,FALSE,,,,,,59,20.3363,94.4206,1.2,0b1001111011000000,20.331,94.416,,1.2,TRUE,outlet,Tm_o;ID_o;Latitude_o;Longitude_o;ECO2LSTE_001_SDS_LST_err_o;QC_bitmask_o;LSTerr_o;Latitude_ref;Longitude_ref,9012,lake_only,kept_main_filled_outlet_from_additional,1,1,,,Kyee-on-Kyee-wa,kyeeonkyeewa
191,Kyee-on-Kyee-wa,2023-01-03T01:59:53Z,9013,additional_ecostress,133,ECOSTRESS,paired,TRUE,TRUE,TRUE,21.49,20.57,-0.92,,,,,,,,,,,,,,,,,,,,,,,,,,,,,,,,,Myanmar,50,6323.42,32.8,571,Mon Chaung,01/01/2013,65.09335327,20.331,94.416,,,,,procurement.dhpi@moep.gov.mm,,2023-01-03T01:59:53Z,2023,1,3,1.998055555555556,8.292455555555556,,133,1,TRUE,FALSE,FALSE,FALSE,1,126,,,FALSE,59,20.3312,94.4151,1.32,0b1001111011000000,59,20.3363,94.4206,1.32,0b1001101011000000,20.331,94.416,1.32,1.32,FALSE,none,,,paired,kept_unique_additional,0,1,additional_ecostress__133,TRUE,Kyee-on-Kyee-wa,kyeeonkyeewa
192,Kyee-on-Kyee-wa,2023-01-03T01:59:54Z,126,main_s2mask,126,ECOSTRESS,lake_only,TRUE,FALSE,FALSE,22.41000366,,,4,,22.57000732421875,,22.490020751953125,,22.089996337890625,,0.219093114,,70,,70,,,,,,/scratch/mr3882/SEA_dam/LST_processed/sentinel2_water_masks/Kyee-on-Kyee-wa/ECOSTRESS/Kyee-on-Kyee-wa_ECOv002_L2T_LSTE_25482_009_46QFH_20230103T015954_0712_02_LST_LST_s2_footprint_water_mask.tif,,,,,,648090,,646970,,2250130,,2249080,,Myanmar,50,6323.42,32.8,571,Mon Chaung,01/01/2013,65.09335327,20.331,94.416,,,,,procurement.dhpi@moep.gov.mm,,2023-01-03T01:59:54Z,2023,1,3,1.9983333333333333,8.292733333333333,126,,,FALSE,FALSE,FALSE,FALSE,,,,,FALSE,,,,,,,,,,,20.331,94.416,,,FALSE,none,,,lake_only,kept_unique_main,1,0,,,Kyee-on-Kyee-wa,kyeeonkyeewa
193,Kyee-on-Kyee-wa,2023-01-05T15:21:11Z,127,main_s2mask,127,ECOSTRESS,lake_only,TRUE,FALSE,FALSE,23.37503052,,,4,,23.64999389648437,,23.370025634765625,,23.110015869140625,,0.274399698,,70,,70,,,,,,/scratch/mr3882/SEA_dam/LST_processed/sentinel2_water_masks/Kyee-on-Kyee-wa/ECOSTRESS/Kyee-on-Kyee-wa_ECOv002_L2T_LSTE_25522_002_46QFH_20230105T152111_0712_02_LST_LST_s2_footprint_water_mask.tif,,,,,,648090,,646970,,2250130,,2249080,,Myanmar,50,6323.42,32.8,571,Mon Chaung,01/01/2013,65.09335327,20.331,94.416,,,,,procurement.dhpi@moep.gov.mm,,2023-01-05T15:21:11Z,2023,1,5,15.353055555555557,21.647455555555556,127,,,FALSE,FALSE,FALSE,FALSE,,,,,FALSE,,,,,,,,,,,20.331,94.416,,,FALSE,none,,,lake_only,kept_unique_main,1,0,,,Kyee-on-Kyee-wa,kyeeonkyeewa
194,Kyee-on-Kyee-wa,2023-01-13T12:07:17Z,9014,additional_ecostress,135,ECOSTRESS,outlet_only,FALSE,TRUE,FALSE,,30.69,,,,,,,,,,,,,,,,,,,,,,,,,,,,,,,,,,Myanmar,50,6323.42,32.8,571,Mon Chaung,01/01/2013,65.09335327,20.331,94.416,,,,,procurement.dhpi@moep.gov.mm,,2023-01-13T12:07:17Z,2023,1,13,12.12138888888889,18.41578888888889,,135,0,FALSE,FALSE,FALSE,FALSE,,,,,FALSE,,,,,,59,20.3363,94.4206,1,0b1010111011000000,20.331,94.416,,1,FALSE,none,,,outlet_only,kept_unique_additional,0,1,additional_ecostress__135,TRUE,Kyee-on-Kyee-wa,kyeeonkyeewa
195,Kyee-on-Kyee-wa,2023-01-13T21:57:52Z,9015,additional_ecostress,136,ECOSTRESS,paired,TRUE,TRUE,TRUE,20.03,16.37,-3.66,,,,,,,,,,,,,,,,,,,,,,,,,,,,,,,,,Myanmar,50,6323.42,32.8,571,Mon Chaung,01/01/2013,65.09335327,20.331,94.416,,,,,procurement.dhpi@moep.gov.mm,,2023-01-13T21:57:52Z,2023,1,13,21.96444444444444,4.258844444444442,,136,0,FALSE,FALSE,FALSE,FALSE,,,,,FALSE,59,20.3312,94.4151,0.84,0b1110111011000000,59,20.3363,94.4206,0.84,0b1110111011000000,20.331,94.416,0.84,0.84,FALSE,none,,,paired,kept_unique_additional,0,1,additional_ecostress__136,TRUE,Kyee-on-Kyee-wa,kyeeonkyeewa
196,Kyee-on-Kyee-wa,2023-01-24T08:03:58Z,128,main_s2mask,128,ECOSTRESS,paired,TRUE,TRUE,TRUE,28.29501343,32.21,3.914986572265601,4,,31.290008544921875,,27.68002319335937,,26.529998779296875,,2.077461004,,70,,70,,,,,,/scratch/mr3882/SEA_dam/LST_processed/sentinel2_water_masks/Kyee-on-Kyee-wa/ECOSTRESS/Kyee-on-Kyee-wa_ECOv002_L2T_LSTE_25812_003_46QFH_20230124T080358_0711_01_LST_LST_s2_footprint_water_mask.tif,,,,,,648090,,646970,,2250130,,2249080,,Myanmar,50,6323.42,32.8,571,Mon Chaung,01/01/2013,65.09335327,20.331,94.416,,,,,procurement.dhpi@moep.gov.mm,,2023-01-24T08:03:58Z,2023,1,24,8.066111111111113,14.360511111111112,128,,,FALSE,FALSE,FALSE,FALSE,,,,,FALSE,,,,,,59,20.3363,94.4206,1,0b1010101011000000,20.331,94.416,,1,TRUE,outlet,Tm_o;ID_o;Latitude_o;Longitude_o;ECO2LSTE_001_SDS_LST_err_o;QC_bitmask_o;LSTerr_o;Latitude_ref;Longitude_ref,9016,lake_only,kept_main_filled_outlet_from_additional,1,1,,,Kyee-on-Kyee-wa,kyeeonkyeewa
197,Kyee-on-Kyee-wa,2023-02-09T01:36:36Z,9017,additional_ecostress,138,ECOSTRESS,paired,TRUE,TRUE,TRUE,21.59,19.73,-1.86,,,,,,,,,,,,,,,,,,,,,,,,,,,,,,,,,Myanmar,50,6323.42,32.8,571,Mon Chaung,01/01/2013,65.09335327,20.331,94.416,,,,,procurement.dhpi@moep.gov.mm,,2023-02-09T01:36:36Z,2023,2,40,1.61,7.9044,,138,0,FALSE,FALSE,FALSE,FALSE,,,,,FALSE,59,20.3312,94.4151,1.16,0b1010111011000000,59,20.3363,94.4206,1.16,0b1010111011000000,20.331,94.416,1.16,1.16,FALSE,none,,,paired,kept_unique_additional,0,1,additional_ecostress__138,TRUE,Kyee-on-Kyee-wa,kyeeonkyeewa
198,Kyee-on-Kyee-wa,2023-02-13T09:51:22Z,9018,additional_ecostress,139,ECOSTRESS,paired,TRUE,TRUE,TRUE,27.97,30.69,2.7200000000000024,,,,,,,,,,,,,,,,,,,,,,,,,,,,,,,,,Myanmar,50,6323.42,32.8,571,Mon Chaung,01/01/2013,65.09335327,20.331,94.416,,,,,procurement.dhpi@moep.gov.mm,,2023-02-13T09:51:22Z,2023,2,44,9.856111111,16.150511111111108,,139,1,TRUE,FALSE,FALSE,FALSE,1,129,,,FALSE,59,20.3312,94.4151,1,0b1110101011000000,59,20.3363,94.4206,1,0b1110101011000000,20.331,94.416,1,1,FALSE,none,,,paired,kept_unique_additional,0,1,additional_ecostress__139,TRUE,Kyee-on-Kyee-wa,kyeeonkyeewa
199,Kyee-on-Kyee-wa,2023-02-13T09:51:23Z,129,main_s2mask,129,ECOSTRESS,lake_only,TRUE,FALSE,FALSE,27.41500854,,,4,,28.39001465,,27.25,,26.77001953,,0.690000653,,70,,70,,,,,,/scratch/mr3882/SEA_dam/LST_processed/sentinel2_water_masks/Kyee-on-Kyee-wa/ECOSTRESS/Kyee-on-Kyee-wa_ECOv002_L2T_LSTE_26123_015_46QFH_20230213T095123_0711_02_LST_LST_s2_footprint_water_mask.tif,,,,,,648090,,646970,,2250130,,2249080,,Myanmar,50,6323.42,32.8,571,Mon Chaung,01/01/2013,65.09335327,20.331,94.416,,,,,procurement.dhpi@moep.gov.mm,,2023-02-13T09:51:23Z,2023,2,44,9.856388888888889,16.15078888888889,129,,,FALSE,FALSE,FALSE,FALSE,,,,,FALSE,,,,,,,,,,,20.331,94.416,,,FALSE,none,,,lake_only,kept_unique_main,1,0,,,Kyee-on-Kyee-wa,kyeeonkyeewa
200,Kyee-on-Kyee-wa,2023-02-19T21:35:08Z,9019,additional_ecostress,140,ECOSTRESS,paired,TRUE,TRUE,TRUE,22.07,18.59,-3.48,,,,,,,,,,,,,,,,,,,,,,,,,,,,,,,,,Myanmar,50,6323.42,32.8,571,Mon Chaung,01/01/2013,65.09335327,20.331,94.416,,,,,procurement.dhpi@moep.gov.mm,,2023-02-19T21:35:08Z,2023,2,50,21.585555555555555,3.8799555555555534,,140,1,TRUE,FALSE,FALSE,FALSE,1,130,,,FALSE,59,20.3312,94.4151,1,0b1110111011000000,59,20.3363,94.4206,1,0b1110111011000000,20.331,94.416,1,1,FALSE,none,,,paired,kept_unique_additional,0,1,additional_ecostress__140,TRUE,Kyee-on-Kyee-wa,kyeeonkyeewa
201,Kyee-on-Kyee-wa,2023-02-19T21:35:09Z,130,main_s2mask,130,ECOSTRESS,lake_only,TRUE,FALSE,FALSE,23.18600464,,,5,,23.51000977,,23.13000488,,23.07000732421875,,0.184609607,,70,,70,,,,,,/scratch/mr3882/SEA_dam/LST_processed/sentinel2_water_masks/Kyee-on-Kyee-wa/ECOSTRESS/Kyee-on-Kyee-wa_ECOv002_L2T_LSTE_26224_004_46QFH_20230219T213509_0710_01_LST_LST_s2_footprint_water_mask.tif,,,,,,648090,,646970,,2250130,,2249080,,Myanmar,50,6323.42,32.8,571,Mon Chaung,01/01/2013,65.09335327,20.331,94.416,,,,,procurement.dhpi@moep.gov.mm,,2023-02-19T21:35:09Z,2023,2,50,21.585833333333333,3.880233333333333,130,,,FALSE,FALSE,FALSE,FALSE,,,,,FALSE,,,,,,,,,,,20.331,94.416,,,FALSE,none,,,lake_only,kept_unique_main,1,0,,,Kyee-on-Kyee-wa,kyeeonkyeewa
202,Kyee-on-Kyee-wa,2023-02-23T20:01:11Z,131,main_s2mask,131,ECOSTRESS,paired,TRUE,TRUE,TRUE,23.7800293,19.57,-4.210029297,4,,23.89001465,,23.83001708984375,,23.57000732421875,,0.150999978,,70,,70,,,,,,/scratch/mr3882/SEA_dam/LST_processed/sentinel2_water_masks/Kyee-on-Kyee-wa/ECOSTRESS/Kyee-on-Kyee-wa_ECOv002_L2T_LSTE_26285_004_46QFH_20230223T200111_0710_01_LST_LST_s2_footprint_water_mask.tif,,,,,,648090,,646970,,2250130,,2249080,,Myanmar,50,6323.42,32.8,571,Mon Chaung,01/01/2013,65.09335327,20.331,94.416,,,,,procurement.dhpi@moep.gov.mm,,2023-02-23T20:01:11Z,2023,2,54,20.01972222222222,2.3141222222222204,131,,,FALSE,FALSE,FALSE,FALSE,,,,,FALSE,,,,,,59,20.3363,94.4206,1.08,0b1010111011000000,20.331,94.416,,1.08,TRUE,outlet,Tm_o;ID_o;Latitude_o;Longitude_o;ECO2LSTE_001_SDS_LST_err_o;QC_bitmask_o;LSTerr_o;Latitude_ref;Longitude_ref,9020,lake_only,kept_main_filled_outlet_from_additional,1,1,,,Kyee-on-Kyee-wa,kyeeonkyeewa
203,Kyee-on-Kyee-wa,2023-02-27T18:26:36Z,132,main_s2mask,132,ECOSTRESS,paired,TRUE,TRUE,TRUE,24.14199829,20.09,-4.051998291,5,,24.30999755859375,,24.14999389648437,,23.970001220703125,,0.122145809,,70,,70,,,,,,/scratch/mr3882/SEA_dam/LST_processed/sentinel2_water_masks/Kyee-on-Kyee-wa/ECOSTRESS/Kyee-on-Kyee-wa_ECOv002_L2T_LSTE_26346_002_46QFH_20230227T182636_0710_01_LST_LST_s2_footprint_water_mask.tif,,,,,,648090,,646970,,2250130,,2249080,,Myanmar,50,6323.42,32.8,571,Mon Chaung,01/01/2013,65.09335327,20.331,94.416,,,,,procurement.dhpi@moep.gov.mm,,2023-02-27T18:26:36Z,2023,2,58,18.44333333333333,0.7377333333333347,132,,,FALSE,FALSE,FALSE,FALSE,,,,,FALSE,,,,,,59,20.3363,94.4206,1.24,0b1001111011000000,20.331,94.416,,1.24,TRUE,outlet,Tm_o;ID_o;Latitude_o;Longitude_o;ECO2LSTE_001_SDS_LST_err_o;QC_bitmask_o;LSTerr_o;Latitude_ref;Longitude_ref,9021,lake_only,kept_main_filled_outlet_from_additional,1,1,,,Kyee-on-Kyee-wa,kyeeonkyeewa
204,Kyee-on-Kyee-wa,2023-03-03T16:51:42Z,9022,additional_ecostress,143,ECOSTRESS,paired,TRUE,TRUE,TRUE,23.57,21.83,-1.74,,,,,,,,,,,,,,,,,,,,,,,,,,,,,,,,,Myanmar,50,6323.42,32.8,571,Mon Chaung,01/01/2013,65.09335327,20.331,94.416,,,,,procurement.dhpi@moep.gov.mm,,2023-03-03T16:51:42Z,2023,3,62,16.861666666666668,23.156066666666668,,143,1,TRUE,FALSE,FALSE,FALSE,1,133,,,FALSE,59,20.3312,94.4151,0.96,0b1110111011000000,59,20.3363,94.4206,0.96,0b1110111011000000,20.331,94.416,0.96,0.96,FALSE,none,,,paired,kept_unique_additional,0,1,additional_ecostress__143,TRUE,Kyee-on-Kyee-wa,kyeeonkyeewa
205,Kyee-on-Kyee-wa,2023-03-03T16:51:43Z,133,main_s2mask,133,ECOSTRESS,lake_only,TRUE,FALSE,FALSE,24.20599365,,,5,,24.42999267578125,,24.19000244140625,,24.089996337890625,,0.135198355,,70,,70,,,,,,/scratch/mr3882/SEA_dam/LST_processed/sentinel2_water_masks/Kyee-on-Kyee-wa/ECOSTRESS/Kyee-on-Kyee-wa_ECOv002_L2T_LSTE_26407_004_46QFH_20230303T165143_0710_01_LST_LST_s2_footprint_water_mask.tif,,,,,,648090,,646970,,2250130,,2249080,,Myanmar,50,6323.42,32.8,571,Mon Chaung,01/01/2013,65.09335327,20.331,94.416,,,,,procurement.dhpi@moep.gov.mm,,2023-03-03T16:51:43Z,2023,3,62,16.861944444444447,23.156344444444446,133,,,FALSE,FALSE,FALSE,FALSE,,,,,FALSE,,,,,,,,,,,20.331,94.416,,,FALSE,none,,,lake_only,kept_unique_main,1,0,,,Kyee-on-Kyee-wa,kyeeonkyeewa
206,Kyee-on-Kyee-wa,2023-03-05T01:53:49Z,134,main_s2mask,134,ECOSTRESS,paired,TRUE,TRUE,TRUE,24.27401733,23.95,-0.324017334,5,,24.470001220703125,,24.25,,24.050018310546875,,0.158359066,,70,,70,,,,,,/scratch/mr3882/SEA_dam/LST_processed/sentinel2_water_masks/Kyee-on-Kyee-wa/ECOSTRESS/Kyee-on-Kyee-wa_ECOv002_L2T_LSTE_26428_019_46QFH_20230305T015349_0710_01_LST_LST_s2_footprint_water_mask.tif,,,,,,648090,,646970,,2250130,,2249080,,Myanmar,50,6323.42,32.8,571,Mon Chaung,01/01/2013,65.09335327,20.331,94.416,,,,,procurement.dhpi@moep.gov.mm,,2023-03-05T01:53:49Z,2023,3,64,1.8969444444444443,8.191344444444443,134,,,FALSE,FALSE,FALSE,FALSE,,,,,FALSE,,,,,,59,20.3363,94.4206,1.08,0b1010101011000000,20.331,94.416,,1.08,TRUE,outlet,Tm_o;ID_o;Latitude_o;Longitude_o;ECO2LSTE_001_SDS_LST_err_o;QC_bitmask_o;LSTerr_o;Latitude_ref;Longitude_ref,9023,lake_only,kept_main_filled_outlet_from_additional,1,1,,,Kyee-on-Kyee-wa,kyeeonkyeewa
207,Lower Paunglaung,2019-12-13T02:18:08Z,9024,additional_ecostress,145,ECOSTRESS,paired,TRUE,TRUE,TRUE,22.63,21.29,-1.34,,,,,,,,,,,,,,,,,,,,,,,,,,,,,,,,,Myanmar,131.1,16254.57,17,350,Paung Laung Chaung,01/01/2013,93.11959839,19.785,96.335,,,,,procurement.dhpi@moep.gov.mm,,2019-12-13T02:18:08Z,2019,12,347,2.302222222222222,8.724555555555554,,145,0,FALSE,FALSE,FALSE,FALSE,,,,,FALSE,55,19.7884,96.3375,1.2,0b1001101011000000,55,19.7835,96.3283,1.2,0b1001111011000000,19.785,96.335,1.2,1.2,FALSE,none,,,paired,kept_unique_additional,0,1,additional_ecostress__145,TRUE,Lower Paunglaung,lowerpaunglaung
208,Lower Paunglaung,2019-12-17T00:41:33Z,9025,additional_ecostress,146,ECOSTRESS,paired,TRUE,TRUE,TRUE,21.93,17.91,-4.02,,,,,,,,,,,,,,,,,,,,,,,,,,,,,,,,,Myanmar,131.1,16254.57,17,350,Paung Laung Chaung,01/01/2013,93.11959839,19.785,96.335,,,,,procurement.dhpi@moep.gov.mm,,2019-12-17T00:41:33Z,2019,12,351,0.6925,7.1148333333333325,,146,0,FALSE,FALSE,FALSE,FALSE,,,,,FALSE,55,19.7884,96.3375,1.28,0b1001111011000000,55,19.7835,96.3283,1.28,0b1001111011000000,19.785,96.335,1.28,1.28,FALSE,none,,,paired,kept_unique_additional,0,1,additional_ecostress__146,TRUE,Lower Paunglaung,lowerpaunglaung
209,Lower Paunglaung,2020-01-21T20:11:31Z,9026,additional_ecostress,147,ECOSTRESS,paired,TRUE,TRUE,TRUE,21.85,18.29,-3.56,,,,,,,,,,,,,,,,,,,,,,,,,,,,,,,,,Myanmar,131.1,16254.57,17,350,Paung Laung Chaung,01/01/2013,93.11959839,19.785,96.335,,,,,procurement.dhpi@moep.gov.mm,,2020-01-21T20:11:31Z,2020,1,21,20.191944444444445,2.6142777777777795,,147,0,FALSE,FALSE,FALSE,FALSE,,,,,FALSE,55,19.7884,96.3375,1.28,0b1001111011000000,55,19.7835,96.3283,1.28,0b1001111011000000,19.785,96.335,1.28,1.28,FALSE,none,,,paired,kept_unique_additional,0,1,additional_ecostress__147,TRUE,Lower Paunglaung,lowerpaunglaung
210,Lower Paunglaung,2020-01-28T07:59:33Z,9027,additional_ecostress,148,ECOSTRESS,lake_only,TRUE,FALSE,FALSE,25.47,,,,,,,,,,,,,,,,,,,,,,,,,,,,,,,,,,,Myanmar,131.1,16254.57,17,350,Paung Laung Chaung,01/01/2013,93.11959839,19.785,96.335,,,,,procurement.dhpi@moep.gov.mm,,2020-01-28T07:59:33Z,2020,1,28,7.9925,14.414833333333332,,148,0,FALSE,FALSE,FALSE,FALSE,,,,,FALSE,55,19.7884,96.3375,1.04,0b1010101011000000,,,,,,19.785,96.335,1.04,,FALSE,none,,,lake_only,kept_unique_additional,0,1,additional_ecostress__148,TRUE,Lower Paunglaung,lowerpaunglaung
211,Lower Paunglaung,2020-02-13T01:46:17Z,9028,additional_ecostress,149,ECOSTRESS,paired,TRUE,TRUE,TRUE,20.87,20.85,-0.02,,,,,,,,,,,,,,,,,,,,,,,,,,,,,,,,,Myanmar,131.1,16254.57,17,350,Paung Laung Chaung,01/01/2013,93.11959839,19.785,96.335,,,,,procurement.dhpi@moep.gov.mm,,2020-02-13T01:46:17Z,2020,2,44,1.771388888888889,8.193722222222222,,149,0,FALSE,FALSE,FALSE,FALSE,,,,,FALSE,55,19.7884,96.3375,0.88,0b1110111011000000,55,19.7835,96.3283,0.88,0b1110111011000000,19.785,96.335,0.88,0.88,FALSE,none,,,paired,kept_unique_additional,0,1,additional_ecostress__149,TRUE,Lower Paunglaung,lowerpaunglaung
212,Lower Paunglaung,2020-11-21T10:03:13Z,9029,additional_ecostress,150,ECOSTRESS,paired,TRUE,TRUE,TRUE,26.95,24.79,-2.16,,,,,,,,,,,,,,,,,,,,,,,,,,,,,,,,,Myanmar,131.1,16254.57,17,350,Paung Laung Chaung,01/01/2013,93.11959839,19.785,96.335,,,,,procurement.dhpi@moep.gov.mm,,2020-11-21T10:03:13Z,2020,11,326,10.053611111111111,16.475944444444444,,150,0,FALSE,FALSE,FALSE,FALSE,,,,,FALSE,55,19.7884,96.3375,1.12,0b1001111011000000,55,19.7835,96.3283,1.16,0b1001111011000000,19.785,96.335,1.12,1.16,FALSE,none,,,paired,kept_unique_additional,0,1,additional_ecostress__150,TRUE,Lower Paunglaung,lowerpaunglaung
213,Lower Paunglaung,2020-12-11T02:16:18Z,9030,additional_ecostress,151,ECOSTRESS,paired,TRUE,TRUE,TRUE,23.45,24.19,0.74,,,,,,,,,,,,,,,,,,,,,,,,,,,,,,,,,Myanmar,131.1,16254.57,17,350,Paung Laung Chaung,01/01/2013,93.11959839,19.785,96.335,,,,,procurement.dhpi@moep.gov.mm,,2020-12-11T02:16:18Z,2020,12,346,2.2716666666666665,8.693999999999999,,151,0,FALSE,FALSE,FALSE,FALSE,,,,,FALSE,55,19.7884,96.3375,1.16,0b1001111011000000,55,19.7835,96.3283,1.16,0b1001101011000000,19.785,96.335,1.16,1.16,FALSE,none,,,paired,kept_unique_additional,0,1,additional_ecostress__151,TRUE,Lower Paunglaung,lowerpaunglaung
214,Lower Paunglaung,2021-01-15T12:11:29Z,9031,additional_ecostress,152,ECOSTRESS,paired,TRUE,TRUE,TRUE,22.69,21.83,-0.86,,,,,,,,,,,,,,,,,,,,,,,,,,,,,,,,,Myanmar,131.1,16254.57,17,350,Paung Laung Chaung,01/01/2013,93.11959839,19.785,96.335,,,,,procurement.dhpi@moep.gov.mm,,2021-01-15T12:11:29Z,2021,1,15,12.19138888888889,18.613722222222226,,152,0,FALSE,FALSE,FALSE,FALSE,,,,,FALSE,55,19.7884,96.3375,1.2,0b1001111011000000,55,19.7835,96.3283,1.2,0b1001111011000000,19.785,96.335,1.2,1.2,FALSE,none,,,paired,kept_unique_additional,0,1,additional_ecostress__152,TRUE,Lower Paunglaung,lowerpaunglaung
215,Lower Paunglaung,2021-02-04T04:25:59Z,9032,additional_ecostress,153,ECOSTRESS,paired,TRUE,TRUE,TRUE,23.17,35.31,12.14,,,,,,,,,,,,,,,,,,,,,,,,,,,,,,,,,Myanmar,131.1,16254.57,17,350,Paung Laung Chaung,01/01/2013,93.11959839,19.785,96.335,,,,,procurement.dhpi@moep.gov.mm,,2021-02-04T04:25:59Z,2021,2,35,4.433055555555556,10.85538888888889,,153,0,FALSE,FALSE,FALSE,FALSE,,,,,FALSE,55,19.7884,96.3375,1.04,0b1010111011000000,55,19.7835,96.3283,1.04,0b1010101011000000,19.785,96.335,1.04,1.04,FALSE,none,,,paired,kept_unique_additional,0,1,additional_ecostress__153,TRUE,Lower Paunglaung,lowerpaunglaung
216,Lower Paunglaung,2021-02-27T19:08:48Z,9033,additional_ecostress,154,ECOSTRESS,paired,TRUE,TRUE,TRUE,21.61,19.97,-1.64,,,,,,,,,,,,,,,,,,,,,,,,,,,,,,,,,Myanmar,131.1,16254.57,17,350,Paung Laung Chaung,01/01/2013,93.11959839,19.785,96.335,,,,,procurement.dhpi@moep.gov.mm,,2021-02-27T19:08:48Z,2021,2,58,19.146666666666665,1.5689999999999955,,154,0,FALSE,FALSE,FALSE,FALSE,,,,,FALSE,55,19.7884,96.3375,1.32,0b1001111011000000,55,19.7835,96.3283,1.32,0b1001111011000000,19.785,96.335,1.32,1.32,FALSE,none,,,paired,kept_unique_additional,0,1,additional_ecostress__154,TRUE,Lower Paunglaung,lowerpaunglaung
217,Lower Paunglaung,2021-03-05T02:39:44Z,9034,additional_ecostress,155,ECOSTRESS,paired,TRUE,TRUE,TRUE,22.67,29.45,6.779999999999998,,,,,,,,,,,,,,,,,,,,,,,,,,,,,,,,,Myanmar,131.1,16254.57,17,350,Paung Laung Chaung,01/01/2013,93.11959839,19.785,96.335,,,,,procurement.dhpi@moep.gov.mm,,2021-03-05T02:39:44Z,2021,3,64,2.6622222222222223,9.084555555555555,,155,0,FALSE,FALSE,FALSE,FALSE,,,,,FALSE,55,19.7884,96.3375,0.96,0b1110111011000000,55,19.7835,96.3283,0.96,0b1110111011000000,19.785,96.335,0.96,0.96,FALSE,none,,,paired,kept_unique_additional,0,1,additional_ecostress__155,TRUE,Lower Paunglaung,lowerpaunglaung
218,Lower Paunglaung,2021-03-07T16:02:40Z,9035,additional_ecostress,156,ECOSTRESS,paired,TRUE,TRUE,TRUE,21.57,21.59,0.02,,,,,,,,,,,,,,,,,,,,,,,,,,,,,,,,,Myanmar,131.1,16254.57,17,350,Paung Laung Chaung,01/01/2013,93.11959839,19.785,96.335,,,,,procurement.dhpi@moep.gov.mm,,2021-03-07T16:02:40Z,2021,3,66,16.044444444444448,22.46677777777778,,156,0,FALSE,FALSE,FALSE,FALSE,,,,,FALSE,55,19.7884,96.3375,1.08,0b1010111011000000,55,19.7835,96.3283,1.08,0b1010111011000000,19.785,96.335,1.08,1.08,FALSE,none,,,paired,kept_unique_additional,0,1,additional_ecostress__156,TRUE,Lower Paunglaung,lowerpaunglaung
219,Lower Paunglaung,2021-03-11T14:29:28Z,9036,additional_ecostress,157,ECOSTRESS,paired,TRUE,TRUE,TRUE,22.67,25.23,2.5599999999999987,,,,,,,,,,,,,,,,,,,,,,,,,,,,,,,,,Myanmar,131.1,16254.57,17,350,Paung Laung Chaung,01/01/2013,93.11959839,19.785,96.335,,,,,procurement.dhpi@moep.gov.mm,,2021-03-11T14:29:28Z,2021,3,70,14.49111111111111,20.913444444444444,,157,0,FALSE,FALSE,FALSE,FALSE,,,,,FALSE,55,19.7884,96.3375,1.32,0b1001111011000000,55,19.7835,96.3283,1.32,0b1001111011000000,19.785,96.335,1.32,1.32,FALSE,none,,,paired,kept_unique_additional,0,1,additional_ecostress__157,TRUE,Lower Paunglaung,lowerpaunglaung
220,Lower Paunglaung,2022-01-07T14:56:39Z,9037,additional_ecostress,158,ECOSTRESS,paired,TRUE,TRUE,TRUE,22.37,20.21,-2.16,,,,,,,,,,,,,,,,,,,,,,,,,,,,,,,,,Myanmar,131.1,16254.57,17,350,Paung Laung Chaung,01/01/2013,93.11959839,19.785,96.335,,,,,procurement.dhpi@moep.gov.mm,,2022-01-07T14:56:39Z,2022,1,7,14.944166666666668,21.3665,,158,0,FALSE,FALSE,FALSE,FALSE,,,,,FALSE,55,19.7884,96.3375,1.28,0b1001111011000000,55,19.7835,96.3283,1.28,0b1001111011000000,19.785,96.335,1.28,1.28,FALSE,none,,,paired,kept_unique_additional,0,1,additional_ecostress__158,TRUE,Lower Paunglaung,lowerpaunglaung
221,Lower Paunglaung,2022-01-23T08:35:27Z,9038,additional_ecostress,159,ECOSTRESS,paired,TRUE,TRUE,TRUE,23.77,33.93,10.16,,,,,,,,,,,,,,,,,,,,,,,,,,,,,,,,,Myanmar,131.1,16254.57,17,350,Paung Laung Chaung,01/01/2013,93.11959839,19.785,96.335,,,,,procurement.dhpi@moep.gov.mm,,2022-01-23T08:35:27Z,2022,1,23,8.590833333333334,15.013166666666669,,159,0,FALSE,FALSE,FALSE,FALSE,,,,,FALSE,55,19.7884,96.3375,1.36,0b1001111011000000,55,19.7835,96.3283,1.36,0b1001101011000000,19.785,96.335,1.36,1.36,FALSE,none,,,paired,kept_unique_additional,0,1,additional_ecostress__159,TRUE,Lower Paunglaung,lowerpaunglaung
222,Lower Paunglaung,2022-01-23T18:26:23Z,9039,additional_ecostress,160,ECOSTRESS,paired,TRUE,TRUE,TRUE,21.63,16.69,-4.94,,,,,,,,,,,,,,,,,,,,,,,,,,,,,,,,,Myanmar,131.1,16254.57,17,350,Paung Laung Chaung,01/01/2013,93.11959839,19.785,96.335,,,,,procurement.dhpi@moep.gov.mm,,2022-01-23T18:26:23Z,2022,1,23,18.439722222222223,0.8620555555555569,,160,0,FALSE,FALSE,FALSE,FALSE,,,,,FALSE,55,19.7884,96.3375,1.24,0b1001111011000000,55,19.7835,96.3283,1.24,0b1001111011000000,19.785,96.335,1.24,1.24,FALSE,none,,,paired,kept_unique_additional,0,1,additional_ecostress__160,TRUE,Lower Paunglaung,lowerpaunglaung
223,Lower Paunglaung,2022-02-07T03:01:05Z,9040,additional_ecostress,161,ECOSTRESS,paired,TRUE,TRUE,TRUE,21.85,26.05,4.199999999999999,,,,,,,,,,,,,,,,,,,,,,,,,,,,,,,,,Myanmar,131.1,16254.57,17,350,Paung Laung Chaung,01/01/2013,93.11959839,19.785,96.335,,,,,procurement.dhpi@moep.gov.mm,,2022-02-07T03:01:05Z,2022,2,38,3.018055555555556,9.440388888888888,,161,0,FALSE,FALSE,FALSE,FALSE,,,,,FALSE,55,19.7884,96.3375,0.96,0b1110101011000000,55,19.7835,96.3283,0.96,0b1110101011000000,19.785,96.335,0.96,0.96,FALSE,none,,,paired,kept_unique_additional,0,1,additional_ecostress__161,TRUE,Lower Paunglaung,lowerpaunglaung
224,Lower Paunglaung,2022-02-14T23:49:37Z,9041,additional_ecostress,162,ECOSTRESS,paired,TRUE,TRUE,TRUE,20.27,14.09,-6.18,,,,,,,,,,,,,,,,,,,,,,,,,,,,,,,,,Myanmar,131.1,16254.57,17,350,Paung Laung Chaung,01/01/2013,93.11959839,19.785,96.335,,,,,procurement.dhpi@moep.gov.mm,,2022-02-14T23:49:37Z,2022,2,45,23.826944444444443,6.2492777777777775,,162,0,FALSE,FALSE,FALSE,FALSE,,,,,FALSE,55,19.7884,96.3375,0.96,0b1110111011000000,55,19.7835,96.3283,0.96,0b1110111011000000,19.785,96.335,0.96,0.96,FALSE,none,,,paired,kept_unique_additional,0,1,additional_ecostress__162,TRUE,Lower Paunglaung,lowerpaunglaung
225,Lower Paunglaung,2022-02-26T19:01:05Z,9042,additional_ecostress,163,ECOSTRESS,paired,TRUE,TRUE,TRUE,20.91,18.57,-2.34,,,,,,,,,,,,,,,,,,,,,,,,,,,,,,,,,Myanmar,131.1,16254.57,17,350,Paung Laung Chaung,01/01/2013,93.11959839,19.785,96.335,,,,,procurement.dhpi@moep.gov.mm,,2022-02-26T19:01:05Z,2022,2,57,19.01805555555556,1.440388889,,163,0,FALSE,FALSE,FALSE,FALSE,,,,,FALSE,55,19.7884,96.3375,1.08,0b1010111011000000,55,19.7835,96.3283,1.08,0b1010111011000000,19.785,96.335,1.08,1.08,FALSE,none,,,paired,kept_unique_additional,0,1,additional_ecostress__163,TRUE,Lower Paunglaung,lowerpaunglaung
226,Lower Paunglaung,2022-02-27T04:51:32Z,9043,additional_ecostress,164,ECOSTRESS,paired,TRUE,TRUE,TRUE,24.23,41.57,17.34,,,,,,,,,,,,,,,,,,,,,,,,,,,,,,,,,Myanmar,131.1,16254.57,17,350,Paung Laung Chaung,01/01/2013,93.11959839,19.785,96.335,,,,,procurement.dhpi@moep.gov.mm,,2022-02-27T04:51:32Z,2022,2,58,4.858888888888888,11.28122222222222,,164,0,FALSE,FALSE,FALSE,FALSE,,,,,FALSE,55,19.7884,96.3375,1.12,0b1010111011000000,55,19.7835,96.3283,1.12,0b1010111011000000,19.785,96.335,1.12,1.12,FALSE,none,,,paired,kept_unique_additional,0,1,additional_ecostress__164,TRUE,Lower Paunglaung,lowerpaunglaung
227,Lower Paunglaung,2023-01-09T13:44:42Z,9044,additional_ecostress,165,ECOSTRESS,paired,TRUE,TRUE,TRUE,22.69,20.31,-2.38,,,,,,,,,,,,,,,,,,,,,,,,,,,,,,,,,Myanmar,131.1,16254.57,17,350,Paung Laung Chaung,01/01/2013,93.11959839,19.785,96.335,,,,,procurement.dhpi@moep.gov.mm,,2023-01-09T13:44:42Z,2023,1,9,13.745,20.16733333333333,,165,0,FALSE,FALSE,FALSE,FALSE,,,,,FALSE,55,19.7884,96.3375,1.32,0b1001111011000000,55,19.7835,96.3283,1.32,0b1001111011000000,19.785,96.335,1.32,1.32,FALSE,none,,,paired,kept_unique_additional,0,1,additional_ecostress__165,TRUE,Lower Paunglaung,lowerpaunglaung
228,Lower Paunglaung,2023-01-13T12:07:17Z,9045,additional_ecostress,166,ECOSTRESS,paired,TRUE,TRUE,TRUE,22.89,21.57,-1.32,,,,,,,,,,,,,,,,,,,,,,,,,,,,,,,,,Myanmar,131.1,16254.57,17,350,Paung Laung Chaung,01/01/2013,93.11959839,19.785,96.335,,,,,procurement.dhpi@moep.gov.mm,,2023-01-13T12:07:17Z,2023,1,13,12.12138888888889,18.543722222222225,,166,0,FALSE,FALSE,FALSE,FALSE,,,,,FALSE,55,19.7884,96.3375,0.96,0b1110101011000000,55,19.7835,96.3283,0.96,0b1110111011000000,19.785,96.335,0.96,0.96,FALSE,none,,,paired,kept_unique_additional,0,1,additional_ecostress__166,TRUE,Lower Paunglaung,lowerpaunglaung
229,Lower Paunglaung,2023-01-17T10:29:20Z,9046,additional_ecostress,167,ECOSTRESS,paired,TRUE,TRUE,TRUE,23.43,25.65,2.219999999999999,,,,,,,,,,,,,,,,,,,,,,,,,,,,,,,,,Myanmar,131.1,16254.57,17,350,Paung Laung Chaung,01/01/2013,93.11959839,19.785,96.335,,,,,procurement.dhpi@moep.gov.mm,,2023-01-17T10:29:20Z,2023,1,17,10.488888888888887,16.91122222222222,,167,0,FALSE,FALSE,FALSE,FALSE,,,,,FALSE,55,19.7884,96.3375,1.16,0b1001111011000000,55,19.7835,96.3283,1.16,0b1001111011000000,19.785,96.335,1.16,1.16,FALSE,none,,,paired,kept_unique_additional,0,1,additional_ecostress__167,TRUE,Lower Paunglaung,lowerpaunglaung
230,Lower Paunglaung,2023-02-09T01:36:36Z,9047,additional_ecostress,168,ECOSTRESS,paired,TRUE,TRUE,TRUE,21.33,18.69,-2.64,,,,,,,,,,,,,,,,,,,,,,,,,,,,,,,,,Myanmar,131.1,16254.57,17,350,Paung Laung Chaung,01/01/2013,93.11959839,19.785,96.335,,,,,procurement.dhpi@moep.gov.mm,,2023-02-09T01:36:36Z,2023,2,40,1.61,8.032333333333332,,168,0,FALSE,FALSE,FALSE,FALSE,,,,,FALSE,55,19.7884,96.3375,0.92,0b1110111011000000,55,19.7835,96.3283,0.92,0b1110111011000000,19.785,96.335,0.92,0.92,FALSE,none,,,paired,kept_unique_additional,0,1,additional_ecostress__168,TRUE,Lower Paunglaung,lowerpaunglaung
231,Lower Paunglaung,2023-02-13T09:51:22Z,9048,additional_ecostress,169,ECOSTRESS,paired,TRUE,TRUE,TRUE,26.51,33.55,7.039999999999996,,,,,,,,,,,,,,,,,,,,,,,,,,,,,,,,,Myanmar,131.1,16254.57,17,350,Paung Laung Chaung,01/01/2013,93.11959839,19.785,96.335,,,,,procurement.dhpi@moep.gov.mm,,2023-02-13T09:51:22Z,2023,2,44,9.856111111,16.278444444444442,,169,0,FALSE,FALSE,FALSE,FALSE,,,,,FALSE,55,19.7884,96.3375,1.16,0b1010101011000000,55,19.7835,96.3283,1.16,0b1010111011000000,19.785,96.335,1.16,1.16,FALSE,none,,,paired,kept_unique_additional,0,1,additional_ecostress__169,TRUE,Lower Paunglaung,lowerpaunglaung
232,Lower Paunglaung,2023-02-24T19:13:17Z,9049,additional_ecostress,170,ECOSTRESS,paired,TRUE,TRUE,TRUE,23.01,21.41,-1.6,,,,,,,,,,,,,,,,,,,,,,,,,,,,,,,,,Myanmar,131.1,16254.57,17,350,Paung Laung Chaung,01/01/2013,93.11959839,19.785,96.335,,,,,procurement.dhpi@moep.gov.mm,,2023-02-24T19:13:17Z,2023,2,55,19.22138888888889,1.6437222222222232,,170,0,FALSE,FALSE,FALSE,FALSE,,,,,FALSE,55,19.7884,96.3375,1.4,0b1001111011000000,55,19.7835,96.3283,1.4,0b1001111011000000,19.785,96.335,1.4,1.4,FALSE,none,,,paired,kept_unique_additional,0,1,additional_ecostress__170,TRUE,Lower Paunglaung,lowerpaunglaung
233,Lower Paunglaung,2019-12-13T02:18:08Z,135,main_s2mask,135,ECOSTRESS,lake_only,TRUE,FALSE,FALSE,22.58999634,,,41,,23.33001708984375,,22.490020751953125,,21.39001465,,0.408042252,,70,,70,,,,,,/scratch/mr3882/SEA_dam/LST_processed/sentinel2_water_masks/LowerPaunglaung/ECOSTRESS/LowerPaunglaung_ECOv002_L2T_LSTE_08144_001_47QKB_20191213T021808_0712_01_LST_LST_s2_footprint_water_mask.tif,,,,,,221120,,220070,,2190780,,2189660,,,,,,,,,93.11959839,19.785,96.335,,,,,,,2019-12-13T02:18:08Z,2019,12,347,2.302222222222222,2.302222222222222,135,,,FALSE,FALSE,FALSE,FALSE,,,,,FALSE,,,,,,,,,,,19.785,96.335,,,FALSE,none,,,lake_only,kept_unique_main,1,0,,,LowerPaunglaung,lowerpaunglaung
234,Lower Paunglaung,2019-12-17T00:41:33Z,136,main_s2mask,136,ECOSTRESS,lake_only,TRUE,FALSE,FALSE,21.8034668,,,37,,22.83001708984375,,21.709991455078125,,20.27001953,,0.568799436,,70,,70,,,,,,/scratch/mr3882/SEA_dam/LST_processed/sentinel2_water_masks/LowerPaunglaung/ECOSTRESS/LowerPaunglaung_ECOv002_L2T_LSTE_08205_002_46QHG_20191217T004133_0712_01_LST_LST_s2_footprint_water_mask.tif,,,,,,849820,,848770,,2191970,,2190920,,,,,,,,,93.11959839,19.785,96.335,,,,,,,2019-12-17T00:41:33Z,2019,12,351,0.6925,0.6925,136,,,FALSE,FALSE,FALSE,FALSE,,,,,FALSE,,,,,,,,,,,19.785,96.335,,,FALSE,none,,,lake_only,kept_unique_main,1,0,,,LowerPaunglaung,lowerpaunglaung
235,Lower Paunglaung,2020-01-21T20:11:31Z,137,main_s2mask,137,ECOSTRESS,lake_only,TRUE,FALSE,FALSE,21.52920532,,,25,,22.490020751953125,,21.69000244140625,,19.730010986328125,,0.712520361,,70,,70,,,,,,/scratch/mr3882/SEA_dam/LST_processed/sentinel2_water_masks/LowerPaunglaung/ECOSTRESS/LowerPaunglaung_ECOv002_L2T_LSTE_08760_010_46QHH_20200121T201131_0712_01_LST_LST_s2_footprint_water_mask.tif,,,,,,849820,,848770,,2192030,,2190910,,,,,,,,,93.11959839,19.785,96.335,,,,,,,2020-01-21T20:11:31Z,2020,1,21,20.191944444444445,20.191944444444445,137,,,FALSE,FALSE,FALSE,FALSE,,,,,FALSE,,,,,,,,,,,19.785,96.335,,,FALSE,none,,,lake_only,kept_unique_main,1,0,,,LowerPaunglaung,lowerpaunglaung
236,Lower Paunglaung,2020-01-28T07:59:34Z,138,main_s2mask,138,ECOSTRESS,lake_only,TRUE,FALSE,FALSE,26.51000977,,,26,,28.39001465,,26.529998779296875,,24.850006103515625,,1.071640968,,70,,70,,,,,,/scratch/mr3882/SEA_dam/LST_processed/sentinel2_water_masks/LowerPaunglaung/ECOSTRESS/LowerPaunglaung_ECOv002_L2T_LSTE_08861_001_46QHG_20200128T075934_0712_01_LST_LST_s2_footprint_water_mask.tif,,,,,,849820,,848770,,2191970,,2190920,,,,,,,,,93.11959839,19.785,96.335,,,,,,,2020-01-28T07:59:34Z,2020,1,28,7.9927777777777775,7.9927777777777775,138,,,FALSE,FALSE,FALSE,FALSE,,,,,FALSE,,,,,,,,,,,19.785,96.335,,,FALSE,none,,,lake_only,kept_unique_main,1,0,,,LowerPaunglaung,lowerpaunglaung
237,Lower Paunglaung,2020-02-13T01:46:17Z,139,main_s2mask,139,ECOSTRESS,lake_only,TRUE,FALSE,FALSE,19.44265747,,,38,,20.83001708984375,,19.589996337890625,,18.110015869140625,,0.616728604,,70,,70,,,,,,/scratch/mr3882/SEA_dam/LST_processed/sentinel2_water_masks/LowerPaunglaung/ECOSTRESS/LowerPaunglaung_ECOv002_L2T_LSTE_09105_002_46QHG_20200213T014617_0712_01_LST_LST_s2_footprint_water_mask.tif,,,,,,849820,,848770,,2191970,,2190920,,,,,,,,,93.11959839,19.785,96.335,,,,,,,2020-02-13T01:46:17Z,2020,2,44,1.771388888888889,1.771388888888889,139,,,FALSE,FALSE,FALSE,FALSE,,,,,FALSE,,,,,,,,,,,19.785,96.335,,,FALSE,none,,,lake_only,kept_unique_main,1,0,,,LowerPaunglaung,lowerpaunglaung
238,Lower Paunglaung,2020-11-21T10:03:14Z,140,main_s2mask,140,ECOSTRESS,lake_only,TRUE,FALSE,FALSE,26.93432617,,,37,,28.589996337890625,,26.75,,25.730010986328125,,0.670208097,,70,,70,,,,,,/scratch/mr3882/SEA_dam/LST_processed/sentinel2_water_masks/LowerPaunglaung/ECOSTRESS/LowerPaunglaung_ECOv002_L2T_LSTE_13482_002_46QHG_20201121T100314_0712_01_LST_LST_s2_footprint_water_mask.tif,,,,,,849820,,848770,,2191970,,2190920,,,,,,,,,93.11959839,19.785,96.335,,,,,,,2020-11-21T10:03:14Z,2020,11,326,10.05388888888889,10.05388888888889,140,,,FALSE,FALSE,FALSE,FALSE,,,,,FALSE,,,,,,,,,,,19.785,96.335,,,FALSE,none,,,lake_only,kept_unique_main,1,0,,,LowerPaunglaung,lowerpaunglaung
239,Lower Paunglaung,2020-12-11T02:16:19Z,141,main_s2mask,141,ECOSTRESS,lake_only,TRUE,FALSE,FALSE,23.93756104,,,37,,24.41000366210937,,23.990020751953125,,23.14999389648437,,0.31228289,,70,,70,,,,,,/scratch/mr3882/SEA_dam/LST_processed/sentinel2_water_masks/LowerPaunglaung/ECOSTRESS/LowerPaunglaung_ECOv002_L2T_LSTE_13787_002_47QKB_20201211T021619_0712_01_LST_LST_s2_footprint_water_mask.tif,,,,,,221120,,220070,,2190780,,2189660,,,,,,,,,93.11959839,19.785,96.335,,,,,,,2020-12-11T02:16:19Z,2020,12,346,2.2719444444444443,2.2719444444444443,141,,,FALSE,FALSE,FALSE,FALSE,,,,,FALSE,,,,,,,,,,,19.785,96.335,,,FALSE,none,,,lake_only,kept_unique_main,1,0,,,LowerPaunglaung,lowerpaunglaung
240,Lower Paunglaung,2021-01-15T12:11:29Z,142,main_s2mask,142,ECOSTRESS,lake_only,TRUE,FALSE,FALSE,23.03369141,,,38,,23.75,,23.01000977,,22.209991455078125,,0.313785106,,70,,70,,,,,,/scratch/mr3882/SEA_dam/LST_processed/sentinel2_water_masks/LowerPaunglaung/ECOSTRESS/LowerPaunglaung_ECOv002_L2T_LSTE_14336_003_46QHH_20210115T121129_0712_01_LST_LST_s2_footprint_water_mask.tif,,,,,,849820,,848770,,2192030,,2190910,,,,,,,,,93.11959839,19.785,96.335,,,,,,,2021-01-15T12:11:29Z,2021,1,15,12.19138888888889,12.19138888888889,142,,,FALSE,FALSE,FALSE,FALSE,,,,,FALSE,,,,,,,,,,,19.785,96.335,,,FALSE,none,,,lake_only,kept_unique_main,1,0,,,LowerPaunglaung,lowerpaunglaung
241,Lower Paunglaung,2021-02-04T04:26:00Z,143,main_s2mask,143,ECOSTRESS,lake_only,TRUE,FALSE,FALSE,26.243927,,,23,,29.209991455078125,,25.86999512,,24.41000366210937,,1.435728788,,70,,70,,,,,,/scratch/mr3882/SEA_dam/LST_processed/sentinel2_water_masks/LowerPaunglaung/ECOSTRESS/LowerPaunglaung_ECOv002_L2T_LSTE_14641_001_47QKC_20210204T042600_0712_01_LST_LST_s2_footprint_water_mask.tif,,,,,,221120,,220070,,2190770,,2190280,,,,,,,,,93.11959839,19.785,96.335,,,,,,,2021-02-04T04:26:00Z,2021,2,35,4.433333333333334,4.433333333333334,143,,,FALSE,FALSE,FALSE,FALSE,,,,,FALSE,,,,,,,,,,,19.785,96.335,,,FALSE,none,,,lake_only,kept_unique_main,1,0,,,LowerPaunglaung,lowerpaunglaung
242,Lower Paunglaung,2021-02-27T19:08:49Z,144,main_s2mask,144,ECOSTRESS,lake_only,TRUE,FALSE,FALSE,21.91717529,,,39,,22.75,,22.01000977,,20.850006103515625,,0.549400568,,70,,70,,,,,,/scratch/mr3882/SEA_dam/LST_processed/sentinel2_water_masks/LowerPaunglaung/ECOSTRESS/LowerPaunglaung_ECOv002_L2T_LSTE_15007_002_46QHG_20210227T190849_0712_01_LST_LST_s2_footprint_water_mask.tif,,,,,,849820,,848770,,2191970,,2190920,,,,,,,,,93.11959839,19.785,96.335,,,,,,,2021-02-27T19:08:49Z,2021,2,58,19.146944444444443,19.146944444444443,144,,,FALSE,FALSE,FALSE,FALSE,,,,,FALSE,,,,,,,,,,,19.785,96.335,,,FALSE,none,,,lake_only,kept_unique_main,1,0,,,LowerPaunglaung,lowerpaunglaung
243,Lower Paunglaung,2021-03-05T02:39:44Z,145,main_s2mask,145,ECOSTRESS,lake_only,TRUE,FALSE,FALSE,24.42654419,,,29,,26.610015869140625,,24.230010986328125,,23.36999512,,0.96309334,,70,,70,,,,,,/scratch/mr3882/SEA_dam/LST_processed/sentinel2_water_masks/LowerPaunglaung/ECOSTRESS/LowerPaunglaung_ECOv002_L2T_LSTE_15089_007_47QKC_20210305T023944_0712_01_LST_LST_s2_footprint_water_mask.tif,,,,,,221120,,220070,,2190770,,2190280,,,,,,,,,93.11959839,19.785,96.335,,,,,,,2021-03-05T02:39:44Z,2021,3,64,2.6622222222222223,2.6622222222222223,145,,,FALSE,FALSE,FALSE,FALSE,,,,,FALSE,,,,,,,,,,,19.785,96.335,,,FALSE,none,,,lake_only,kept_unique_main,1,0,,,LowerPaunglaung,lowerpaunglaung
244,Lower Paunglaung,2022-01-07T14:56:39Z,146,main_s2mask,146,ECOSTRESS,lake_only,TRUE,FALSE,FALSE,22.29580688,,,38,,23.050018310546875,,22.290008544921875,,20.91000366210937,,0.582832158,,70,,70,,,,,,/scratch/mr3882/SEA_dam/LST_processed/sentinel2_water_masks/LowerPaunglaung/ECOSTRESS/LowerPaunglaung_ECOv002_L2T_LSTE_19883_003_46QHH_20220107T145639_0712_01_LST_LST_s2_footprint_water_mask.tif,,,,,,849820,,848770,,2192030,,2190910,,,,,,,,,93.11959839,19.785,96.335,,,,,,,2022-01-07T14:56:39Z,2022,1,7,14.944166666666668,14.944166666666668,146,,,FALSE,FALSE,FALSE,FALSE,,,,,FALSE,,,,,,,,,,,19.785,96.335,,,FALSE,none,,,lake_only,kept_unique_main,1,0,,,LowerPaunglaung,lowerpaunglaung
245,Lower Paunglaung,2022-01-23T08:35:27Z,147,main_s2mask,147,ECOSTRESS,lake_only,TRUE,FALSE,FALSE,24.70999146,,,1,,24.709991455078125,,24.709991455078125,,24.709991455078125,,,,70,,70,,,,,,/scratch/mr3882/SEA_dam/LST_processed/sentinel2_water_masks/LowerPaunglaung/ECOSTRESS/LowerPaunglaung_ECOv002_L2T_LSTE_20127_002_47QKC_20220123T083527_0712_01_LST_LST_s2_footprint_water_mask.tif,,,,,,221120,,220070,,2190770,,2190280,,,,,,,,,93.11959839,19.785,96.335,,,,,,,2022-01-23T08:35:27Z,2022,1,23,8.590833333333334,8.590833333333334,147,,,FALSE,FALSE,FALSE,FALSE,,,,,FALSE,,,,,,,,,,,19.785,96.335,,,FALSE,none,,,lake_only,kept_unique_main,1,0,,,LowerPaunglaung,lowerpaunglaung
246,Lower Paunglaung,2022-02-07T03:01:05Z,148,main_s2mask,148,ECOSTRESS,lake_only,TRUE,FALSE,FALSE,23.01004028,,,23,,23.790008544921875,,22.92999267578125,,22.42999267578125,,0.425803035,,70,,70,,,,,,/scratch/mr3882/SEA_dam/LST_processed/sentinel2_water_masks/LowerPaunglaung/ECOSTRESS/LowerPaunglaung_ECOv002_L2T_LSTE_20356_002_47QKC_20220207T030105_0712_01_LST_LST_s2_footprint_water_mask.tif,,,,,,221120,,220070,,2190770,,2190280,,,,,,,,,93.11959839,19.785,96.335,,,,,,,2022-02-07T03:01:05Z,2022,2,38,3.018055555555556,3.018055555555556,148,,,FALSE,FALSE,FALSE,FALSE,,,,,FALSE,,,,,,,,,,,19.785,96.335,,,FALSE,none,,,lake_only,kept_unique_main,1,0,,,LowerPaunglaung,lowerpaunglaung
247,Lower Paunglaung,2022-02-14T23:49:37Z,149,main_s2mask,149,ECOSTRESS,lake_only,TRUE,FALSE,FALSE,19.64703369,,,20,,20.970001220703125,,19.579986572265625,,18.39001465,,0.666752815,,70,,70,,,,,,/scratch/mr3882/SEA_dam/LST_processed/sentinel2_water_masks/LowerPaunglaung/ECOSTRESS/LowerPaunglaung_ECOv002_L2T_LSTE_20478_001_47QKC_20220214T234937_0712_01_LST_LST_s2_footprint_water_mask.tif,,,,,,221120,,220070,,2190770,,2190280,,,,,,,,,93.11959839,19.785,96.335,,,,,,,2022-02-14T23:49:37Z,2022,2,45,23.826944444444443,23.826944444444443,149,,,FALSE,FALSE,FALSE,FALSE,,,,,FALSE,,,,,,,,,,,19.785,96.335,,,FALSE,none,,,lake_only,kept_unique_main,1,0,,,LowerPaunglaung,lowerpaunglaung
248,Lower Paunglaung,2022-02-26T19:01:05Z,150,main_s2mask,150,ECOSTRESS,lake_only,TRUE,FALSE,FALSE,20.89459229,,,35,,21.470001220703125,,20.95001220703125,,19.589996337890625,,0.478259563,,70,,70,,,,,,/scratch/mr3882/SEA_dam/LST_processed/sentinel2_water_masks/LowerPaunglaung/ECOSTRESS/LowerPaunglaung_ECOv002_L2T_LSTE_20661_004_46QHH_20220226T190105_0712_01_LST_LST_s2_footprint_water_mask.tif,,,,,,849820,,848770,,2192030,,2190910,,,,,,,,,93.11959839,19.785,96.335,,,,,,,2022-02-26T19:01:05Z,2022,2,57,19.01805555555556,19.01805555555556,150,,,FALSE,FALSE,FALSE,FALSE,,,,,FALSE,,,,,,,,,,,19.785,96.335,,,FALSE,none,,,lake_only,kept_unique_main,1,0,,,LowerPaunglaung,lowerpaunglaung
249,Lower Paunglaung,2022-02-27T04:51:32Z,151,main_s2mask,151,ECOSTRESS,lake_only,TRUE,FALSE,FALSE,29.28042603,,,25,,34.110015869140625,,30.089996337890625,,25.01000977,,2.948629141,,70,,70,,,,,,/scratch/mr3882/SEA_dam/LST_processed/sentinel2_water_masks/LowerPaunglaung/ECOSTRESS/LowerPaunglaung_ECOv002_L2T_LSTE_20667_013_46QHH_20220227T045132_0712_01_LST_LST_s2_footprint_water_mask.tif,,,,,,849820,,848770,,2192030,,2190910,,,,,,,,,93.11959839,19.785,96.335,,,,,,,2022-02-27T04:51:32Z,2022,2,58,4.858888888888888,4.858888888888888,151,,,FALSE,FALSE,FALSE,FALSE,,,,,FALSE,,,,,,,,,,,19.785,96.335,,,FALSE,none,,,lake_only,kept_unique_main,1,0,,,LowerPaunglaung,lowerpaunglaung
250,Lower Paunglaung,2023-01-09T13:44:42Z,152,main_s2mask,152,ECOSTRESS,lake_only,TRUE,FALSE,FALSE,22.86407471,,,27,,24.01000977,,22.850006103515625,,21.77001953,,0.622814596,,70,,70,,,,,,/scratch/mr3882/SEA_dam/LST_processed/sentinel2_water_masks/LowerPaunglaung/ECOSTRESS/LowerPaunglaung_ECOv002_L2T_LSTE_25583_003_47QKB_20230109T134442_0710_01_LST_LST_s2_footprint_water_mask.tif,,,,,,221120,,220070,,2190780,,2189660,,,,,,,,,93.11959839,19.785,96.335,,,,,,,2023-01-09T13:44:42Z,2023,1,9,13.745,13.745,152,,,FALSE,FALSE,FALSE,FALSE,,,,,FALSE,,,,,,,,,,,19.785,96.335,,,FALSE,none,,,lake_only,kept_unique_main,1,0,,,LowerPaunglaung,lowerpaunglaung
251,Lower Paunglaung,2023-01-13T12:07:18Z,153,main_s2mask,153,ECOSTRESS,lake_only,TRUE,FALSE,FALSE,23.03619385,,,45,,23.77001953,,23.17001342773437,,22.029998779296875,,0.472150236,,70,,70,,,,,,/scratch/mr3882/SEA_dam/LST_processed/sentinel2_water_masks/LowerPaunglaung/ECOSTRESS/LowerPaunglaung_ECOv002_L2T_LSTE_25644_003_46QHG_20230113T120718_0712_02_LST_LST_s2_footprint_water_mask.tif,,,,,,849820,,848770,,2191970,,2190920,,,,,,,,,93.11959839,19.785,96.335,,,,,,,2023-01-13T12:07:18Z,2023,1,13,12.121666666666668,12.121666666666668,153,,,FALSE,FALSE,FALSE,FALSE,,,,,FALSE,,,,,,,,,,,19.785,96.335,,,FALSE,none,,,lake_only,kept_unique_main,1,0,,,LowerPaunglaung,lowerpaunglaung
252,Lower Paunglaung,2023-01-17T10:29:20Z,154,main_s2mask,154,ECOSTRESS,lake_only,TRUE,FALSE,FALSE,24.4335022,,,40,,25.95001220703125,,24.45001220703125,,23.14999389648437,,0.556621134,,70,,70,,,,,,/scratch/mr3882/SEA_dam/LST_processed/sentinel2_water_masks/LowerPaunglaung/ECOSTRESS/LowerPaunglaung_ECOv002_L2T_LSTE_25705_003_46QHG_20230117T102920_0712_01_LST_LST_s2_footprint_water_mask.tif,,,,,,849820,,848770,,2191970,,2190920,,,,,,,,,93.11959839,19.785,96.335,,,,,,,2023-01-17T10:29:20Z,2023,1,17,10.488888888888887,10.488888888888887,154,,,FALSE,FALSE,FALSE,FALSE,,,,,FALSE,,,,,,,,,,,19.785,96.335,,,FALSE,none,,,lake_only,kept_unique_main,1,0,,,LowerPaunglaung,lowerpaunglaung
253,Lower Paunglaung,2023-02-09T01:36:36Z,155,main_s2mask,155,ECOSTRESS,lake_only,TRUE,FALSE,FALSE,21.58929443,,,27,,22.089996337890625,,21.69000244140625,,20.86999512,,0.388429731,,70,,70,,,,,,/scratch/mr3882/SEA_dam/LST_processed/sentinel2_water_masks/LowerPaunglaung/ECOSTRESS/LowerPaunglaung_ECOv002_L2T_LSTE_26056_002_47QKC_20230209T013636_0710_01_LST_LST_s2_footprint_water_mask.tif,,,,,,221120,,220070,,2190770,,2190280,,,,,,,,,93.11959839,19.785,96.335,,,,,,,2023-02-09T01:36:36Z,2023,2,40,1.61,1.61,155,,,FALSE,FALSE,FALSE,FALSE,,,,,FALSE,,,,,,,,,,,19.785,96.335,,,FALSE,none,,,lake_only,kept_unique_main,1,0,,,LowerPaunglaung,lowerpaunglaung
254,Lower Paunglaung,2023-02-13T09:51:23Z,156,main_s2mask,156,ECOSTRESS,lake_only,TRUE,FALSE,FALSE,31.20751953,,,16,,33.83001708984375,,31.27001953,,28.110015869140625,,1.579990029,,70,,70,,,,,,/scratch/mr3882/SEA_dam/LST_processed/sentinel2_water_masks/LowerPaunglaung/ECOSTRESS/LowerPaunglaung_ECOv002_L2T_LSTE_26123_015_47QKB_20230213T095123_0711_02_LST_LST_s2_footprint_water_mask.tif,,,,,,221120,,220070,,2190780,,2189660,,,,,,,,,93.11959839,19.785,96.335,,,,,,,2023-02-13T09:51:23Z,2023,2,44,9.856388888888889,9.856388888888889,156,,,FALSE,FALSE,FALSE,FALSE,,,,,FALSE,,,,,,,,,,,19.785,96.335,,,FALSE,none,,,lake_only,kept_unique_main,1,0,,,LowerPaunglaung,lowerpaunglaung
255,Lower Paunglaung,2023-02-24T19:13:17Z,157,main_s2mask,157,ECOSTRESS,lake_only,TRUE,FALSE,FALSE,23.68002319,,,28,,24.57000732421875,,23.790008544921875,,22.730010986328125,,0.49127382,,70,,70,,,,,,/scratch/mr3882/SEA_dam/LST_processed/sentinel2_water_masks/LowerPaunglaung/ECOSTRESS/LowerPaunglaung_ECOv002_L2T_LSTE_26300_004_47QKB_20230224T191317_0711_02_LST_LST_s2_footprint_water_mask.tif,,,,,,221120,,220070,,2190780,,2189660,,,,,,,,,93.11959839,19.785,96.335,,,,,,,2023-02-24T19:13:17Z,2023,2,55,19.22138888888889,19.22138888888889,157,,,FALSE,FALSE,FALSE,FALSE,,,,,FALSE,,,,,,,,,,,19.785,96.335,,,FALSE,none,,,lake_only,kept_unique_main,1,0,,,LowerPaunglaung,lowerpaunglaung
256,Magat,2023-02-13T08:19:58Z,158,main_s2mask,158,ECOSTRESS,paired,TRUE,TRUE,TRUE,20.53833008,22.00003052,1.461700439,12,4,23.17001342773437,23.230010986328125,20.38998413085937,22.11999512,19.029998779296875,20.529998779296875,1.070277691,1.129546881,70,70,70,70,,,,,/scratch/mr3882/SEA_dam/LST_processed/sentinel2_water_masks/Magat/ECOSTRESS/Magat_ECOv002_L2T_LSTE_26122_017_51QUU_20230213T081958_0711_02_LST_LST_s2_footprint_water_mask.tif,/scratch/mr3882/SEA_dam/LST_processed/sentinel2_water_masks/Magat/ECOSTRESS/Magat_ECOv002_L2T_LSTE_26122_017_51QUU_20230213T081958_0711_02_LST_LST_s2_footprint_water_mask.tif,,,,,335910,335910,334790,334790,1861520,1861520,1860470,1860470,Philippines,105,373.13,30.2,992,Magat,01/01/1983,103.5189285,16.822083,121.454583,,,,,,,2023-02-13T08:19:58Z,2023,2,44,8.332777777777778,16.429749977777778,158,,,FALSE,FALSE,FALSE,FALSE,,,,,FALSE,,,,,,,,,,,16.822083,121.454583,,,FALSE,none,,,paired,kept_main_paired_dropped_additional,1,0,,,Magat,magat
257,Masiway,2020-02-21T20:17:38Z,159,main_s2mask,159,ECOSTRESS,lake_only,TRUE,FALSE,FALSE,18.4937439,,,16,,19.33001708984375,,18.329986572265625,,17.910003662109375,,0.43218872,,70,,70,,,,,,/scratch/mr3882/SEA_dam/LST_processed/sentinel2_water_masks/Masiwai/ECOSTRESS/Masiwai_ECOv002_L2T_LSTE_09241_006_51PTT_20200221T201738_0712_01_LST_LST_s2_footprint_water_mask.tif,,,,,,296510,,295670,,1746730,,1745610,,,,,,,,,116.2855377,15.787083,121.09625,,,,,,,2020-02-21T20:17:38Z,2020,2,52,20.29388888888889,20.29388888888889,159,,,FALSE,FALSE,FALSE,FALSE,,,,,FALSE,,,,,,,,,,,,,,,FALSE,none,,,lake_only,kept_unique_main,1,0,,,Masiwai,masiwai
258,Masiway,2020-02-21T20:17:37Z,9050,additional_ecostress,171,ECOSTRESS,paired,TRUE,TRUE,TRUE,17.55,17.87,0.3200000000000003,,,,,,,,,,,,,,,,,,,,,,,,,,,,,,,,,Philippines,25,6.18,0.5,6,Upper Papanga,01/01/1977,116.2855377,15.787083,121.09625,,,,,,,2020-02-21T20:17:37Z,2020,2,52,20.29361111111111,4.366694444444445,,171,0,FALSE,FALSE,FALSE,FALSE,,,,,FALSE,37,15.7885,121.097,1.16,0b1001111011000000,37,15.782,121.0959,1.16,0b1001111011000000,15.787083,121.09625,1.16,1.16,FALSE,none,,,paired,kept_unique_additional,0,1,additional_ecostress__171,TRUE,Masiway,masiway
259,Masiway,2023-02-13T21:38:59Z,9051,additional_ecostress,172,ECOSTRESS,paired,TRUE,TRUE,TRUE,18.73,19.63,0.8999999999999986,,,,,,,,,,,,,,,,,,,,,,,,,,,,,,,,,Philippines,25,6.18,0.5,6,Upper Papanga,01/01/1977,116.2855377,15.787083,121.09625,,,,,,,2023-02-13T21:38:59Z,2023,2,44,21.649722222222223,5.722805555555556,,172,0,FALSE,FALSE,FALSE,FALSE,,,,,FALSE,37,15.7885,121.097,1.24,0b1001111011000000,37,15.782,121.0959,1.24,0b1001111011000000,15.787083,121.09625,1.24,1.24,FALSE,none,,,paired,kept_unique_additional,0,1,additional_ecostress__172,TRUE,Masiway,masiway
260,Mobye,2019-11-16T12:49:27Z,160,main_s2mask,160,ECOSTRESS,paired,TRUE,TRUE,TRUE,24.85800171,21.81,-3.048001709,5,,24.92999267578125,,24.91000366210937,,24.730010986328125,,0.085552804,,70,,70,,,,,,/scratch/mr3882/SEA_dam/LST_processed/sentinel2_water_masks/Mobye/ECOSTRESS/Mobye_ECOv002_L2T_LSTE_07732_001_47QLB_20191116T124927_0712_01_LST_LST_s2_footprint_water_mask.tif,,,,,,300420,,300000,,2189170,,2188120,,Myanmar,26,2336.38,189.1,826.9,Baluchaung,01/01/1971,877.3641968,19.787083,97.092083,,,,,procurement.dhpi@moep.gov.mm,,2019-11-16T12:49:27Z,2019,11,320,12.824166666666668,19.2969722,160,,,FALSE,FALSE,FALSE,FALSE,,,,,FALSE,,,,,,68,19.7822,97.0905,1.36,0b1001111011000000,19.787083,97.092083,,1.36,TRUE,outlet,Tm_o;ID_o;Latitude_o;Longitude_o;ECO2LSTE_001_SDS_LST_err_o;QC_bitmask_o;LSTerr_o;Latitude_ref;Longitude_ref,9052,lake_only,kept_main_filled_outlet_from_additional,1,1,,,Mobye,mobye
261,Mobye,2019-12-06T04:44:43Z,161,main_s2mask,161,ECOSTRESS,paired,TRUE,TRUE,TRUE,23.91931152,24.19,0.2706884765625013,58,,26.230010986328125,,23.699981689453125,,22.230010986328125,,0.962461054,,70,,70,,,,,,/scratch/mr3882/SEA_dam/LST_processed/sentinel2_water_masks/Mobye/ECOSTRESS/Mobye_ECOv002_L2T_LSTE_08037_002_47QKB_20191206T044443_0712_01_LST_LST_s2_footprint_water_mask.tif,,,,,,300430,,299380,,2189170,,2188120,,Myanmar,26,2336.38,189.1,826.9,Baluchaung,01/01/1971,877.3641968,19.787083,97.092083,,,,,procurement.dhpi@moep.gov.mm,,2019-12-06T04:44:43Z,2019,12,340,4.745277777777778,11.218083311111112,161,,,FALSE,FALSE,FALSE,FALSE,,,,,FALSE,,,,,,68,19.7822,97.0905,1.16,0b1001111011000000,19.787083,97.092083,,1.16,TRUE,outlet,Tm_o;ID_o;Latitude_o;Longitude_o;ECO2LSTE_001_SDS_LST_err_o;QC_bitmask_o;LSTerr_o;Latitude_ref;Longitude_ref,9053,lake_only,kept_main_filled_outlet_from_additional,1,1,,,Mobye,mobye
262,Mobye,2019-12-17T00:41:33Z,162,main_s2mask,162,ECOSTRESS,lake_only,TRUE,FALSE,FALSE,19.91625977,,,54,,20.589996337890625,,20.199981689453125,,17.470001220703125,,0.726186514,,70,,70,,,,,,/scratch/mr3882/SEA_dam/LST_processed/sentinel2_water_masks/Mobye/ECOSTRESS/Mobye_ECOv002_L2T_LSTE_08205_002_47QKB_20191217T004133_0712_01_LST_LST_s2_footprint_water_mask.tif,,,,,,300430,,299380,,2189170,,2188120,,Myanmar,26,2336.38,189.1,826.9,Baluchaung,01/01/1971,877.3641968,19.787083,97.092083,,,,,procurement.dhpi@moep.gov.mm,,2019-12-17T00:41:33Z,2019,12,351,0.6925,7.165305533333333,162,,,FALSE,FALSE,FALSE,FALSE,,,,,FALSE,,,,,,,,,,,19.787083,97.092083,,,FALSE,none,,,lake_only,kept_unique_main,1,0,,,Mobye,mobye
263,Mobye,2019-12-20T23:04:23Z,163,main_s2mask,163,ECOSTRESS,lake_only,TRUE,FALSE,FALSE,18.37072754,,,54,,19.75,,18.69000244140625,,15.110015869140623,,1.079353213,,70,,70,,,,,,/scratch/mr3882/SEA_dam/LST_processed/sentinel2_water_masks/Mobye/ECOSTRESS/Mobye_ECOv002_L2T_LSTE_08266_002_47QKB_20191220T230423_0712_01_LST_LST_s2_footprint_water_mask.tif,,,,,,300430,,299380,,2189170,,2188120,,Myanmar,26,2336.38,189.1,826.9,Baluchaung,01/01/1971,877.3641968,19.787083,97.092083,,,,,procurement.dhpi@moep.gov.mm,,2019-12-20T23:04:23Z,2019,12,354,23.073055555555555,5.545861088888888,163,,,FALSE,FALSE,FALSE,FALSE,,,,,FALSE,,,,,,,,,,,19.787083,97.092083,,,FALSE,none,,,lake_only,kept_unique_main,1,0,,,Mobye,mobye
264,Mobye,2019-12-24T21:27:08Z,164,main_s2mask,164,ECOSTRESS,lake_only,TRUE,FALSE,FALSE,20.37667847,,,3,,20.69000244140625,,20.290008544921875,,20.14999389648437,,0.280240506,,70,,70,,,,,,/scratch/mr3882/SEA_dam/LST_processed/sentinel2_water_masks/Mobye/ECOSTRESS/Mobye_ECOv002_L2T_LSTE_08327_002_47QKB_20191224T212708_0712_01_LST_LST_s2_footprint_water_mask.tif,,,,,,300430,,299380,,2189170,,2188120,,Myanmar,26,2336.38,189.1,826.9,Baluchaung,01/01/1971,877.3641968,19.787083,97.092083,,,,,procurement.dhpi@moep.gov.mm,,2019-12-24T21:27:08Z,2019,12,358,21.452222222222225,3.925027755555554,164,,,FALSE,FALSE,FALSE,FALSE,,,,,FALSE,,,,,,,,,,,19.787083,97.092083,,,FALSE,none,,,lake_only,kept_unique_main,1,0,,,Mobye,mobye
265,Mobye,2020-01-09T15:05:52Z,165,main_s2mask,165,ECOSTRESS,paired,TRUE,TRUE,TRUE,21.11999512,17.93,-3.189995117,4,,21.30999755859375,,21.110015869140625,,20.95001220703125,,0.147415832,,70,,70,,,,,,/scratch/mr3882/SEA_dam/LST_processed/sentinel2_water_masks/Mobye/ECOSTRESS/Mobye_ECOv002_L2T_LSTE_08571_002_47QLB_20200109T150552_0712_01_LST_LST_s2_footprint_water_mask.tif,,,,,,300420,,300000,,2189170,,2188120,,Myanmar,26,2336.38,189.1,826.9,Baluchaung,01/01/1971,877.3641968,19.787083,97.092083,,,,,procurement.dhpi@moep.gov.mm,,2020-01-09T15:05:52Z,2020,1,9,15.09777777777778,21.57058331111111,165,,,FALSE,FALSE,FALSE,FALSE,,,,,FALSE,,,,,,68,19.7822,97.0905,1.16,0b1001101011000000,19.787083,97.092083,,1.16,TRUE,outlet,Tm_o;ID_o;Latitude_o;Longitude_o;ECO2LSTE_001_SDS_LST_err_o;QC_bitmask_o;LSTerr_o;Latitude_ref;Longitude_ref,9054,lake_only,kept_main_filled_outlet_from_additional,1,1,,,Mobye,mobye
266,Mobye,2020-01-13T13:30:46Z,166,main_s2mask,166,ECOSTRESS,paired,TRUE,TRUE,TRUE,20.36499023,16.03,-4.334990234,4,,20.589996337890625,,20.329986572265625,,20.209991455078125,,0.187888026,,70,,70,,,,,,/scratch/mr3882/SEA_dam/LST_processed/sentinel2_water_masks/Mobye/ECOSTRESS/Mobye_ECOv002_L2T_LSTE_08632_002_47QKB_20200113T133046_0712_01_LST_LST_s2_footprint_water_mask.tif,,,,,,300430,,299380,,2189170,,2188120,,Myanmar,26,2336.38,189.1,826.9,Baluchaung,01/01/1971,877.3641968,19.787083,97.092083,,,,,procurement.dhpi@moep.gov.mm,,2020-01-13T13:30:46Z,2020,1,13,13.512777777777778,19.98558331111111,166,,,FALSE,FALSE,FALSE,FALSE,,,,,FALSE,,,,,,68,19.7822,97.0905,1.16,0b1010101011000000,19.787083,97.092083,,1.16,TRUE,outlet,Tm_o;ID_o;Latitude_o;Longitude_o;ECO2LSTE_001_SDS_LST_err_o;QC_bitmask_o;LSTerr_o;Latitude_ref;Longitude_ref,9055,lake_only,kept_main_filled_outlet_from_additional,1,1,,,Mobye,mobye
267,Mobye,2020-01-21T20:11:31Z,167,main_s2mask,167,ECOSTRESS,lake_only,TRUE,FALSE,FALSE,20.11251831,,,55,,20.529998779296875,,20.13000488,,19.45001220703125,,0.198178247,,70,,70,,,,,,/scratch/mr3882/SEA_dam/LST_processed/sentinel2_water_masks/Mobye/ECOSTRESS/Mobye_ECOv002_L2T_LSTE_08760_010_47QKB_20200121T201131_0712_01_LST_LST_s2_footprint_water_mask.tif,,,,,,300430,,299380,,2189170,,2188120,,Myanmar,26,2336.38,189.1,826.9,Baluchaung,01/01/1971,877.3641968,19.787083,97.092083,,,,,procurement.dhpi@moep.gov.mm,,2020-01-21T20:11:31Z,2020,1,21,20.191944444444445,2.664749977777777,167,,,FALSE,FALSE,FALSE,FALSE,,,,,FALSE,,,,,,,,,,,19.787083,97.092083,,,FALSE,none,,,lake_only,kept_unique_main,1,0,,,Mobye,mobye
268,Mobye,2020-02-01T06:26:50Z,168,main_s2mask,168,ECOSTRESS,paired,TRUE,TRUE,TRUE,31.77001953,31.25,-0.520019531,1,,31.77001953,,31.77001953,,31.77001953,,,,70,,70,,,,,,/scratch/mr3882/SEA_dam/LST_processed/sentinel2_water_masks/Mobye/ECOSTRESS/Mobye_ECOv002_L2T_LSTE_08922_002_47QLB_20200201T062650_0712_01_LST_LST_s2_footprint_water_mask.tif,,,,,,300420,,300000,,2189170,,2188120,,Myanmar,26,2336.38,189.1,826.9,Baluchaung,01/01/1971,877.3641968,19.787083,97.092083,,,,,procurement.dhpi@moep.gov.mm,,2020-02-01T06:26:50Z,2020,2,32,6.447222222222223,12.920027755555555,168,,,FALSE,FALSE,FALSE,FALSE,,,,,FALSE,,,,,,68,19.7822,97.0905,1.32,0b1001101011000000,19.787083,97.092083,,1.32,TRUE,outlet,Tm_o;ID_o;Latitude_o;Longitude_o;ECO2LSTE_001_SDS_LST_err_o;QC_bitmask_o;LSTerr_o;Latitude_ref;Longitude_ref,9056,lake_only,kept_main_filled_outlet_from_additional,1,1,,,Mobye,mobye
269,Mobye,2020-02-13T01:46:17Z,169,main_s2mask,169,ECOSTRESS,paired,TRUE,TRUE,TRUE,20.35800171,18.71,-1.648001709,5,,20.589996337890625,,20.36999512,,20.089996337890625,,0.18633385,,70,,70,,,,,,/scratch/mr3882/SEA_dam/LST_processed/sentinel2_water_masks/Mobye/ECOSTRESS/Mobye_ECOv002_L2T_LSTE_09105_002_47QLB_20200213T014617_0712_01_LST_LST_s2_footprint_water_mask.tif,,,,,,300420,,300000,,2189170,,2188120,,Myanmar,26,2336.38,189.1,826.9,Baluchaung,01/01/1971,877.3641968,19.787083,97.092083,,,,,procurement.dhpi@moep.gov.mm,,2020-02-13T01:46:17Z,2020,2,44,1.771388888888889,8.244194422222222,169,,,FALSE,FALSE,FALSE,FALSE,,,,,FALSE,,,,,,68,19.7822,97.0905,0.92,0b1110101011000000,19.787083,97.092083,,0.92,TRUE,outlet,Tm_o;ID_o;Latitude_o;Longitude_o;ECO2LSTE_001_SDS_LST_err_o;QC_bitmask_o;LSTerr_o;Latitude_ref;Longitude_ref,9057,lake_only,kept_main_filled_outlet_from_additional,1,1,,,Mobye,mobye
270,Mobye,2020-02-28T19:31:32Z,170,main_s2mask,170,ECOSTRESS,lake_only,TRUE,FALSE,FALSE,21.12597656,,,5,,21.25,,21.050018310546875,,21.050018310546875,,0.104299977,,70,,70,,,,,,/scratch/mr3882/SEA_dam/LST_processed/sentinel2_water_masks/Mobye/ECOSTRESS/Mobye_ECOv002_L2T_LSTE_09349_002_47QLB_20200228T193132_0712_01_LST_LST_s2_footprint_water_mask.tif,,,,,,300420,,300000,,2189170,,2188120,,Myanmar,26,2336.38,189.1,826.9,Baluchaung,01/01/1971,877.3641968,19.787083,97.092083,,,,,procurement.dhpi@moep.gov.mm,,2020-02-28T19:31:32Z,2020,2,59,19.52555555555556,1.9983610888888883,170,,,FALSE,FALSE,FALSE,FALSE,,,,,FALSE,,,,,,,,,,,19.787083,97.092083,,,FALSE,none,,,lake_only,kept_unique_main,1,0,,,Mobye,mobye
271,Mobye,2020-03-11T14:49:41Z,9058,additional_ecostress,179,ECOSTRESS,paired,TRUE,TRUE,TRUE,16.81,17.65,0.8399999999999999,,,,,,,,,,,,,,,,,,,,,,,,,,,,,,,,,Myanmar,26,2336.38,189.1,826.9,Baluchaung,01/01/1971,877.3641968,19.787083,97.092083,,,,,procurement.dhpi@moep.gov.mm,,2020-03-11T14:49:41Z,2020,3,71,14.828055555555554,21.300861088888887,,179,1,TRUE,FALSE,FALSE,FALSE,1,171,,,FALSE,68,19.7843,97.0882,1.2,0b1001111011000000,68,19.7822,97.0905,1.2,0b1001111011000000,19.787083,97.092083,1.2,1.2,FALSE,none,,,paired,kept_unique_additional,0,1,additional_ecostress__179,TRUE,Mobye,mobye
272,Mobye,2020-03-11T14:49:42Z,171,main_s2mask,171,ECOSTRESS,lake_only,TRUE,FALSE,FALSE,19.80273438,,,55,,20.80999755859375,,20.01000977,,17.57000732421875,,0.83857125,,70,,70,,,,,,/scratch/mr3882/SEA_dam/LST_processed/sentinel2_water_masks/Mobye/ECOSTRESS/Mobye_ECOv002_L2T_LSTE_09532_001_47QKB_20200311T144942_0712_01_LST_LST_s2_footprint_water_mask.tif,,,,,,300430,,299380,,2189170,,2188120,,Myanmar,26,2336.38,189.1,826.9,Baluchaung,01/01/1971,877.3641968,19.787083,97.092083,,,,,procurement.dhpi@moep.gov.mm,,2020-03-11T14:49:42Z,2020,3,71,14.828333333333331,21.301138866666665,171,,,FALSE,FALSE,FALSE,FALSE,,,,,FALSE,,,,,,,,,,,19.787083,97.092083,,,FALSE,none,,,lake_only,kept_unique_main,1,0,,,Mobye,mobye
273,Mobye,2020-03-23T10:09:34Z,172,main_s2mask,172,ECOSTRESS,paired,TRUE,TRUE,TRUE,25.60333252,27.45,1.846667480468799,3,,26.350006103515625,,25.290008544921875,,25.17001342773437,,0.64940697,,70,,70,,,,,,/scratch/mr3882/SEA_dam/LST_processed/sentinel2_water_masks/Mobye/ECOSTRESS/Mobye_ECOv002_L2T_LSTE_09715_001_47QLB_20200323T100934_0712_01_LST_LST_s2_footprint_water_mask.tif,,,,,,300420,,300000,,2189170,,2188120,,Myanmar,26,2336.38,189.1,826.9,Baluchaung,01/01/1971,877.3641968,19.787083,97.092083,,,,,procurement.dhpi@moep.gov.mm,,2020-03-23T10:09:34Z,2020,3,83,10.159444444444444,16.63224997777778,172,,,FALSE,FALSE,FALSE,FALSE,,,,,FALSE,,,,,,68,19.7822,97.0905,1.24,0b1001111011000000,19.787083,97.092083,,1.24,TRUE,outlet,Tm_o;ID_o;Latitude_o;Longitude_o;ECO2LSTE_001_SDS_LST_err_o;QC_bitmask_o;LSTerr_o;Latitude_ref;Longitude_ref,9059,lake_only,kept_main_filled_outlet_from_additional,1,1,,,Mobye,mobye
274,Mobye,2020-04-04T05:32:08Z,173,main_s2mask,173,ECOSTRESS,lake_only,TRUE,FALSE,FALSE,28.87667847,,,6,,31.27001953,,29.720001220703125,,25.089996337890625,,2.416369438,,70,,70,,,,,,/scratch/mr3882/SEA_dam/LST_processed/sentinel2_water_masks/Mobye/ECOSTRESS/Mobye_ECOv002_L2T_LSTE_09898_002_47QKB_20200404T053208_0712_02_LST_LST_s2_footprint_water_mask.tif,,,,,,300430,,299380,,2189170,,2188120,,Myanmar,26,2336.38,189.1,826.9,Baluchaung,01/01/1971,877.3641968,19.787083,97.092083,,,,,procurement.dhpi@moep.gov.mm,,2020-04-04T05:32:08Z,2020,4,95,5.535555555555556,12.00836108888889,173,,,FALSE,FALSE,FALSE,FALSE,,,,,FALSE,,,,,,,,,,,19.787083,97.092083,,,FALSE,none,,,lake_only,kept_unique_main,1,0,,,Mobye,mobye
275,Mobye,2020-11-21T10:03:13Z,9060,additional_ecostress,181,ECOSTRESS,paired,TRUE,TRUE,TRUE,24.81,24.19,-0.62,,,,,,,,,,,,,,,,,,,,,,,,,,,,,,,,,Myanmar,26,2336.38,189.1,826.9,Baluchaung,01/01/1971,877.3641968,19.787083,97.092083,,,,,procurement.dhpi@moep.gov.mm,,2020-11-21T10:03:13Z,2020,11,326,10.053611111111111,16.526416644444446,,181,1,TRUE,FALSE,FALSE,FALSE,1,174,,,FALSE,68,19.7843,97.0882,1.2,0b1001111011000000,68,19.7822,97.0905,1.2,0b1001111011000000,19.787083,97.092083,1.2,1.2,FALSE,none,,,paired,kept_unique_additional,0,1,additional_ecostress__181,TRUE,Mobye,mobye
276,Mobye,2020-11-21T10:03:14Z,174,main_s2mask,174,ECOSTRESS,lake_only,TRUE,FALSE,FALSE,25.45001221,,,3,,25.589996337890625,,25.550018310546875,,25.209991455078125,,0.208814189,,70,,70,,,,,,/scratch/mr3882/SEA_dam/LST_processed/sentinel2_water_masks/Mobye/ECOSTRESS/Mobye_ECOv002_L2T_LSTE_13482_002_47QKB_20201121T100314_0712_01_LST_LST_s2_footprint_water_mask.tif,,,,,,300430,,299380,,2189170,,2188120,,Myanmar,26,2336.38,189.1,826.9,Baluchaung,01/01/1971,877.3641968,19.787083,97.092083,,,,,procurement.dhpi@moep.gov.mm,,2020-11-21T10:03:14Z,2020,11,326,10.05388888888889,16.526694422222224,174,,,FALSE,FALSE,FALSE,FALSE,,,,,FALSE,,,,,,,,,,,19.787083,97.092083,,,FALSE,none,,,lake_only,kept_unique_main,1,0,,,Mobye,mobye
277,Mobye,2020-12-07T03:49:54Z,9061,additional_ecostress,182,ECOSTRESS,paired,TRUE,TRUE,TRUE,23.37,24.81,1.4399999999999975,,,,,,,,,,,,,,,,,,,,,,,,,,,,,,,,,Myanmar,26,2336.38,189.1,826.9,Baluchaung,01/01/1971,877.3641968,19.787083,97.092083,,,,,procurement.dhpi@moep.gov.mm,,2020-12-07T03:49:54Z,2020,12,342,3.8316666666666666,10.3044722,,182,1,TRUE,FALSE,FALSE,FALSE,1,175,,,FALSE,68,19.7843,97.0882,1.28,0b1001111011000000,68,19.7822,97.0905,1.28,0b1001111011000000,19.787083,97.092083,1.28,1.28,FALSE,none,,,paired,kept_unique_additional,0,1,additional_ecostress__182,TRUE,Mobye,mobye
278,Mobye,2020-12-07T03:49:55Z,175,main_s2mask,175,ECOSTRESS,lake_only,TRUE,FALSE,FALSE,24.44998169,,,4,,24.64999389648437,,24.44000244140625,,24.27001953,,0.172035962,,70,,70,,,,,,/scratch/mr3882/SEA_dam/LST_processed/sentinel2_water_masks/Mobye/ECOSTRESS/Mobye_ECOv002_L2T_LSTE_13726_002_47QLB_20201207T034955_0712_01_LST_LST_s2_footprint_water_mask.tif,,,,,,300420,,300000,,2189170,,2188120,,Myanmar,26,2336.38,189.1,826.9,Baluchaung,01/01/1971,877.3641968,19.787083,97.092083,,,,,procurement.dhpi@moep.gov.mm,,2020-12-07T03:49:55Z,2020,12,342,3.831944444444445,10.304749977777778,175,,,FALSE,FALSE,FALSE,FALSE,,,,,FALSE,,,,,,,,,,,19.787083,97.092083,,,FALSE,none,,,lake_only,kept_unique_main,1,0,,,Mobye,mobye
279,Mobye,2020-12-11T02:16:18Z,9062,additional_ecostress,183,ECOSTRESS,paired,TRUE,TRUE,TRUE,20.99,19.43,-1.56,,,,,,,,,,,,,,,,,,,,,,,,,,,,,,,,,Myanmar,26,2336.38,189.1,826.9,Baluchaung,01/01/1971,877.3641968,19.787083,97.092083,,,,,procurement.dhpi@moep.gov.mm,,2020-12-11T02:16:18Z,2020,12,346,2.2716666666666665,8.7444722,,183,1,TRUE,FALSE,FALSE,FALSE,1,176,,,FALSE,68,19.7843,97.0882,0.96,0b1110111011000000,68,19.7822,97.0905,0.96,0b1110111011000000,19.787083,97.092083,0.96,0.96,FALSE,none,,,paired,kept_unique_additional,0,1,additional_ecostress__183,TRUE,Mobye,mobye
280,Mobye,2020-12-11T02:16:19Z,176,main_s2mask,176,ECOSTRESS,lake_only,TRUE,FALSE,FALSE,21.96334839,,,3,,22.13000488,,21.990020751953125,,21.77001953,,0.1814688,,70,,70,,,,,,/scratch/mr3882/SEA_dam/LST_processed/sentinel2_water_masks/Mobye/ECOSTRESS/Mobye_ECOv002_L2T_LSTE_13787_002_47QKB_20201211T021619_0712_01_LST_LST_s2_footprint_water_mask.tif,,,,,,300430,,299380,,2189170,,2188120,,Myanmar,26,2336.38,189.1,826.9,Baluchaung,01/01/1971,877.3641968,19.787083,97.092083,,,,,procurement.dhpi@moep.gov.mm,,2020-12-11T02:16:19Z,2020,12,346,2.2719444444444443,8.744749977777778,176,,,FALSE,FALSE,FALSE,FALSE,,,,,FALSE,,,,,,,,,,,19.787083,97.092083,,,FALSE,none,,,lake_only,kept_unique_main,1,0,,,Mobye,mobye
281,Mobye,2020-12-22T21:35:32Z,177,main_s2mask,177,ECOSTRESS,lake_only,TRUE,FALSE,FALSE,20.07669067,,,3,,20.19000244140625,,20.050018310546875,,19.990020751953125,,0.102622233,,70,,70,,,,,,/scratch/mr3882/SEA_dam/LST_processed/sentinel2_water_masks/Mobye/ECOSTRESS/Mobye_ECOv002_L2T_LSTE_13970_003_47QLB_20201222T213532_0712_01_LST_LST_s2_footprint_water_mask.tif,,,,,,300420,,300000,,2189170,,2188120,,Myanmar,26,2336.38,189.1,826.9,Baluchaung,01/01/1971,877.3641968,19.787083,97.092083,,,,,procurement.dhpi@moep.gov.mm,,2020-12-22T21:35:32Z,2020,12,357,21.592222222222222,4.065027755555555,177,,,FALSE,FALSE,FALSE,FALSE,,,,,FALSE,,,,,,,,,,,19.787083,97.092083,,,FALSE,none,,,lake_only,kept_unique_main,1,0,,,Mobye,mobye
282,Mobye,2020-12-26T20:01:44Z,178,main_s2mask,178,ECOSTRESS,lake_only,TRUE,FALSE,FALSE,20.82998657,,,3,,20.86999512,,20.86999512,,20.75,,0.069279216,,70,,70,,,,,,/scratch/mr3882/SEA_dam/LST_processed/sentinel2_water_masks/Mobye/ECOSTRESS/Mobye_ECOv002_L2T_LSTE_14031_003_47QKB_20201226T200144_0712_01_LST_LST_s2_footprint_water_mask.tif,,,,,,300430,,299380,,2189170,,2188120,,Myanmar,26,2336.38,189.1,826.9,Baluchaung,01/01/1971,877.3641968,19.787083,97.092083,,,,,procurement.dhpi@moep.gov.mm,,2020-12-26T20:01:44Z,2020,12,361,20.028888888888886,2.5016944222222186,178,,,FALSE,FALSE,FALSE,FALSE,,,,,FALSE,,,,,,,,,,,19.787083,97.092083,,,FALSE,none,,,lake_only,kept_unique_main,1,0,,,Mobye,mobye
283,Mobye,2021-01-15T12:11:29Z,179,main_s2mask,179,ECOSTRESS,paired,TRUE,TRUE,TRUE,20.65484619,18.93,-1.724846191,53,,21.27001953,,20.95001220703125,,19.089996337890625,,0.567830265,,70,,70,,,,,,/scratch/mr3882/SEA_dam/LST_processed/sentinel2_water_masks/Mobye/ECOSTRESS/Mobye_ECOv002_L2T_LSTE_14336_003_47QKB_20210115T121129_0712_01_LST_LST_s2_footprint_water_mask.tif,,,,,,300430,,299380,,2189170,,2188120,,Myanmar,26,2336.38,189.1,826.9,Baluchaung,01/01/1971,877.3641968,19.787083,97.092083,,,,,procurement.dhpi@moep.gov.mm,,2021-01-15T12:11:29Z,2021,1,15,12.19138888888889,18.664194422222224,179,,,FALSE,FALSE,FALSE,FALSE,,,,,FALSE,,,,,,68,19.7822,97.0905,1.04,0b1010101011000000,19.787083,97.092083,,1.04,TRUE,outlet,Tm_o;ID_o;Latitude_o;Longitude_o;ECO2LSTE_001_SDS_LST_err_o;QC_bitmask_o;LSTerr_o;Latitude_ref;Longitude_ref,9063,lake_only,kept_main_filled_outlet_from_additional,1,1,,,Mobye,mobye
284,Mobye,2021-01-19T10:37:23Z,180,main_s2mask,180,ECOSTRESS,paired,TRUE,TRUE,TRUE,20.64511108,19.85,-0.795111084,53,,21.07000732421875,,20.64999389648437,,20.25,,0.187655941,,70,,70,,,,,,/scratch/mr3882/SEA_dam/LST_processed/sentinel2_water_masks/Mobye/ECOSTRESS/Mobye_ECOv002_L2T_LSTE_14397_003_47QKB_20210119T103723_0712_01_LST_LST_s2_footprint_water_mask.tif,,,,,,300430,,299380,,2189170,,2188120,,Myanmar,26,2336.38,189.1,826.9,Baluchaung,01/01/1971,877.3641968,19.787083,97.092083,,,,,procurement.dhpi@moep.gov.mm,,2021-01-19T10:37:23Z,2021,1,19,10.623055555555556,17.09586108888889,180,,,FALSE,FALSE,FALSE,FALSE,,,,,FALSE,,,,,,68,19.7822,97.0905,1.2,0b1001111011000000,19.787083,97.092083,,1.2,TRUE,outlet,Tm_o;ID_o;Latitude_o;Longitude_o;ECO2LSTE_001_SDS_LST_err_o;QC_bitmask_o;LSTerr_o;Latitude_ref;Longitude_ref,9064,lake_only,kept_main_filled_outlet_from_additional,1,1,,,Mobye,mobye
285,Mobye,2021-01-23T09:03:56Z,181,main_s2mask,181,ECOSTRESS,paired,TRUE,TRUE,TRUE,23.53500366,25.29,1.7549963378905993,4,,24.050018310546875,,23.95001220703125,,22.19000244140625,,0.897911012,,70,,70,,,,,,/scratch/mr3882/SEA_dam/LST_processed/sentinel2_water_masks/Mobye/ECOSTRESS/Mobye_ECOv002_L2T_LSTE_14458_003_47QLB_20210123T090356_0712_01_LST_LST_s2_footprint_water_mask.tif,,,,,,300420,,300000,,2189170,,2188120,,Myanmar,26,2336.38,189.1,826.9,Baluchaung,01/01/1971,877.3641968,19.787083,97.092083,,,,,procurement.dhpi@moep.gov.mm,,2021-01-23T09:03:56Z,2021,1,23,9.065555555555555,15.538361088888893,181,,,FALSE,FALSE,FALSE,FALSE,,,,,FALSE,,,,,,68,19.7822,97.0905,1.16,0b1001111011000000,19.787083,97.092083,,1.16,TRUE,outlet,Tm_o;ID_o;Latitude_o;Longitude_o;ECO2LSTE_001_SDS_LST_err_o;QC_bitmask_o;LSTerr_o;Latitude_ref;Longitude_ref,9065,lake_only,kept_main_filled_outlet_from_additional,1,1,,,Mobye,mobye
286,Mobye,2021-02-27T19:08:49Z,182,main_s2mask,182,ECOSTRESS,lake_only,TRUE,FALSE,FALSE,20.42251587,,,56,,21.75,,20.730010986328125,,17.990020751953125,,1.082693338,,70,,70,,,,,,/scratch/mr3882/SEA_dam/LST_processed/sentinel2_water_masks/Mobye/ECOSTRESS/Mobye_ECOv002_L2T_LSTE_15007_002_47QKB_20210227T190849_0712_01_LST_LST_s2_footprint_water_mask.tif,,,,,,300430,,299380,,2189170,,2188120,,Myanmar,26,2336.38,189.1,826.9,Baluchaung,01/01/1971,877.3641968,19.787083,97.092083,,,,,procurement.dhpi@moep.gov.mm,,2021-02-27T19:08:49Z,2021,2,58,19.146944444444443,1.6197499777777755,182,,,FALSE,FALSE,FALSE,FALSE,,,,,FALSE,,,,,,,,,,,19.787083,97.092083,,,FALSE,none,,,lake_only,kept_unique_main,1,0,,,Mobye,mobye
287,Mobye,2021-03-07T16:02:41Z,183,main_s2mask,183,ECOSTRESS,lake_only,TRUE,FALSE,FALSE,21.69500732,,,4,,21.83001708984375,,21.69000244140625,,21.57000732421875,,0.117050059,,70,,70,,,,,,/scratch/mr3882/SEA_dam/LST_processed/sentinel2_water_masks/Mobye/ECOSTRESS/Mobye_ECOv002_L2T_LSTE_15129_002_47QKB_20210307T160241_0712_01_LST_LST_s2_footprint_water_mask.tif,,,,,,300430,,299380,,2189170,,2188120,,Myanmar,26,2336.38,189.1,826.9,Baluchaung,01/01/1971,877.3641968,19.787083,97.092083,,,,,procurement.dhpi@moep.gov.mm,,2021-03-07T16:02:41Z,2021,3,66,16.044722222222223,22.517527755555555,183,,,FALSE,FALSE,FALSE,FALSE,,,,,FALSE,,,,,,,,,,,19.787083,97.092083,,,FALSE,none,,,lake_only,kept_unique_main,1,0,,,Mobye,mobye
288,Mobye,2021-03-11T14:29:28Z,184,main_s2mask,184,ECOSTRESS,paired,TRUE,TRUE,TRUE,22.6456604,22.21,-0.4356604,55,,23.589996337890625,,22.730010986328125,,21.209991455078125,,0.523091912,,70,,70,,,,,,/scratch/mr3882/SEA_dam/LST_processed/sentinel2_water_masks/Mobye/ECOSTRESS/Mobye_ECOv002_L2T_LSTE_15190_002_47QKB_20210311T142928_0712_01_LST_LST_s2_footprint_water_mask.tif,,,,,,300430,,299380,,2189170,,2188120,,Myanmar,26,2336.38,189.1,826.9,Baluchaung,01/01/1971,877.3641968,19.787083,97.092083,,,,,procurement.dhpi@moep.gov.mm,,2021-03-11T14:29:28Z,2021,3,70,14.49111111111111,20.96391664444444,184,,,FALSE,FALSE,FALSE,FALSE,,,,,FALSE,,,,,,68,19.7822,97.0905,1.36,0b1001101011000000,19.787083,97.092083,,1.36,TRUE,outlet,Tm_o;ID_o;Latitude_o;Longitude_o;ECO2LSTE_001_SDS_LST_err_o;QC_bitmask_o;LSTerr_o;Latitude_ref;Longitude_ref,9066,lake_only,kept_main_filled_outlet_from_additional,1,1,,,Mobye,mobye
289,Mobye,2021-03-20T20:27:50Z,185,main_s2mask,185,ECOSTRESS,lake_only,TRUE,FALSE,FALSE,23.18334961,,,3,,23.350006103515625,,23.209991455078125,,22.990020751953125,,0.18146655,,70,,70,,,,,,/scratch/mr3882/SEA_dam/LST_processed/sentinel2_water_masks/Mobye/ECOSTRESS/Mobye_ECOv002_L2T_LSTE_15333_009_47QKB_20210320T202750_0712_01_LST_LST_s2_footprint_water_mask.tif,,,,,,300430,,299380,,2189170,,2188120,,Myanmar,26,2336.38,189.1,826.9,Baluchaung,01/01/1971,877.3641968,19.787083,97.092083,,,,,procurement.dhpi@moep.gov.mm,,2021-03-20T20:27:50Z,2021,3,79,20.46388888888889,2.936694422222221,185,,,FALSE,FALSE,FALSE,FALSE,,,,,FALSE,,,,,,,,,,,19.787083,97.092083,,,FALSE,none,,,lake_only,kept_unique_main,1,0,,,Mobye,mobye
290,Mobye,2021-11-21T09:39:56Z,186,main_s2mask,186,ECOSTRESS,paired,TRUE,TRUE,TRUE,26.35223389,25.21,-1.142233887,54,,26.80999755859375,,26.44000244140625,,25.17001342773437,,0.372703731,,70,,70,,,,,,/scratch/mr3882/SEA_dam/LST_processed/sentinel2_water_masks/Mobye/ECOSTRESS/Mobye_ECOv002_L2T_LSTE_19151_002_47QKB_20211121T093956_0712_01_LST_LST_s2_footprint_water_mask.tif,,,,,,300430,,299380,,2189170,,2188120,,Myanmar,26,2336.38,189.1,826.9,Baluchaung,01/01/1971,877.3641968,19.787083,97.092083,,,,,procurement.dhpi@moep.gov.mm,,2021-11-21T09:39:56Z,2021,11,325,9.665555555555557,16.13836108888889,186,,,FALSE,FALSE,FALSE,FALSE,,,,,FALSE,,,,,,68,19.7822,97.0905,1.2,0b1001101011000000,19.787083,97.092083,,1.2,TRUE,outlet,Tm_o;ID_o;Latitude_o;Longitude_o;ECO2LSTE_001_SDS_LST_err_o;QC_bitmask_o;LSTerr_o;Latitude_ref;Longitude_ref,9067,lake_only,kept_main_filled_outlet_from_additional,1,1,,,Mobye,mobye
291,Mobye,2021-12-26T19:45:16Z,187,main_s2mask,187,ECOSTRESS,lake_only,TRUE,FALSE,FALSE,20.15002441,,,3,,20.30999755859375,,20.07000732421875,,20.07000732421875,,0.138558432,,70,,70,,,,,,/scratch/mr3882/SEA_dam/LST_processed/sentinel2_water_masks/Mobye/ECOSTRESS/Mobye_ECOv002_L2T_LSTE_19700_002_47QLB_20211226T194516_0712_01_LST_LST_s2_footprint_water_mask.tif,,,,,,300420,,300000,,2189170,,2188120,,Myanmar,26,2336.38,189.1,826.9,Baluchaung,01/01/1971,877.3641968,19.787083,97.092083,,,,,procurement.dhpi@moep.gov.mm,,2021-12-26T19:45:16Z,2021,12,360,19.754444444444445,2.227249977777777,187,,,FALSE,FALSE,FALSE,FALSE,,,,,FALSE,,,,,,,,,,,19.787083,97.092083,,,FALSE,none,,,lake_only,kept_unique_main,1,0,,,Mobye,mobye
292,Mobye,2022-01-03T16:33:20Z,188,main_s2mask,188,ECOSTRESS,lake_only,TRUE,FALSE,FALSE,19.03503418,,,44,,20.089996337890625,,19.42999267578125,,16.69000244140625,,0.874729872,,70,,70,,,,,,/scratch/mr3882/SEA_dam/LST_processed/sentinel2_water_masks/Mobye/ECOSTRESS/Mobye_ECOv002_L2T_LSTE_19822_003_47QKB_20220103T163320_0712_01_LST_LST_s2_footprint_water_mask.tif,,,,,,300430,,299380,,2189170,,2188120,,Myanmar,26,2336.38,189.1,826.9,Baluchaung,01/01/1971,877.3641968,19.787083,97.092083,,,,,procurement.dhpi@moep.gov.mm,,2022-01-03T16:33:20Z,2022,1,3,16.555555555555557,23.02836108888889,188,,,FALSE,FALSE,FALSE,FALSE,,,,,FALSE,,,,,,,,,,,19.787083,97.092083,,,FALSE,none,,,lake_only,kept_unique_main,1,0,,,Mobye,mobye
293,Mobye,2022-01-05T01:35:53Z,9068,additional_ecostress,190,ECOSTRESS,paired,TRUE,TRUE,TRUE,20.23,17.31,-2.92,,,,,,,,,,,,,,,,,,,,,,,,,,,,,,,,,Myanmar,26,2336.38,189.1,826.9,Baluchaung,01/01/1971,877.3641968,19.787083,97.092083,,,,,procurement.dhpi@moep.gov.mm,,2022-01-05T01:35:53Z,2022,1,5,1.5980555555555558,8.070861089,,190,1,TRUE,FALSE,FALSE,FALSE,1,189,,,FALSE,68,19.7843,97.0882,0.96,0b1110111011000000,68,19.7822,97.0905,0.96,0b1110111011000000,19.787083,97.092083,0.96,0.96,FALSE,none,,,paired,kept_unique_additional,0,1,additional_ecostress__190,TRUE,Mobye,mobye
294,Mobye,2022-01-05T01:35:54Z,189,main_s2mask,189,ECOSTRESS,lake_only,TRUE,FALSE,FALSE,20.62231445,,,52,,21.029998779296875,,20.66000366210937,,19.89001465,,0.233343437,,70,,70,,,,,,/scratch/mr3882/SEA_dam/LST_processed/sentinel2_water_masks/Mobye/ECOSTRESS/Mobye_ECOv002_L2T_LSTE_19843_020_47QKB_20220105T013554_0712_01_LST_LST_s2_footprint_water_mask.tif,,,,,,300430,,299380,,2189170,,2188120,,Myanmar,26,2336.38,189.1,826.9,Baluchaung,01/01/1971,877.3641968,19.787083,97.092083,,,,,procurement.dhpi@moep.gov.mm,,2022-01-05T01:35:54Z,2022,1,5,1.5983333333333334,8.071138866666667,189,,,FALSE,FALSE,FALSE,FALSE,,,,,FALSE,,,,,,,,,,,19.787083,97.092083,,,FALSE,none,,,lake_only,kept_unique_main,1,0,,,Mobye,mobye
295,Mobye,2022-01-07T14:57:31Z,190,main_s2mask,190,ECOSTRESS,lake_only,TRUE,FALSE,FALSE,21.26333618,,,3,,21.27001953,,21.27001953,,21.25,,0.011558289,,70,,70,,,,,,/scratch/mr3882/SEA_dam/LST_processed/sentinel2_water_masks/Mobye/ECOSTRESS/Mobye_ECOv002_L2T_LSTE_19883_004_47QKB_20220107T145731_0712_01_LST_LST_s2_footprint_water_mask.tif,,,,,,300430,,299380,,2189170,,2188120,,Myanmar,26,2336.38,189.1,826.9,Baluchaung,01/01/1971,877.3641968,19.787083,97.092083,,,,,procurement.dhpi@moep.gov.mm,,2022-01-07T14:57:31Z,2022,1,7,14.95861111111111,21.431416644444443,190,,,FALSE,FALSE,FALSE,FALSE,,,,,FALSE,,,,,,,,,,,19.787083,97.092083,,,FALSE,none,,,lake_only,kept_unique_main,1,0,,,Mobye,mobye
296,Mobye,2022-01-19T10:10:44Z,191,main_s2mask,191,ECOSTRESS,lake_only,TRUE,FALSE,FALSE,20.67416382,,,53,,21.33001708984375,,20.709991455078125,,20.14999389648437,,0.273619622,,70,,70,,,,,,/scratch/mr3882/SEA_dam/LST_processed/sentinel2_water_masks/Mobye/ECOSTRESS/Mobye_ECOv002_L2T_LSTE_20066_004_47QKB_20220119T101044_0712_01_LST_LST_s2_footprint_water_mask.tif,,,,,,300430,,299380,,2189170,,2188120,,Myanmar,26,2336.38,189.1,826.9,Baluchaung,01/01/1971,877.3641968,19.787083,97.092083,,,,,procurement.dhpi@moep.gov.mm,,2022-01-19T10:10:44Z,2022,1,19,10.178888888888888,16.65169442222222,191,,,FALSE,FALSE,FALSE,FALSE,,,,,FALSE,,,,,,,,,,,19.787083,97.092083,,,FALSE,none,,,lake_only,kept_unique_main,1,0,,,Mobye,mobye
297,Mobye,2022-01-23T08:35:27Z,192,main_s2mask,192,ECOSTRESS,lake_only,TRUE,FALSE,FALSE,23.26998901,,,4,,24.110015869140625,,23.14999389648437,,22.67001342773437,,0.702760696,,70,,70,,,,,,/scratch/mr3882/SEA_dam/LST_processed/sentinel2_water_masks/Mobye/ECOSTRESS/Mobye_ECOv002_L2T_LSTE_20127_002_47QLB_20220123T083527_0712_01_LST_LST_s2_footprint_water_mask.tif,,,,,,300420,,300000,,2189170,,2188120,,Myanmar,26,2336.38,189.1,826.9,Baluchaung,01/01/1971,877.3641968,19.787083,97.092083,,,,,procurement.dhpi@moep.gov.mm,,2022-01-23T08:35:27Z,2022,1,23,8.590833333333334,15.063638866666668,192,,,FALSE,FALSE,FALSE,FALSE,,,,,FALSE,,,,,,,,,,,19.787083,97.092083,,,FALSE,none,,,lake_only,kept_unique_main,1,0,,,Mobye,mobye
298,Mobye,2022-01-23T18:26:23Z,193,main_s2mask,193,ECOSTRESS,lake_only,TRUE,FALSE,FALSE,19.90170288,,,53,,20.33001708984375,,19.970001220703125,,18.95001220703125,,0.240304425,,70,,70,,,,,,/scratch/mr3882/SEA_dam/LST_processed/sentinel2_water_masks/Mobye/ECOSTRESS/Mobye_ECOv002_L2T_LSTE_20133_005_47QKB_20220123T182623_0712_01_LST_LST_s2_footprint_water_mask.tif,,,,,,300430,,299380,,2189170,,2188120,,Myanmar,26,2336.38,189.1,826.9,Baluchaung,01/01/1971,877.3641968,19.787083,97.092083,,,,,procurement.dhpi@moep.gov.mm,,2022-01-23T18:26:23Z,2022,1,23,18.439722222222223,0.9125277555555548,193,,,FALSE,FALSE,FALSE,FALSE,,,,,FALSE,,,,,,,,,,,19.787083,97.092083,,,FALSE,none,,,lake_only,kept_unique_main,1,0,,,Mobye,mobye
299,Mobye,2022-02-07T03:01:05Z,194,main_s2mask,194,ECOSTRESS,paired,TRUE,TRUE,TRUE,20.46334839,20.95,0.4866516113280994,3,,20.67001342773437,,20.589996337890625,,20.13000488,,0.291434407,,70,,70,,,,,,/scratch/mr3882/SEA_dam/LST_processed/sentinel2_water_masks/Mobye/ECOSTRESS/Mobye_ECOv002_L2T_LSTE_20356_002_47QKB_20220207T030105_0712_01_LST_LST_s2_footprint_water_mask.tif,,,,,,300430,,299380,,2189170,,2188120,,Myanmar,26,2336.38,189.1,826.9,Baluchaung,01/01/1971,877.3641968,19.787083,97.092083,,,,,procurement.dhpi@moep.gov.mm,,2022-02-07T03:01:05Z,2022,2,38,3.018055555555556,9.490861088888888,194,,,FALSE,FALSE,FALSE,FALSE,,,,,FALSE,,,,,,68,19.7822,97.0905,0.96,0b1110111011000000,19.787083,97.092083,,0.96,TRUE,outlet,Tm_o;ID_o;Latitude_o;Longitude_o;ECO2LSTE_001_SDS_LST_err_o;QC_bitmask_o;LSTerr_o;Latitude_ref;Longitude_ref,9069,lake_only,kept_main_filled_outlet_from_additional,1,1,,,Mobye,mobye
300,Mobye,2022-02-14T23:49:37Z,195,main_s2mask,195,ECOSTRESS,lake_only,TRUE,FALSE,FALSE,19.52999878,,,2,,19.67001342773437,,19.529998779296875,,19.39001465,,0.197989032,,70,,70,,,,,,/scratch/mr3882/SEA_dam/LST_processed/sentinel2_water_masks/Mobye/ECOSTRESS/Mobye_ECOv002_L2T_LSTE_20478_001_47QKB_20220214T234937_0712_01_LST_LST_s2_footprint_water_mask.tif,,,,,,300430,,299380,,2189170,,2188120,,Myanmar,26,2336.38,189.1,826.9,Baluchaung,01/01/1971,877.3641968,19.787083,97.092083,,,,,procurement.dhpi@moep.gov.mm,,2022-02-14T23:49:37Z,2022,2,45,23.826944444444443,6.299749977777776,195,,,FALSE,FALSE,FALSE,FALSE,,,,,FALSE,,,,,,,,,,,19.787083,97.092083,,,FALSE,none,,,lake_only,kept_unique_main,1,0,,,Mobye,mobye
301,Mobye,2022-02-26T19:01:05Z,196,main_s2mask,196,ECOSTRESS,paired,TRUE,TRUE,TRUE,20.5166626,16.97,-3.546662598,3,,20.589996337890625,,20.550018310546875,,20.41000366210937,,0.094516061,,70,,70,,,,,,/scratch/mr3882/SEA_dam/LST_processed/sentinel2_water_masks/Mobye/ECOSTRESS/Mobye_ECOv002_L2T_LSTE_20661_004_47QKB_20220226T190105_0712_01_LST_LST_s2_footprint_water_mask.tif,,,,,,300430,,299380,,2189170,,2188120,,Myanmar,26,2336.38,189.1,826.9,Baluchaung,01/01/1971,877.3641968,19.787083,97.092083,,,,,procurement.dhpi@moep.gov.mm,,2022-02-26T19:01:05Z,2022,2,57,19.01805555555556,1.490861088888888,196,,,FALSE,FALSE,FALSE,FALSE,,,,,FALSE,,,,,,68,19.7822,97.0905,0.96,0b1110111011000000,19.787083,97.092083,,0.96,TRUE,outlet,Tm_o;ID_o;Latitude_o;Longitude_o;ECO2LSTE_001_SDS_LST_err_o;QC_bitmask_o;LSTerr_o;Latitude_ref;Longitude_ref,9070,lake_only,kept_main_filled_outlet_from_additional,1,1,,,Mobye,mobye
302,Mobye,2022-02-27T04:51:32Z,197,main_s2mask,197,ECOSTRESS,lake_only,TRUE,FALSE,FALSE,25.59002686,,,4,,26.029998779296875,,25.550018310546875,,25.230010986328125,,0.375583619,,70,,70,,,,,,/scratch/mr3882/SEA_dam/LST_processed/sentinel2_water_masks/Mobye/ECOSTRESS/Mobye_ECOv002_L2T_LSTE_20667_013_47QLB_20220227T045132_0712_01_LST_LST_s2_footprint_water_mask.tif,,,,,,300420,,300000,,2189170,,2188120,,Myanmar,26,2336.38,189.1,826.9,Baluchaung,01/01/1971,877.3641968,19.787083,97.092083,,,,,procurement.dhpi@moep.gov.mm,,2022-02-27T04:51:32Z,2022,2,58,4.858888888888888,11.33169442222222,197,,,FALSE,FALSE,FALSE,FALSE,,,,,FALSE,,,,,,,,,,,19.787083,97.092083,,,FALSE,none,,,lake_only,kept_unique_main,1,0,,,Mobye,mobye
303,Mobye,2022-03-18T20:57:15Z,198,main_s2mask,198,ECOSTRESS,paired,TRUE,TRUE,TRUE,22.00003052,17.95,-4.050030518,4,,22.610015869140625,,21.860015869140625,,21.67001342773437,,0.444373518,,70,,70,,,,,,/scratch/mr3882/SEA_dam/LST_processed/sentinel2_water_masks/Mobye/ECOSTRESS/Mobye_ECOv002_L2T_LSTE_20972_003_47QLB_20220318T205715_0712_01_LST_LST_s2_footprint_water_mask.tif,,,,,,300420,,300000,,2189170,,2188120,,Myanmar,26,2336.38,189.1,826.9,Baluchaung,01/01/1971,877.3641968,19.787083,97.092083,,,,,procurement.dhpi@moep.gov.mm,,2022-03-18T20:57:15Z,2022,3,77,20.954166666666666,3.426972199999998,198,,,FALSE,FALSE,FALSE,FALSE,,,,,FALSE,,,,,,68,19.7822,97.0905,1.28,0b1001101011000000,19.787083,97.092083,,1.28,TRUE,outlet,Tm_o;ID_o;Latitude_o;Longitude_o;ECO2LSTE_001_SDS_LST_err_o;QC_bitmask_o;LSTerr_o;Latitude_ref;Longitude_ref,9071,lake_only,kept_main_filled_outlet_from_additional,1,1,,,Mobye,mobye
304,Mobye,2022-11-10T22:54:22Z,199,main_s2mask,199,ECOSTRESS,lake_only,TRUE,FALSE,FALSE,22.95001221,,,2,,22.990020751953125,,22.95001220703125,,22.91000366210937,,0.056580625,,70,,70,,,,,,/scratch/mr3882/SEA_dam/LST_processed/sentinel2_water_masks/Mobye/ECOSTRESS/Mobye_ECOv002_L2T_LSTE_24658_012_47QLB_20221110T225422_0712_02_LST_LST_s2_footprint_water_mask.tif,,,,,,300420,,300000,,2189170,,2188120,,Myanmar,26,2336.38,189.1,826.9,Baluchaung,01/01/1971,877.3641968,19.787083,97.092083,,,,,procurement.dhpi@moep.gov.mm,,2022-11-10T22:54:22Z,2022,11,314,22.90611111111111,5.378916644444441,199,,,FALSE,FALSE,FALSE,FALSE,,,,,FALSE,,,,,,,,,,,19.787083,97.092083,,,FALSE,none,,,lake_only,kept_unique_main,1,0,,,Mobye,mobye
305,Mobye,2022-12-10T01:46:11Z,9072,additional_ecostress,195,ECOSTRESS,paired,TRUE,TRUE,TRUE,23.23,20.61,-2.62,,,,,,,,,,,,,,,,,,,,,,,,,,,,,,,,,Myanmar,26,2336.38,189.1,826.9,Baluchaung,01/01/1971,877.3641968,19.787083,97.092083,,,,,procurement.dhpi@moep.gov.mm,,2022-12-10T01:46:11Z,2022,12,344,1.7697222222222222,8.242527755555555,,195,1,TRUE,FALSE,FALSE,FALSE,1,200,,,FALSE,68,19.7843,97.0882,1.28,0b1001101011000000,68,19.7822,97.0905,1.28,0b1001111011000000,19.787083,97.092083,1.28,1.28,FALSE,none,,,paired,kept_unique_additional,0,1,additional_ecostress__195,TRUE,Mobye,mobye
306,Mobye,2022-12-10T01:46:12Z,200,main_s2mask,200,ECOSTRESS,lake_only,TRUE,FALSE,FALSE,23.48999023,,,40,,24.19000244140625,,23.610015869140625,,22.350006103515625,,0.528936923,,70,,70,,,,,,/scratch/mr3882/SEA_dam/LST_processed/sentinel2_water_masks/Mobye/ECOSTRESS/Mobye_ECOv002_L2T_LSTE_25110_002_47QKB_20221210T014612_0711_02_LST_LST_s2_footprint_water_mask.tif,,,,,,300430,,299380,,2189170,,2188120,,Myanmar,26,2336.38,189.1,826.9,Baluchaung,01/01/1971,877.3641968,19.787083,97.092083,,,,,procurement.dhpi@moep.gov.mm,,2022-12-10T01:46:12Z,2022,12,344,1.77,8.242805533333334,200,,,FALSE,FALSE,FALSE,FALSE,,,,,FALSE,,,,,,,,,,,19.787083,97.092083,,,FALSE,none,,,lake_only,kept_unique_main,1,0,,,Mobye,mobye
307,Mobye,2022-12-29T17:45:26Z,201,main_s2mask,201,ECOSTRESS,lake_only,TRUE,FALSE,FALSE,20.91500854,,,4,,21.209991455078125,,20.95001220703125,,20.550018310546875,,0.272447735,,70,,70,,,,,,/scratch/mr3882/SEA_dam/LST_processed/sentinel2_water_masks/Mobye/ECOSTRESS/Mobye_ECOv002_L2T_LSTE_25415_004_47QKB_20221229T174526_0710_01_LST_LST_s2_footprint_water_mask.tif,,,,,,300430,,299380,,2189170,,2188120,,Myanmar,26,2336.38,189.1,826.9,Baluchaung,01/01/1971,877.3641968,19.787083,97.092083,,,,,procurement.dhpi@moep.gov.mm,,2022-12-29T17:45:26Z,2022,12,363,17.75722222222222,0.2300277555555538,201,,,FALSE,FALSE,FALSE,FALSE,,,,,FALSE,,,,,,,,,,,19.787083,97.092083,,,FALSE,none,,,lake_only,kept_unique_main,1,0,,,Mobye,mobye
308,Mobye,2023-01-05T15:21:11Z,202,main_s2mask,202,ECOSTRESS,paired,TRUE,TRUE,TRUE,20.95999146,18.33,-2.629991455,4,,21.029998779296875,,20.949981689453125,,20.91000366210937,,0.052914798,,70,,70,,,,,,/scratch/mr3882/SEA_dam/LST_processed/sentinel2_water_masks/Mobye/ECOSTRESS/Mobye_ECOv002_L2T_LSTE_25522_002_47QLB_20230105T152111_0712_02_LST_LST_s2_footprint_water_mask.tif,,,,,,300420,,300000,,2189170,,2188120,,Myanmar,26,2336.38,189.1,826.9,Baluchaung,01/01/1971,877.3641968,19.787083,97.092083,,,,,procurement.dhpi@moep.gov.mm,,2023-01-05T15:21:11Z,2023,1,5,15.353055555555557,21.82586108888889,202,,,FALSE,FALSE,FALSE,FALSE,,,,,FALSE,,,,,,68,19.7822,97.0905,1.32,0b1001101011000000,19.787083,97.092083,,1.32,TRUE,outlet,Tm_o;ID_o;Latitude_o;Longitude_o;ECO2LSTE_001_SDS_LST_err_o;QC_bitmask_o;LSTerr_o;Latitude_ref;Longitude_ref,9073,lake_only,kept_main_filled_outlet_from_additional,1,1,,,Mobye,mobye
309,Mobye,2023-01-09T13:44:42Z,203,main_s2mask,203,ECOSTRESS,lake_only,TRUE,FALSE,FALSE,20.6619873,,,5,,20.75,,20.67001342773437,,20.51000977,,0.091209427,,70,,70,,,,,,/scratch/mr3882/SEA_dam/LST_processed/sentinel2_water_masks/Mobye/ECOSTRESS/Mobye_ECOv002_L2T_LSTE_25583_003_47QLB_20230109T134442_0711_02_LST_LST_s2_footprint_water_mask.tif,,,,,,300420,,300000,,2189170,,2188120,,Myanmar,26,2336.38,189.1,826.9,Baluchaung,01/01/1971,877.3641968,19.787083,97.092083,,,,,procurement.dhpi@moep.gov.mm,,2023-01-09T13:44:42Z,2023,1,9,13.745,20.217805533333333,203,,,FALSE,FALSE,FALSE,FALSE,,,,,FALSE,,,,,,,,,,,19.787083,97.092083,,,FALSE,none,,,lake_only,kept_unique_main,1,0,,,Mobye,mobye
310,Mobye,2023-01-13T12:07:17Z,9074,additional_ecostress,197,ECOSTRESS,outlet_only,FALSE,TRUE,FALSE,,17.91,,,,,,,,,,,,,,,,,,,,,,,,,,,,,,,,,,Myanmar,26,2336.38,189.1,826.9,Baluchaung,01/01/1971,877.3641968,19.787083,97.092083,,,,,procurement.dhpi@moep.gov.mm,,2023-01-13T12:07:17Z,2023,1,13,12.12138888888889,18.594194422222223,,197,0,FALSE,FALSE,FALSE,FALSE,,,,,FALSE,,,,,,68,19.7822,97.0905,0.8,0b1110101011000000,19.787083,97.092083,,0.8,FALSE,none,,,outlet_only,kept_unique_additional,0,1,additional_ecostress__197,TRUE,Mobye,mobye
311,Mobye,2023-01-17T10:30:11Z,9075,additional_ecostress,198,ECOSTRESS,paired,TRUE,TRUE,TRUE,20.77,20.87,0.1000000000000014,,,,,,,,,,,,,,,,,,,,,,,,,,,,,,,,,Myanmar,26,2336.38,189.1,826.9,Baluchaung,01/01/1971,877.3641968,19.787083,97.092083,,,,,procurement.dhpi@moep.gov.mm,,2023-01-17T10:30:11Z,2023,1,17,10.503055555555555,16.975861088888887,,198,1,TRUE,FALSE,FALSE,FALSE,1,204,,,FALSE,68,19.7843,97.0882,1.04,0b1010111011000000,68,19.7822,97.0905,1.04,0b1010111011000000,19.787083,97.092083,1.04,1.04,FALSE,none,,,paired,kept_unique_additional,0,1,additional_ecostress__198,TRUE,Mobye,mobye
312,Mobye,2023-01-17T10:30:12Z,204,main_s2mask,204,ECOSTRESS,lake_only,TRUE,FALSE,FALSE,21.01998901,,,4,,21.39001465,,21,,20.69000244140625,,0.287755162,,70,,70,,,,,,/scratch/mr3882/SEA_dam/LST_processed/sentinel2_water_masks/Mobye/ECOSTRESS/Mobye_ECOv002_L2T_LSTE_25705_004_47QKB_20230117T103012_0712_01_LST_LST_s2_footprint_water_mask.tif,,,,,,300430,,299380,,2189170,,2188120,,Myanmar,26,2336.38,189.1,826.9,Baluchaung,01/01/1971,877.3641968,19.787083,97.092083,,,,,procurement.dhpi@moep.gov.mm,,2023-01-17T10:30:12Z,2023,1,17,10.503333333333334,16.976138866666666,204,,,FALSE,FALSE,FALSE,FALSE,,,,,FALSE,,,,,,,,,,,19.787083,97.092083,,,FALSE,none,,,lake_only,kept_unique_main,1,0,,,Mobye,mobye
313,Mobye,2023-01-25T07:15:50Z,205,main_s2mask,205,ECOSTRESS,paired,TRUE,TRUE,TRUE,29.67669678,29.03,-0.646696777,6,,31.990020751953125,,30.17001342773437,,25.14999389648437,,2.411700964,,70,,70,,,,,,/scratch/mr3882/SEA_dam/LST_processed/sentinel2_water_masks/Mobye/ECOSTRESS/Mobye_ECOv002_L2T_LSTE_25827_001_47QLB_20230125T071550_0710_01_LST_LST_s2_footprint_water_mask.tif,,,,,,300420,,300000,,2189170,,2188120,,Myanmar,26,2336.38,189.1,826.9,Baluchaung,01/01/1971,877.3641968,19.787083,97.092083,,,,,procurement.dhpi@moep.gov.mm,,2023-01-25T07:15:50Z,2023,1,25,7.263888888888889,13.736694422222222,205,,,FALSE,FALSE,FALSE,FALSE,,,,,FALSE,,,,,,68,19.7822,97.0905,1.28,0b1001111011000000,19.787083,97.092083,,1.28,TRUE,outlet,Tm_o;ID_o;Latitude_o;Longitude_o;ECO2LSTE_001_SDS_LST_err_o;QC_bitmask_o;LSTerr_o;Latitude_ref;Longitude_ref,9076,lake_only,kept_main_filled_outlet_from_additional,1,1,,,Mobye,mobye
314,Mobye,2023-02-20T20:47:08Z,9077,additional_ecostress,200,ECOSTRESS,paired,TRUE,TRUE,TRUE,18.81,15.65,-3.16,,,,,,,,,,,,,,,,,,,,,,,,,,,,,,,,,Myanmar,26,2336.38,189.1,826.9,Baluchaung,01/01/1971,877.3641968,19.787083,97.092083,,,,,procurement.dhpi@moep.gov.mm,,2023-02-20T20:47:08Z,2023,2,51,20.78555555555556,3.258361089,,200,1,TRUE,FALSE,FALSE,FALSE,1,206,,,FALSE,68,19.7843,97.0882,1.28,0b1001111011000000,68,19.7822,97.0905,1.28,0b1001111011000000,19.787083,97.092083,1.28,1.28,FALSE,none,,,paired,kept_unique_additional,0,1,additional_ecostress__200,TRUE,Mobye,mobye
315,Mobye,2023-02-20T20:47:09Z,206,main_s2mask,206,ECOSTRESS,lake_only,TRUE,FALSE,FALSE,19.54025269,,,41,,20.490020751953125,,19.67001342773437,,17.610015869140625,,0.614233255,,70,,70,,,,,,/scratch/mr3882/SEA_dam/LST_processed/sentinel2_water_masks/Mobye/ECOSTRESS/Mobye_ECOv002_L2T_LSTE_26239_005_47QKB_20230220T204709_0711_01_LST_LST_s2_footprint_water_mask.tif,,,,,,300430,,299380,,2189170,,2188120,,Myanmar,26,2336.38,189.1,826.9,Baluchaung,01/01/1971,877.3641968,19.787083,97.092083,,,,,procurement.dhpi@moep.gov.mm,,2023-02-20T20:47:09Z,2023,2,51,20.785833333333336,3.258638866666669,206,,,FALSE,FALSE,FALSE,FALSE,,,,,FALSE,,,,,,,,,,,19.787083,97.092083,,,FALSE,none,,,lake_only,kept_unique_main,1,0,,,Mobye,mobye
316,Mobye,2023-02-24T19:13:17Z,207,main_s2mask,207,ECOSTRESS,paired,TRUE,TRUE,TRUE,21.61474609,18.79,-2.824746094,38,,22.45001220703125,,21.790008544921875,,19.790008544921875,,0.584027767,,70,,70,,,,,,/scratch/mr3882/SEA_dam/LST_processed/sentinel2_water_masks/Mobye/ECOSTRESS/Mobye_ECOv002_L2T_LSTE_26300_004_47QKB_20230224T191317_0711_02_LST_LST_s2_footprint_water_mask.tif,,,,,,300430,,299380,,2189170,,2188120,,Myanmar,26,2336.38,189.1,826.9,Baluchaung,01/01/1971,877.3641968,19.787083,97.092083,,,,,procurement.dhpi@moep.gov.mm,,2023-02-24T19:13:17Z,2023,2,55,19.22138888888889,1.6941944222222212,207,,,FALSE,FALSE,FALSE,FALSE,,,,,FALSE,,,,,,68,19.7822,97.0905,1.2,0b1001111011000000,19.787083,97.092083,,1.2,TRUE,outlet,Tm_o;ID_o;Latitude_o;Longitude_o;ECO2LSTE_001_SDS_LST_err_o;QC_bitmask_o;LSTerr_o;Latitude_ref;Longitude_ref,9078,lake_only,kept_main_filled_outlet_from_additional,1,1,,,Mobye,mobye
317,Mobye,2023-02-28T17:38:44Z,208,main_s2mask,208,ECOSTRESS,paired,TRUE,TRUE,TRUE,21.70196533,17.79,-3.911965332,55,,22.91000366210937,,21.92999267578125,,19.41000366210937,,0.819733679,,70,,70,,,,,,/scratch/mr3882/SEA_dam/LST_processed/sentinel2_water_masks/Mobye/ECOSTRESS/Mobye_ECOv002_L2T_LSTE_26361_004_47QKB_20230228T173844_0711_01_LST_LST_s2_footprint_water_mask.tif,,,,,,300430,,299380,,2189170,,2188120,,Myanmar,26,2336.38,189.1,826.9,Baluchaung,01/01/1971,877.3641968,19.787083,97.092083,,,,,procurement.dhpi@moep.gov.mm,,2023-02-28T17:38:44Z,2023,2,59,17.645555555555553,0.1183610888888857,208,,,FALSE,FALSE,FALSE,FALSE,,,,,FALSE,,,,,,68,19.7822,97.0905,1.36,0b1001101011000000,19.787083,97.092083,,1.36,TRUE,outlet,Tm_o;ID_o;Latitude_o;Longitude_o;ECO2LSTE_001_SDS_LST_err_o;QC_bitmask_o;LSTerr_o;Latitude_ref;Longitude_ref,9079,lake_only,kept_main_filled_outlet_from_additional,1,1,,,Mobye,mobye
318,Mobye,2023-03-04T16:03:24Z,9080,additional_ecostress,203,ECOSTRESS,paired,TRUE,TRUE,TRUE,20.33,16.99,-3.34,,,,,,,,,,,,,,,,,,,,,,,,,,,,,,,,,Myanmar,26,2336.38,189.1,826.9,Baluchaung,01/01/1971,877.3641968,19.787083,97.092083,,,,,procurement.dhpi@moep.gov.mm,,2023-03-04T16:03:24Z,2023,3,63,16.05666666666667,22.5294722,,203,1,TRUE,FALSE,FALSE,FALSE,1,209,,,FALSE,68,19.7843,97.0882,1.16,0b1010101011000000,68,19.7822,97.0905,1.16,0b1010111011000000,19.787083,97.092083,1.16,1.16,FALSE,none,,,paired,kept_unique_additional,0,1,additional_ecostress__203,TRUE,Mobye,mobye
319,Mobye,2023-03-04T16:03:25Z,209,main_s2mask,209,ECOSTRESS,lake_only,TRUE,FALSE,FALSE,20.875,,,4,,21.970001220703125,,20.95001220703125,,19.63000488,,1.259668469,,70,,70,,,,,,/scratch/mr3882/SEA_dam/LST_processed/sentinel2_water_masks/Mobye/ECOSTRESS/Mobye_ECOv002_L2T_LSTE_26422_004_47QKB_20230304T160325_0711_01_LST_LST_s2_footprint_water_mask.tif,,,,,,300430,,299380,,2189170,,2188120,,Myanmar,26,2336.38,189.1,826.9,Baluchaung,01/01/1971,877.3641968,19.787083,97.092083,,,,,procurement.dhpi@moep.gov.mm,,2023-03-04T16:03:25Z,2023,3,63,16.056944444444444,22.529749977777776,209,,,FALSE,FALSE,FALSE,FALSE,,,,,FALSE,,,,,,,,,,,19.787083,97.092083,,,FALSE,none,,,lake_only,kept_unique_main,1,0,,,Mobye,mobye
320,Mobye,2025-01-18T18:11:12Z,210,main_s2mask,210,ECOSTRESS,lake_only,TRUE,FALSE,FALSE,20.11001587,,,5,,20.33001708984375,,20.07000732421875,,20.01000977,,0.132668018,,70,,70,,,,,,/scratch/mr3882/SEA_dam/LST_processed/sentinel2_water_masks/Mobye/ECOSTRESS/Mobye_ECOv002_L2T_LSTE_37063_009_47QLB_20250118T181112_0713_01_LST_LST_s2_footprint_water_mask.tif,,,,,,300420,,300000,,2189170,,2188120,,Myanmar,26,2336.38,189.1,826.9,Baluchaung,01/01/1971,877.3641968,19.787083,97.092083,,,,,procurement.dhpi@moep.gov.mm,,2025-01-18T18:11:12Z,2025,1,18,18.186666666666667,0.6594721999999997,210,,,FALSE,FALSE,FALSE,FALSE,,,,,FALSE,,,,,,,,,,,19.787083,97.092083,,,FALSE,none,,,lake_only,kept_unique_main,1,0,,,Mobye,mobye
321,Mone,2019-12-09T03:55:25Z,211,main_s2mask,211,ECOSTRESS,paired,TRUE,TRUE,TRUE,24.47106934,23.95,-0.521069336,19,,25.63000488,,24.33001708984375,,23.230010986328125,,0.595032215,,70,,70,,,,,,/scratch/mr3882/SEA_dam/LST_processed/sentinel2_water_masks/Mone/ECOSTRESS/Mone_ECOv002_L2T_LSTE_08083_001_46QFH_20191209T035525_0712_01_LST_LST_s2_footprint_water_mask.tif,,,,,,631290,,630240,,2265950,,2264830,,Myanmar,61,29447.5,41.5,642,Mone Chaung,01/01/2013,108.5691986,20.479942,94.255325,,,,,procurement.dhpi@moep.gov.mm,,2019-12-09T03:55:25Z,2019,12,343,3.923611111111111,10.207299444444445,211,,,FALSE,FALSE,FALSE,FALSE,,,,,FALSE,,,,,,57,20.4732,94.2561,1.2,0b1001101011000000,20.479942,94.255325,,1.2,TRUE,outlet,Tm_o;ID_o;Latitude_o;Longitude_o;ECO2LSTE_001_SDS_LST_err_o;QC_bitmask_o;LSTerr_o;Latitude_ref;Longitude_ref,9081,lake_only,kept_main_filled_outlet_from_additional,1,1,,,Mone,mone
322,Mone,2019-12-13T02:18:08Z,212,main_s2mask,212,ECOSTRESS,paired,TRUE,TRUE,TRUE,22.7069397,19.51,-3.196939697,13,,23.350006103515625,,22.67001342773437,,22.19000244140625,,0.371648341,,70,,70,,,,,,/scratch/mr3882/SEA_dam/LST_processed/sentinel2_water_masks/Mone/ECOSTRESS/Mone_ECOv002_L2T_LSTE_08144_001_46QFH_20191213T021808_0712_01_LST_LST_s2_footprint_water_mask.tif,,,,,,631290,,630240,,2265950,,2264830,,Myanmar,61,29447.5,41.5,642,Mone Chaung,01/01/2013,108.5691986,20.479942,94.255325,,,,,procurement.dhpi@moep.gov.mm,,2019-12-13T02:18:08Z,2019,12,347,2.302222222222222,8.585910555555555,212,,,FALSE,FALSE,FALSE,FALSE,,,,,FALSE,,,,,,57,20.4732,94.2561,1.2,0b1001111011000000,20.479942,94.255325,,1.2,TRUE,outlet,Tm_o;ID_o;Latitude_o;Longitude_o;ECO2LSTE_001_SDS_LST_err_o;QC_bitmask_o;LSTerr_o;Latitude_ref;Longitude_ref,9082,lake_only,kept_main_filled_outlet_from_additional,1,1,,,Mone,mone
323,Mone,2019-12-17T00:40:41Z,213,main_s2mask,213,ECOSTRESS,paired,TRUE,TRUE,TRUE,21.02789307,15.95,-5.077893066,19,,22.07000732421875,,20.91000366210937,,20.050018310546875,,0.56437844,,70,,70,,,,,,/scratch/mr3882/SEA_dam/LST_processed/sentinel2_water_masks/Mone/ECOSTRESS/Mone_ECOv002_L2T_LSTE_08205_001_46QFH_20191217T004041_0712_01_LST_LST_s2_footprint_water_mask.tif,,,,,,631290,,630240,,2265950,,2264830,,Myanmar,61,29447.5,41.5,642,Mone Chaung,01/01/2013,108.5691986,20.479942,94.255325,,,,,procurement.dhpi@moep.gov.mm,,2019-12-17T00:40:41Z,2019,12,351,0.6780555555555555,6.961743888888889,213,,,FALSE,FALSE,FALSE,FALSE,,,,,FALSE,,,,,,57,20.4732,94.2561,1.08,0b1010111011000000,20.479942,94.255325,,1.08,TRUE,outlet,Tm_o;ID_o;Latitude_o;Longitude_o;ECO2LSTE_001_SDS_LST_err_o;QC_bitmask_o;LSTerr_o;Latitude_ref;Longitude_ref,9083,lake_only,kept_main_filled_outlet_from_additional,1,1,,,Mone,mone
324,Mone,2019-12-23T22:15:13Z,214,main_s2mask,214,ECOSTRESS,paired,TRUE,TRUE,TRUE,18.91662598,13.91,-5.006625977,18,,21.45001220703125,,18.980010986328125,,16.33001708984375,,1.278250456,,70,,70,,,,,,/scratch/mr3882/SEA_dam/LST_processed/sentinel2_water_masks/Mone/ECOSTRESS/Mone_ECOv002_L2T_LSTE_08312_003_46QFH_20191223T221513_0712_01_LST_LST_s2_footprint_water_mask.tif,,,,,,631290,,630240,,2265950,,2264830,,Myanmar,61,29447.5,41.5,642,Mone Chaung,01/01/2013,108.5691986,20.479942,94.255325,,,,,procurement.dhpi@moep.gov.mm,,2019-12-23T22:15:13Z,2019,12,357,22.253611111111116,4.537299444444447,214,,,FALSE,FALSE,FALSE,FALSE,,,,,FALSE,,,,,,57,20.4732,94.2561,1.28,0b1001111011000000,20.479942,94.255325,,1.28,TRUE,outlet,Tm_o;ID_o;Latitude_o;Longitude_o;ECO2LSTE_001_SDS_LST_err_o;QC_bitmask_o;LSTerr_o;Latitude_ref;Longitude_ref,9084,lake_only,kept_main_filled_outlet_from_additional,1,1,,,Mone,mone
325,Mone,2020-01-12T14:18:15Z,9085,additional_ecostress,208,ECOSTRESS,paired,TRUE,TRUE,TRUE,21.81,17.11,-4.7,,,,,,,,,,,,,,,,,,,,,,,,,,,,,,,,,Myanmar,61,29447.5,41.5,642,Mone Chaung,01/01/2013,108.5691986,20.479942,94.255325,,,,,procurement.dhpi@moep.gov.mm,,2020-01-12T14:18:15Z,2020,1,12,14.304166666666667,20.587855,,208,1,TRUE,FALSE,FALSE,FALSE,1,215,,,FALSE,57,20.4834,94.2613,1.2,0b1001111011000000,57,20.4732,94.2561,1.2,0b1001111011000000,20.479942,94.255325,1.2,1.2,FALSE,none,,,paired,kept_unique_additional,0,1,additional_ecostress__208,TRUE,Mone,mone
326,Mone,2020-01-12T14:18:16Z,215,main_s2mask,215,ECOSTRESS,lake_only,TRUE,FALSE,FALSE,21.46292114,,,17,,22.470001220703125,,21.30999755859375,,20.790008544921875,,0.507047772,,70,,70,,,,,,/scratch/mr3882/SEA_dam/LST_processed/sentinel2_water_masks/Mone/ECOSTRESS/Mone_ECOv002_L2T_LSTE_08617_001_46QFH_20200112T141816_0712_01_LST_LST_s2_footprint_water_mask.tif,,,,,,631290,,630240,,2265950,,2264830,,Myanmar,61,29447.5,41.5,642,Mone Chaung,01/01/2013,108.5691986,20.479942,94.255325,,,,,procurement.dhpi@moep.gov.mm,,2020-01-12T14:18:16Z,2020,1,12,14.304444444444446,20.58813277777778,215,,,FALSE,FALSE,FALSE,FALSE,,,,,FALSE,,,,,,,,,,,20.479942,94.255325,,,FALSE,none,,,lake_only,kept_unique_main,1,0,,,Mone,mone
327,Mone,2020-01-28T07:59:33Z,9086,additional_ecostress,209,ECOSTRESS,paired,TRUE,TRUE,TRUE,24.09,29.27,5.18,,,,,,,,,,,,,,,,,,,,,,,,,,,,,,,,,Myanmar,61,29447.5,41.5,642,Mone Chaung,01/01/2013,108.5691986,20.479942,94.255325,,,,,procurement.dhpi@moep.gov.mm,,2020-01-28T07:59:33Z,2020,1,28,7.9925,14.276188333333334,,209,1,TRUE,FALSE,FALSE,FALSE,1,216,,,FALSE,57,20.4834,94.2613,1.2,0b1001111011000000,57,20.4732,94.2561,1.2,0b1001111011000000,20.479942,94.255325,1.2,1.2,FALSE,none,,,paired,kept_unique_additional,0,1,additional_ecostress__209,TRUE,Mone,mone
328,Mone,2020-01-28T07:59:34Z,216,main_s2mask,216,ECOSTRESS,lake_only,TRUE,FALSE,FALSE,26.99737549,,,19,,29.610015869140625,,26.51000977,,25.110015869140625,,1.404126644,,70,,70,,,,,,/scratch/mr3882/SEA_dam/LST_processed/sentinel2_water_masks/Mone/ECOSTRESS/Mone_ECOv002_L2T_LSTE_08861_001_46QFH_20200128T075934_0712_01_LST_LST_s2_footprint_water_mask.tif,,,,,,631290,,630240,,2265950,,2264830,,Myanmar,61,29447.5,41.5,642,Mone Chaung,01/01/2013,108.5691986,20.479942,94.255325,,,,,procurement.dhpi@moep.gov.mm,,2020-01-28T07:59:34Z,2020,1,28,7.9927777777777775,14.27646611111111,216,,,FALSE,FALSE,FALSE,FALSE,,,,,FALSE,,,,,,,,,,,20.479942,94.255325,,,FALSE,none,,,lake_only,kept_unique_main,1,0,,,Mone,mone
329,Mone,2020-02-01T06:25:58Z,9087,additional_ecostress,210,ECOSTRESS,paired,TRUE,TRUE,TRUE,24.43,30.87,6.440000000000001,,,,,,,,,,,,,,,,,,,,,,,,,,,,,,,,,Myanmar,61,29447.5,41.5,642,Mone Chaung,01/01/2013,108.5691986,20.479942,94.255325,,,,,procurement.dhpi@moep.gov.mm,,2020-02-01T06:25:58Z,2020,2,32,6.432777777777778,12.71646611111111,,210,1,TRUE,FALSE,FALSE,FALSE,1,217,,,FALSE,57,20.4834,94.2613,1.28,0b1001111011000000,57,20.4732,94.2561,1.28,0b1001111011000000,20.479942,94.255325,1.28,1.28,FALSE,none,,,paired,kept_unique_additional,0,1,additional_ecostress__210,TRUE,Mone,mone
330,Mone,2020-02-01T06:25:59Z,217,main_s2mask,217,ECOSTRESS,lake_only,TRUE,FALSE,FALSE,28.99667358,,,6,,30.30999755859375,,28.67001342773437,,27.730010986328125,,1.061819792,,70,,70,,,,,,/scratch/mr3882/SEA_dam/LST_processed/sentinel2_water_masks/Mone/ECOSTRESS/Mone_ECOv002_L2T_LSTE_08922_001_46QFH_20200201T062559_0712_01_LST_LST_s2_footprint_water_mask.tif,,,,,,631290,,630240,,2265950,,2264830,,Myanmar,61,29447.5,41.5,642,Mone Chaung,01/01/2013,108.5691986,20.479942,94.255325,,,,,procurement.dhpi@moep.gov.mm,,2020-02-01T06:25:59Z,2020,2,32,6.433055555555556,12.716743888888889,217,,,FALSE,FALSE,FALSE,FALSE,,,,,FALSE,,,,,,,,,,,20.479942,94.255325,,,FALSE,none,,,lake_only,kept_unique_main,1,0,,,Mone,mone
331,Mone,2020-02-13T01:45:25Z,218,main_s2mask,218,ECOSTRESS,paired,TRUE,TRUE,TRUE,22.0982666,17.53,-4.568266602,17,,22.51000977,,22.089996337890625,,21.529998779296875,,0.238962859,,70,,70,,,,,,/scratch/mr3882/SEA_dam/LST_processed/sentinel2_water_masks/Mone/ECOSTRESS/Mone_ECOv002_L2T_LSTE_09105_001_46QFH_20200213T014525_0712_01_LST_LST_s2_footprint_water_mask.tif,,,,,,631290,,630240,,2265950,,2264830,,Myanmar,61,29447.5,41.5,642,Mone Chaung,01/01/2013,108.5691986,20.479942,94.255325,,,,,procurement.dhpi@moep.gov.mm,,2020-02-13T01:45:25Z,2020,2,44,1.7569444444444444,8.040632777777777,218,,,FALSE,FALSE,FALSE,FALSE,,,,,FALSE,,,,,,57,20.4732,94.2561,0.92,0b1110111011000000,20.479942,94.255325,,0.92,TRUE,outlet,Tm_o;ID_o;Latitude_o;Longitude_o;ECO2LSTE_001_SDS_LST_err_o;QC_bitmask_o;LSTerr_o;Latitude_ref;Longitude_ref,9088,lake_only,kept_main_filled_outlet_from_additional,1,1,,,Mone,mone
332,Mone,2020-02-20T22:38:12Z,9089,additional_ecostress,212,ECOSTRESS,outlet_only,FALSE,TRUE,FALSE,,11.89,,,,,,,,,,,,,,,,,,,,,,,,,,,,,,,,,,Myanmar,61,29447.5,41.5,642,Mone Chaung,01/01/2013,108.5691986,20.479942,94.255325,,,,,procurement.dhpi@moep.gov.mm,,2020-02-20T22:38:12Z,2020,2,51,22.636666666666667,4.920355000000001,,212,1,TRUE,FALSE,FALSE,FALSE,1,219,,,FALSE,,,,,,57,20.4732,94.2561,0.88,0b1110111011000000,20.479942,94.255325,,0.88,FALSE,none,,,outlet_only,kept_unique_additional,0,1,additional_ecostress__212,TRUE,Mone,mone
333,Mone,2020-02-20T22:38:13Z,219,main_s2mask,219,ECOSTRESS,lake_only,TRUE,FALSE,FALSE,19.82998657,,,7,,20.33001708984375,,19.709991455078125,,19.67001342773437,,0.250605315,,70,,70,,,,,,/scratch/mr3882/SEA_dam/LST_processed/sentinel2_water_masks/Mone/ECOSTRESS/Mone_ECOv002_L2T_LSTE_09227_001_46QFH_20200220T223813_0712_01_LST_LST_s2_footprint_water_mask.tif,,,,,,631290,,630240,,2265950,,2264830,,Myanmar,61,29447.5,41.5,642,Mone Chaung,01/01/2013,108.5691986,20.479942,94.255325,,,,,procurement.dhpi@moep.gov.mm,,2020-02-20T22:38:13Z,2020,2,51,22.636944444444445,4.920632777777779,219,,,FALSE,FALSE,FALSE,FALSE,,,,,FALSE,,,,,,,,,,,20.479942,94.255325,,,FALSE,none,,,lake_only,kept_unique_main,1,0,,,Mone,mone
334,Mone,2020-03-03T17:57:47Z,9090,additional_ecostress,213,ECOSTRESS,paired,TRUE,TRUE,TRUE,22.43,19.85,-2.58,,,,,,,,,,,,,,,,,,,,,,,,,,,,,,,,,Myanmar,61,29447.5,41.5,642,Mone Chaung,01/01/2013,108.5691986,20.479942,94.255325,,,,,procurement.dhpi@moep.gov.mm,,2020-03-03T17:57:47Z,2020,3,63,17.963055555555556,0.246743889,,213,1,TRUE,FALSE,FALSE,FALSE,1,220,,,FALSE,57,20.4834,94.2613,1.32,0b1001111011000000,57,20.4732,94.2561,1.32,0b1001111011000000,20.479942,94.255325,1.32,1.32,FALSE,none,,,paired,kept_unique_additional,0,1,additional_ecostress__213,TRUE,Mone,mone
335,Mone,2020-03-03T17:57:48Z,220,main_s2mask,220,ECOSTRESS,lake_only,TRUE,FALSE,FALSE,23.25469971,,,17,,24.14999389648437,,23.14999389648437,,22.69000244140625,,0.339006513,,70,,70,,,,,,/scratch/mr3882/SEA_dam/LST_processed/sentinel2_water_masks/Mone/ECOSTRESS/Mone_ECOv002_L2T_LSTE_09410_002_46QFH_20200303T175748_0712_01_LST_LST_s2_footprint_water_mask.tif,,,,,,631290,,630240,,2265950,,2264830,,Myanmar,61,29447.5,41.5,642,Mone Chaung,01/01/2013,108.5691986,20.479942,94.255325,,,,,procurement.dhpi@moep.gov.mm,,2020-03-03T17:57:48Z,2020,3,63,17.96333333333333,0.2470216666666651,220,,,FALSE,FALSE,FALSE,FALSE,,,,,FALSE,,,,,,,,,,,20.479942,94.255325,,,FALSE,none,,,lake_only,kept_unique_main,1,0,,,Mone,mone
336,Mone,2020-03-11T14:49:41Z,9091,additional_ecostress,214,ECOSTRESS,outlet_only,FALSE,TRUE,FALSE,,25.51,,,,,,,,,,,,,,,,,,,,,,,,,,,,,,,,,,Myanmar,61,29447.5,41.5,642,Mone Chaung,01/01/2013,108.5691986,20.479942,94.255325,,,,,procurement.dhpi@moep.gov.mm,,2020-03-11T14:49:41Z,2020,3,71,14.828055555555554,21.11174388888889,,214,1,TRUE,FALSE,FALSE,FALSE,1,221,,,FALSE,,,,,,57,20.4732,94.2561,1.32,0b1001111011000000,20.479942,94.255325,,1.32,FALSE,none,,,outlet_only,kept_unique_additional,0,1,additional_ecostress__214,TRUE,Mone,mone
337,Mone,2020-03-11T14:49:42Z,221,main_s2mask,221,ECOSTRESS,lake_only,TRUE,FALSE,FALSE,27.38882446,,,17,,27.92999267578125,,27.33001708984375,,26.790008544921875,,0.298447788,,70,,70,,,,,,/scratch/mr3882/SEA_dam/LST_processed/sentinel2_water_masks/Mone/ECOSTRESS/Mone_ECOv002_L2T_LSTE_09532_001_46QFH_20200311T144942_0712_01_LST_LST_s2_footprint_water_mask.tif,,,,,,631290,,630240,,2265950,,2264830,,Myanmar,61,29447.5,41.5,642,Mone Chaung,01/01/2013,108.5691986,20.479942,94.255325,,,,,procurement.dhpi@moep.gov.mm,,2020-03-11T14:49:42Z,2020,3,71,14.828333333333331,21.112021666666667,221,,,FALSE,FALSE,FALSE,FALSE,,,,,FALSE,,,,,,,,,,,20.479942,94.255325,,,FALSE,none,,,lake_only,kept_unique_main,1,0,,,Mone,mone
338,Mone,2020-03-23T10:09:34Z,222,main_s2mask,222,ECOSTRESS,paired,TRUE,TRUE,TRUE,30.28430176,32.43,2.145698242,7,,31.33001708984375,,30.029998779296875,,29.209991455078125,,0.838074803,,70,,70,,,,,,/scratch/mr3882/SEA_dam/LST_processed/sentinel2_water_masks/Mone/ECOSTRESS/Mone_ECOv002_L2T_LSTE_09715_001_46QFH_20200323T100934_0712_01_LST_LST_s2_footprint_water_mask.tif,,,,,,631290,,630240,,2265950,,2264830,,Myanmar,61,29447.5,41.5,642,Mone Chaung,01/01/2013,108.5691986,20.479942,94.255325,,,,,procurement.dhpi@moep.gov.mm,,2020-03-23T10:09:34Z,2020,3,83,10.159444444444444,16.443132777777777,222,,,FALSE,FALSE,FALSE,FALSE,,,,,FALSE,,,,,,57,20.4732,94.2561,1.28,0b1001101011000000,20.479942,94.255325,,1.28,TRUE,outlet,Tm_o;ID_o;Latitude_o;Longitude_o;ECO2LSTE_001_SDS_LST_err_o;QC_bitmask_o;LSTerr_o;Latitude_ref;Longitude_ref,9092,lake_only,kept_main_filled_outlet_from_additional,1,1,,,Mone,mone
339,Mone,2020-03-23T19:59:58Z,223,main_s2mask,223,ECOSTRESS,paired,TRUE,TRUE,TRUE,24.22229004,20.27,-3.952290039,13,,24.64999389648437,,24.27001953,,23.790008544921875,,0.202406675,,70,,70,,,,,,/scratch/mr3882/SEA_dam/LST_processed/sentinel2_water_masks/Mone/ECOSTRESS/Mone_ECOv002_L2T_LSTE_09721_008_46QFH_20200323T195958_0712_01_LST_LST_s2_footprint_water_mask.tif,,,,,,631290,,630240,,2265950,,2264830,,Myanmar,61,29447.5,41.5,642,Mone Chaung,01/01/2013,108.5691986,20.479942,94.255325,,,,,procurement.dhpi@moep.gov.mm,,2020-03-23T19:59:58Z,2020,3,83,19.99944444444445,2.283132778,223,,,FALSE,FALSE,FALSE,FALSE,,,,,FALSE,,,,,,57,20.4732,94.2561,1.16,0b1010101011000000,20.479942,94.255325,,1.16,TRUE,outlet,Tm_o;ID_o;Latitude_o;Longitude_o;ECO2LSTE_001_SDS_LST_err_o;QC_bitmask_o;LSTerr_o;Latitude_ref;Longitude_ref,9093,lake_only,kept_main_filled_outlet_from_additional,1,1,,,Mone,mone
340,Mone,2020-12-07T03:49:54Z,9094,additional_ecostress,217,ECOSTRESS,paired,TRUE,TRUE,TRUE,24.75,24.27,-0.48,,,,,,,,,,,,,,,,,,,,,,,,,,,,,,,,,Myanmar,61,29447.5,41.5,642,Mone Chaung,01/01/2013,108.5691986,20.479942,94.255325,,,,,procurement.dhpi@moep.gov.mm,,2020-12-07T03:49:54Z,2020,12,342,3.8316666666666666,10.115355,,217,1,TRUE,FALSE,FALSE,FALSE,1,224,,,FALSE,57,20.4834,94.2613,1.16,0b1001101011000000,57,20.4732,94.2561,1.16,0b1001111011000000,20.479942,94.255325,1.16,1.16,FALSE,none,,,paired,kept_unique_additional,0,1,additional_ecostress__217,TRUE,Mone,mone
341,Mone,2020-12-07T03:49:55Z,224,main_s2mask,224,ECOSTRESS,lake_only,TRUE,FALSE,FALSE,25.15826416,,,17,,26.529998779296875,,25.07000732421875,,24.36999512,,0.507888913,,70,,70,,,,,,/scratch/mr3882/SEA_dam/LST_processed/sentinel2_water_masks/Mone/ECOSTRESS/Mone_ECOv002_L2T_LSTE_13726_002_46QFH_20201207T034955_0712_01_LST_LST_s2_footprint_water_mask.tif,,,,,,631290,,630240,,2265950,,2264830,,Myanmar,61,29447.5,41.5,642,Mone Chaung,01/01/2013,108.5691986,20.479942,94.255325,,,,,procurement.dhpi@moep.gov.mm,,2020-12-07T03:49:55Z,2020,12,342,3.831944444444445,10.115632777777778,224,,,FALSE,FALSE,FALSE,FALSE,,,,,FALSE,,,,,,,,,,,20.479942,94.255325,,,FALSE,none,,,lake_only,kept_unique_main,1,0,,,Mone,mone
342,Mone,2020-12-11T02:16:18Z,9095,additional_ecostress,218,ECOSTRESS,paired,TRUE,TRUE,TRUE,23.55,21.73,-1.82,,,,,,,,,,,,,,,,,,,,,,,,,,,,,,,,,Myanmar,61,29447.5,41.5,642,Mone Chaung,01/01/2013,108.5691986,20.479942,94.255325,,,,,procurement.dhpi@moep.gov.mm,,2020-12-11T02:16:18Z,2020,12,346,2.2716666666666665,8.555354999999999,,218,1,TRUE,FALSE,FALSE,FALSE,1,225,,,FALSE,57,20.4834,94.2613,1.2,0b1001111011000000,57,20.4732,94.2561,1.2,0b1001111011000000,20.479942,94.255325,1.2,1.2,FALSE,none,,,paired,kept_unique_additional,0,1,additional_ecostress__218,TRUE,Mone,mone
343,Mone,2020-12-11T02:16:19Z,225,main_s2mask,225,ECOSTRESS,lake_only,TRUE,FALSE,FALSE,23.2833252,,,18,,23.730010986328125,,23.360015869140625,,22.80999755859375,,0.266218185,,70,,70,,,,,,/scratch/mr3882/SEA_dam/LST_processed/sentinel2_water_masks/Mone/ECOSTRESS/Mone_ECOv002_L2T_LSTE_13787_002_46QFH_20201211T021619_0712_01_LST_LST_s2_footprint_water_mask.tif,,,,,,631290,,630240,,2265950,,2264830,,Myanmar,61,29447.5,41.5,642,Mone Chaung,01/01/2013,108.5691986,20.479942,94.255325,,,,,procurement.dhpi@moep.gov.mm,,2020-12-11T02:16:19Z,2020,12,346,2.2719444444444443,8.555632777777777,225,,,FALSE,FALSE,FALSE,FALSE,,,,,FALSE,,,,,,,,,,,20.479942,94.255325,,,FALSE,none,,,lake_only,kept_unique_main,1,0,,,Mone,mone
344,Mone,2020-12-22T21:34:40Z,226,main_s2mask,226,ECOSTRESS,paired,TRUE,TRUE,TRUE,20.86999512,16.15,-4.719995117,17,,21.51000977,,20.709991455078125,,20.110015869140625,,0.410487205,,70,,70,,,,,,/scratch/mr3882/SEA_dam/LST_processed/sentinel2_water_masks/Mone/ECOSTRESS/Mone_ECOv002_L2T_LSTE_13970_002_46QFH_20201222T213440_0712_01_LST_LST_s2_footprint_water_mask.tif,,,,,,631290,,630240,,2265950,,2264830,,Myanmar,61,29447.5,41.5,642,Mone Chaung,01/01/2013,108.5691986,20.479942,94.255325,,,,,procurement.dhpi@moep.gov.mm,,2020-12-22T21:34:40Z,2020,12,357,21.57777777777778,3.8614661111111137,226,,,FALSE,FALSE,FALSE,FALSE,,,,,FALSE,,,,,,57,20.4732,94.2561,0.92,0b1110111011000000,20.479942,94.255325,,0.92,TRUE,outlet,Tm_o;ID_o;Latitude_o;Longitude_o;ECO2LSTE_001_SDS_LST_err_o;QC_bitmask_o;LSTerr_o;Latitude_ref;Longitude_ref,9096,lake_only,kept_main_filled_outlet_from_additional,1,1,,,Mone,mone
345,Mone,2020-12-26T20:00:52Z,227,main_s2mask,227,ECOSTRESS,paired,TRUE,TRUE,TRUE,21.5970459,15.01,-6.587045898,17,,23.110015869140625,,21.41000366210937,,19.83001708984375,,0.871149659,,70,,70,,,,,,/scratch/mr3882/SEA_dam/LST_processed/sentinel2_water_masks/Mone/ECOSTRESS/Mone_ECOv002_L2T_LSTE_14031_002_46QFH_20201226T200052_0712_01_LST_LST_s2_footprint_water_mask.tif,,,,,,631290,,630240,,2265950,,2264830,,Myanmar,61,29447.5,41.5,642,Mone Chaung,01/01/2013,108.5691986,20.479942,94.255325,,,,,procurement.dhpi@moep.gov.mm,,2020-12-26T20:00:52Z,2020,12,361,20.014444444444443,2.298132777777777,227,,,FALSE,FALSE,FALSE,FALSE,,,,,FALSE,,,,,,57,20.4732,94.2561,1.04,0b1010111011000000,20.479942,94.255325,,1.04,TRUE,outlet,Tm_o;ID_o;Latitude_o;Longitude_o;ECO2LSTE_001_SDS_LST_err_o;QC_bitmask_o;LSTerr_o;Latitude_ref;Longitude_ref,9097,lake_only,kept_main_filled_outlet_from_additional,1,1,,,Mone,mone
346,Mone,2021-01-31T05:58:11Z,228,main_s2mask,228,ECOSTRESS,lake_only,TRUE,FALSE,FALSE,27.89352417,,,17,,30.209991455078125,,27.41000366210937,,26.350006103515625,,1.270966291,,70,,70,,,,,,/scratch/mr3882/SEA_dam/LST_processed/sentinel2_water_masks/Mone/ECOSTRESS/Mone_ECOv002_L2T_LSTE_14580_001_46QFH_20210131T055811_0712_01_LST_LST_s2_footprint_water_mask.tif,,,,,,631290,,630240,,2265950,,2264830,,Myanmar,61,29447.5,41.5,642,Mone Chaung,01/01/2013,108.5691986,20.479942,94.255325,,,,,procurement.dhpi@moep.gov.mm,,2021-01-31T05:58:11Z,2021,1,31,5.969722222222222,12.253410555555554,228,,,FALSE,FALSE,FALSE,FALSE,,,,,FALSE,,,,,,,,,,,20.479942,94.255325,,,FALSE,none,,,lake_only,kept_unique_main,1,0,,,Mone,mone
347,Mone,2021-02-04T04:25:59Z,9098,additional_ecostress,222,ECOSTRESS,paired,TRUE,TRUE,TRUE,23.39,29.11,5.719999999999999,,,,,,,,,,,,,,,,,,,,,,,,,,,,,,,,,Myanmar,61,29447.5,41.5,642,Mone Chaung,01/01/2013,108.5691986,20.479942,94.255325,,,,,procurement.dhpi@moep.gov.mm,,2021-02-04T04:25:59Z,2021,2,35,4.433055555555556,10.716743888888889,,222,1,TRUE,FALSE,FALSE,FALSE,1,229,,,FALSE,57,20.4834,94.2613,1,0b1010111011000000,57,20.4732,94.2561,1,0b1010111011000000,20.479942,94.255325,1,1,FALSE,none,,,paired,kept_unique_additional,0,1,additional_ecostress__222,TRUE,Mone,mone
348,Mone,2021-02-04T04:26:00Z,229,main_s2mask,229,ECOSTRESS,lake_only,TRUE,FALSE,FALSE,25.44232178,,,13,,26.850006103515625,,25.30999755859375,,24.63000488,,0.706710637,,70,,70,,,,,,/scratch/mr3882/SEA_dam/LST_processed/sentinel2_water_masks/Mone/ECOSTRESS/Mone_ECOv002_L2T_LSTE_14641_001_46QFH_20210204T042600_0712_01_LST_LST_s2_footprint_water_mask.tif,,,,,,631290,,630240,,2265950,,2264830,,Myanmar,61,29447.5,41.5,642,Mone Chaung,01/01/2013,108.5691986,20.479942,94.255325,,,,,procurement.dhpi@moep.gov.mm,,2021-02-04T04:26:00Z,2021,2,35,4.433333333333334,10.717021666666668,229,,,FALSE,FALSE,FALSE,FALSE,,,,,FALSE,,,,,,,,,,,20.479942,94.255325,,,FALSE,none,,,lake_only,kept_unique_main,1,0,,,Mone,mone
349,Mone,2021-02-23T20:41:52Z,230,main_s2mask,230,ECOSTRESS,paired,TRUE,TRUE,TRUE,22.85665894,19.43,-3.426658936,18,,23.730010986328125,,22.92999267578125,,21.80999755859375,,0.54587543,,70,,70,,,,,,/scratch/mr3882/SEA_dam/LST_processed/sentinel2_water_masks/Mone/ECOSTRESS/Mone_ECOv002_L2T_LSTE_14946_002_46QFH_20210223T204152_0712_01_LST_LST_s2_footprint_water_mask.tif,,,,,,631290,,630240,,2265950,,2264830,,Myanmar,61,29447.5,41.5,642,Mone Chaung,01/01/2013,108.5691986,20.479942,94.255325,,,,,procurement.dhpi@moep.gov.mm,,2021-02-23T20:41:52Z,2021,2,54,20.697777777777777,2.9814661111111107,230,,,FALSE,FALSE,FALSE,FALSE,,,,,FALSE,,,,,,57,20.4732,94.2561,0.88,0b1110111011000000,20.479942,94.255325,,0.88,TRUE,outlet,Tm_o;ID_o;Latitude_o;Longitude_o;ECO2LSTE_001_SDS_LST_err_o;QC_bitmask_o;LSTerr_o;Latitude_ref;Longitude_ref,9099,lake_only,kept_main_filled_outlet_from_additional,1,1,,,Mone,mone
350,Mone,2021-02-27T19:08:48Z,9100,additional_ecostress,224,ECOSTRESS,paired,TRUE,TRUE,TRUE,23.45,20.05,-3.4,,,,,,,,,,,,,,,,,,,,,,,,,,,,,,,,,Myanmar,61,29447.5,41.5,642,Mone Chaung,01/01/2013,108.5691986,20.479942,94.255325,,,,,procurement.dhpi@moep.gov.mm,,2021-02-27T19:08:48Z,2021,2,58,19.146666666666665,1.4303549999999987,,224,1,TRUE,FALSE,FALSE,FALSE,1,231,,,FALSE,57,20.4834,94.2613,1.2,0b1001111011000000,57,20.4732,94.2561,1.2,0b1001111011000000,20.479942,94.255325,1.2,1.2,FALSE,none,,,paired,kept_unique_additional,0,1,additional_ecostress__224,TRUE,Mone,mone
351,Mone,2021-02-27T19:08:49Z,231,main_s2mask,231,ECOSTRESS,lake_only,TRUE,FALSE,FALSE,24.26531982,,,17,,25.07000732421875,,24.27001953,,23.19000244140625,,0.52290374,,70,,70,,,,,,/scratch/mr3882/SEA_dam/LST_processed/sentinel2_water_masks/Mone/ECOSTRESS/Mone_ECOv002_L2T_LSTE_15007_002_46QFH_20210227T190849_0712_01_LST_LST_s2_footprint_water_mask.tif,,,,,,631290,,630240,,2265950,,2264830,,Myanmar,61,29447.5,41.5,642,Mone Chaung,01/01/2013,108.5691986,20.479942,94.255325,,,,,procurement.dhpi@moep.gov.mm,,2021-02-27T19:08:49Z,2021,2,58,19.146944444444443,1.4306327777777774,231,,,FALSE,FALSE,FALSE,FALSE,,,,,FALSE,,,,,,,,,,,20.479942,94.255325,,,FALSE,none,,,lake_only,kept_unique_main,1,0,,,Mone,mone
352,Mone,2021-03-07T16:02:40Z,9101,additional_ecostress,225,ECOSTRESS,paired,TRUE,TRUE,TRUE,23.33,20.89,-2.44,,,,,,,,,,,,,,,,,,,,,,,,,,,,,,,,,Myanmar,61,29447.5,41.5,642,Mone Chaung,01/01/2013,108.5691986,20.479942,94.255325,,,,,procurement.dhpi@moep.gov.mm,,2021-03-07T16:02:40Z,2021,3,66,16.044444444444448,22.328132777777785,,225,1,TRUE,FALSE,FALSE,FALSE,1,232,,,FALSE,57,20.4834,94.2613,1.16,0b1001111011000000,57,20.4732,94.2561,1.16,0b1001111011000000,20.479942,94.255325,1.16,1.16,FALSE,none,,,paired,kept_unique_additional,0,1,additional_ecostress__225,TRUE,Mone,mone
353,Mone,2021-03-07T16:02:41Z,232,main_s2mask,232,ECOSTRESS,lake_only,TRUE,FALSE,FALSE,23.62530518,,,17,,24.07000732421875,,23.589996337890625,,23.13000488,,0.301625967,,70,,70,,,,,,/scratch/mr3882/SEA_dam/LST_processed/sentinel2_water_masks/Mone/ECOSTRESS/Mone_ECOv002_L2T_LSTE_15129_002_46QFH_20210307T160241_0712_01_LST_LST_s2_footprint_water_mask.tif,,,,,,631290,,630240,,2265950,,2264830,,Myanmar,61,29447.5,41.5,642,Mone Chaung,01/01/2013,108.5691986,20.479942,94.255325,,,,,procurement.dhpi@moep.gov.mm,,2021-03-07T16:02:41Z,2021,3,66,16.044722222222223,22.32841055555556,232,,,FALSE,FALSE,FALSE,FALSE,,,,,FALSE,,,,,,,,,,,20.479942,94.255325,,,FALSE,none,,,lake_only,kept_unique_main,1,0,,,Mone,mone
354,Mone,2021-12-15T00:25:54Z,9102,additional_ecostress,226,ECOSTRESS,paired,TRUE,TRUE,TRUE,24.25,18.39,-5.86,,,,,,,,,,,,,,,,,,,,,,,,,,,,,,,,,Myanmar,61,29447.5,41.5,642,Mone Chaung,01/01/2013,108.5691986,20.479942,94.255325,,,,,procurement.dhpi@moep.gov.mm,,2021-12-15T00:25:54Z,2021,12,349,0.4316666666666667,6.715355,,226,1,TRUE,FALSE,FALSE,FALSE,1,233,,,FALSE,57,20.4834,94.2613,1.24,0b1001101011000000,57,20.4732,94.2561,1.24,0b1001111011000000,20.479942,94.255325,1.24,1.24,FALSE,none,,,paired,kept_unique_additional,0,1,additional_ecostress__226,TRUE,Mone,mone
355,Mone,2021-12-15T00:25:55Z,233,main_s2mask,233,ECOSTRESS,lake_only,TRUE,FALSE,FALSE,22.45169067,,,12,,23.39001465,,22.279998779296875,,21.790008544921875,,0.474090189,,70,,70,,,,,,/scratch/mr3882/SEA_dam/LST_processed/sentinel2_water_masks/Mone/ECOSTRESS/Mone_ECOv002_L2T_LSTE_19517_001_46QFH_20211215T002555_0712_01_LST_LST_s2_footprint_water_mask.tif,,,,,,631290,,630240,,2265950,,2264830,,Myanmar,61,29447.5,41.5,642,Mone Chaung,01/01/2013,108.5691986,20.479942,94.255325,,,,,procurement.dhpi@moep.gov.mm,,2021-12-15T00:25:55Z,2021,12,349,0.4319444444444444,6.715632777777778,233,,,FALSE,FALSE,FALSE,FALSE,,,,,FALSE,,,,,,,,,,,20.479942,94.255325,,,FALSE,none,,,lake_only,kept_unique_main,1,0,,,Mone,mone
356,Mone,2021-12-22T21:20:24Z,234,main_s2mask,234,ECOSTRESS,paired,TRUE,TRUE,TRUE,21.82199097,14.61,-7.211990967,10,,22.67001342773437,,22.019989013671875,,20.089996337890625,,0.824851274,,70,,70,,,,,,/scratch/mr3882/SEA_dam/LST_processed/sentinel2_water_masks/Mone/ECOSTRESS/Mone_ECOv002_L2T_LSTE_19639_002_46QFH_20211222T212024_0712_01_LST_LST_s2_footprint_water_mask.tif,,,,,,631290,,630240,,2265950,,2264830,,Myanmar,61,29447.5,41.5,642,Mone Chaung,01/01/2013,108.5691986,20.479942,94.255325,,,,,procurement.dhpi@moep.gov.mm,,2021-12-22T21:20:24Z,2021,12,356,21.34,3.623688333333334,234,,,FALSE,FALSE,FALSE,FALSE,,,,,FALSE,,,,,,57,20.4732,94.2561,1.12,0b1001111011000000,20.479942,94.255325,,1.12,TRUE,outlet,Tm_o;ID_o;Latitude_o;Longitude_o;ECO2LSTE_001_SDS_LST_err_o;QC_bitmask_o;LSTerr_o;Latitude_ref;Longitude_ref,9103,lake_only,kept_main_filled_outlet_from_additional,1,1,,,Mone,mone
357,Mone,2021-12-31T03:59:39Z,235,main_s2mask,235,ECOSTRESS,paired,TRUE,TRUE,TRUE,20.47003174,19.39,-1.080031738,7,,22.709991455078125,,19.75,,19.69000244140625,,1.139233112,,70,,70,,,,,,/scratch/mr3882/SEA_dam/LST_processed/sentinel2_water_masks/Mone/ECOSTRESS/Mone_ECOv002_L2T_LSTE_19767_012_46QFH_20211231T035939_0712_01_LST_LST_s2_footprint_water_mask.tif,,,,,,631290,,630240,,2265950,,2264830,,Myanmar,61,29447.5,41.5,642,Mone Chaung,01/01/2013,108.5691986,20.479942,94.255325,,,,,procurement.dhpi@moep.gov.mm,,2021-12-31T03:59:39Z,2021,12,365,3.994166666666666,10.277855,235,,,FALSE,FALSE,FALSE,FALSE,,,,,FALSE,,,,,,57,20.4732,94.2561,1.4,0b1001111011000000,20.479942,94.255325,,1.4,TRUE,outlet,Tm_o;ID_o;Latitude_o;Longitude_o;ECO2LSTE_001_SDS_LST_err_o;QC_bitmask_o;LSTerr_o;Latitude_ref;Longitude_ref,9104,lake_only,kept_main_filled_outlet_from_additional,1,1,,,Mone,mone
358,Mone,2022-01-03T16:33:19Z,9105,additional_ecostress,229,ECOSTRESS,paired,TRUE,TRUE,TRUE,21.37,17.01,-4.36,,,,,,,,,,,,,,,,,,,,,,,,,,,,,,,,,Myanmar,61,29447.5,41.5,642,Mone Chaung,01/01/2013,108.5691986,20.479942,94.255325,,,,,procurement.dhpi@moep.gov.mm,,2022-01-03T16:33:19Z,2022,1,3,16.55527777777778,22.838966111111112,,229,1,TRUE,FALSE,FALSE,FALSE,1,236,,,FALSE,57,20.4834,94.2613,1.36,0b1001111011000000,57,20.4732,94.2561,1.36,0b1001101011000000,20.479942,94.255325,1.36,1.36,FALSE,none,,,paired,kept_unique_additional,0,1,additional_ecostress__229,TRUE,Mone,mone
359,Mone,2022-01-03T16:33:20Z,236,main_s2mask,236,ECOSTRESS,lake_only,TRUE,FALSE,FALSE,21.0340271,,,10,,21.92999267578125,,21.27001953,,19.42999267578125,,0.750694335,,70,,70,,,,,,/scratch/mr3882/SEA_dam/LST_processed/sentinel2_water_masks/Mone/ECOSTRESS/Mone_ECOv002_L2T_LSTE_19822_003_46QFH_20220103T163320_0712_01_LST_LST_s2_footprint_water_mask.tif,,,,,,631290,,630240,,2265950,,2264830,,Myanmar,61,29447.5,41.5,642,Mone Chaung,01/01/2013,108.5691986,20.479942,94.255325,,,,,procurement.dhpi@moep.gov.mm,,2022-01-03T16:33:20Z,2022,1,3,16.555555555555557,22.83924388888889,236,,,FALSE,FALSE,FALSE,FALSE,,,,,FALSE,,,,,,,,,,,20.479942,94.255325,,,FALSE,none,,,lake_only,kept_unique_main,1,0,,,Mone,mone
360,Mone,2022-01-22T09:22:53Z,237,main_s2mask,237,ECOSTRESS,paired,TRUE,TRUE,TRUE,26.59799194,26.37,-0.227991943,10,,28.69000244140625,,26.319976806640625,,25.14999389648437,,1.265201211,,70,,70,,,,,,/scratch/mr3882/SEA_dam/LST_processed/sentinel2_water_masks/Mone/ECOSTRESS/Mone_ECOv002_L2T_LSTE_20112_003_46QFH_20220122T092253_0712_01_LST_LST_s2_footprint_water_mask.tif,,,,,,631290,,630240,,2265950,,2264830,,Myanmar,61,29447.5,41.5,642,Mone Chaung,01/01/2013,108.5691986,20.479942,94.255325,,,,,procurement.dhpi@moep.gov.mm,,2022-01-22T09:22:53Z,2022,1,22,9.381388888888887,15.665077222222225,237,,,FALSE,FALSE,FALSE,FALSE,,,,,FALSE,,,,,,57,20.4732,94.2561,1.24,0b1001111011000000,20.479942,94.255325,,1.24,TRUE,outlet,Tm_o;ID_o;Latitude_o;Longitude_o;ECO2LSTE_001_SDS_LST_err_o;QC_bitmask_o;LSTerr_o;Latitude_ref;Longitude_ref,9106,lake_only,kept_main_filled_outlet_from_additional,1,1,,,Mone,mone
361,Mone,2022-02-07T03:00:13Z,238,main_s2mask,238,ECOSTRESS,paired,TRUE,TRUE,TRUE,21.60800171,20.21,-1.398001709,10,,21.990020751953125,,21.709991455078125,,21.13000488,,0.308182359,,70,,70,,,,,,/scratch/mr3882/SEA_dam/LST_processed/sentinel2_water_masks/Mone/ECOSTRESS/Mone_ECOv002_L2T_LSTE_20356_001_46QFH_20220207T030013_0712_01_LST_LST_s2_footprint_water_mask.tif,,,,,,631290,,630240,,2265950,,2264830,,Myanmar,61,29447.5,41.5,642,Mone Chaung,01/01/2013,108.5691986,20.479942,94.255325,,,,,procurement.dhpi@moep.gov.mm,,2022-02-07T03:00:13Z,2022,2,38,3.0036111111111112,9.287299444444445,238,,,FALSE,FALSE,FALSE,FALSE,,,,,FALSE,,,,,,57,20.4732,94.2561,0.92,0b1110111011000000,20.479942,94.255325,,0.92,TRUE,outlet,Tm_o;ID_o;Latitude_o;Longitude_o;ECO2LSTE_001_SDS_LST_err_o;QC_bitmask_o;LSTerr_o;Latitude_ref;Longitude_ref,9107,lake_only,kept_main_filled_outlet_from_additional,1,1,,,Mone,mone
362,Mone,2022-02-27T04:51:32Z,239,main_s2mask,239,ECOSTRESS,paired,TRUE,TRUE,TRUE,30.20999146,31.99,1.7800085449218983,9,,33.89001465,,29.589996337890625,,26.51000977,,2.585980415,,70,,70,,,,,,/scratch/mr3882/SEA_dam/LST_processed/sentinel2_water_masks/Mone/ECOSTRESS/Mone_ECOv002_L2T_LSTE_20667_013_46QFH_20220227T045132_0712_01_LST_LST_s2_footprint_water_mask.tif,,,,,,631290,,630240,,2265950,,2264830,,Myanmar,61,29447.5,41.5,642,Mone Chaung,01/01/2013,108.5691986,20.479942,94.255325,,,,,procurement.dhpi@moep.gov.mm,,2022-02-27T04:51:32Z,2022,2,58,4.858888888888888,11.142577222222222,239,,,FALSE,FALSE,FALSE,FALSE,,,,,FALSE,,,,,,57,20.4732,94.2561,1.04,0b1010111011000000,20.479942,94.255325,,1.04,TRUE,outlet,Tm_o;ID_o;Latitude_o;Longitude_o;ECO2LSTE_001_SDS_LST_err_o;QC_bitmask_o;LSTerr_o;Latitude_ref;Longitude_ref,9108,lake_only,kept_main_filled_outlet_from_additional,1,1,,,Mone,mone
363,Mone,2022-03-01T18:13:23Z,9109,additional_ecostress,233,ECOSTRESS,paired,TRUE,TRUE,TRUE,22.25,16.89,-5.36,,,,,,,,,,,,,,,,,,,,,,,,,,,,,,,,,Myanmar,61,29447.5,41.5,642,Mone Chaung,01/01/2013,108.5691986,20.479942,94.255325,,,,,procurement.dhpi@moep.gov.mm,,2022-03-01T18:13:23Z,2022,3,60,18.22305555555555,0.506743889,,233,1,TRUE,FALSE,FALSE,FALSE,1,240,,,FALSE,57,20.4834,94.2613,1.24,0b1001111011000000,57,20.4732,94.2561,1.24,0b1001111011000000,20.479942,94.255325,1.24,1.24,FALSE,none,,,paired,kept_unique_additional,0,1,additional_ecostress__233,TRUE,Mone,mone
364,Mone,2022-03-01T18:13:24Z,240,main_s2mask,240,ECOSTRESS,lake_only,TRUE,FALSE,FALSE,21.77224731,,,9,,22.42999267578125,,21.69000244140625,,20.790008544921875,,0.576229513,,70,,70,,,,,,/scratch/mr3882/SEA_dam/LST_processed/sentinel2_water_masks/Mone/ECOSTRESS/Mone_ECOv002_L2T_LSTE_20707_002_46QFH_20220301T181324_0712_01_LST_LST_s2_footprint_water_mask.tif,,,,,,631290,,630240,,2265950,,2264830,,Myanmar,61,29447.5,41.5,642,Mone Chaung,01/01/2013,108.5691986,20.479942,94.255325,,,,,procurement.dhpi@moep.gov.mm,,2022-03-01T18:13:24Z,2022,3,60,18.223333333333333,0.5070216666666667,240,,,FALSE,FALSE,FALSE,FALSE,,,,,FALSE,,,,,,,,,,,20.479942,94.255325,,,FALSE,none,,,lake_only,kept_unique_main,1,0,,,Mone,mone
365,Mone,2022-03-03T03:16:36Z,9110,additional_ecostress,234,ECOSTRESS,paired,TRUE,TRUE,TRUE,22.89,26.51,3.620000000000001,,,,,,,,,,,,,,,,,,,,,,,,,,,,,,,,,Myanmar,61,29447.5,41.5,642,Mone Chaung,01/01/2013,108.5691986,20.479942,94.255325,,,,,procurement.dhpi@moep.gov.mm,,2022-03-03T03:16:36Z,2022,3,62,3.2766666666666664,9.560355,,234,1,TRUE,FALSE,FALSE,FALSE,3,241,,,FALSE,57,20.4834,94.2613,1.16,0b1001111011000000,57,20.4732,94.2561,1.16,0b1001111011000000,20.479942,94.255325,1.16,1.16,FALSE,none,,,paired,kept_unique_additional,0,1,additional_ecostress__234,TRUE,Mone,mone
366,Mone,2022-03-03T03:16:39Z,241,main_s2mask,241,ECOSTRESS,lake_only,TRUE,FALSE,FALSE,25.06713867,,,7,,27.529998779296875,,24.490020751953125,,23.95001220703125,,1.353384376,,70,,70,,,,,,/scratch/mr3882/SEA_dam/LST_processed/sentinel2_water_masks/Mone/ECOSTRESS/Mone_ECOv002_L2T_LSTE_20728_016_46QFH_20220303T031639_0712_01_LST_LST_s2_footprint_water_mask.tif,,,,,,631290,,630240,,2265950,,2264830,,Myanmar,61,29447.5,41.5,642,Mone Chaung,01/01/2013,108.5691986,20.479942,94.255325,,,,,procurement.dhpi@moep.gov.mm,,2022-03-03T03:16:39Z,2022,3,62,3.2775,9.561188333333334,241,,,FALSE,FALSE,FALSE,FALSE,,,,,FALSE,,,,,,,,,,,20.479942,94.255325,,,FALSE,none,,,lake_only,kept_unique_main,1,0,,,Mone,mone
367,Mone,2022-03-09T15:03:09Z,242,main_s2mask,242,ECOSTRESS,paired,TRUE,TRUE,TRUE,24.70999146,20.89,-3.819991455,9,,25.27001953,,24.709991455078125,,24.27001953,,0.356089443,,70,,70,,,,,,/scratch/mr3882/SEA_dam/LST_processed/sentinel2_water_masks/Mone/ECOSTRESS/Mone_ECOv002_L2T_LSTE_20829_002_46QFH_20220309T150309_0712_01_LST_LST_s2_footprint_water_mask.tif,,,,,,631290,,630240,,2265950,,2264830,,Myanmar,61,29447.5,41.5,642,Mone Chaung,01/01/2013,108.5691986,20.479942,94.255325,,,,,procurement.dhpi@moep.gov.mm,,2022-03-09T15:03:09Z,2022,3,68,15.0525,21.33618833333333,242,,,FALSE,FALSE,FALSE,FALSE,,,,,FALSE,,,,,,57,20.4732,94.2561,1.28,0b1001111011000000,20.479942,94.255325,,1.28,TRUE,outlet,Tm_o;ID_o;Latitude_o;Longitude_o;ECO2LSTE_001_SDS_LST_err_o;QC_bitmask_o;LSTerr_o;Latitude_ref;Longitude_ref,9111,lake_only,kept_main_filled_outlet_from_additional,1,1,,,Mone,mone
368,Mone,2022-12-20T21:44:33Z,9112,additional_ecostress,236,ECOSTRESS,paired,TRUE,TRUE,TRUE,24.79,15.75,-9.04,,,,,,,,,,,,,,,,,,,,,,,,,,,,,,,,,Myanmar,61,29447.5,41.5,642,Mone Chaung,01/01/2013,108.5691986,20.479942,94.255325,,,,,procurement.dhpi@moep.gov.mm,,2022-12-20T21:44:33Z,2022,12,354,21.7425,4.026188333333334,,236,1,TRUE,FALSE,FALSE,FALSE,1,243,,,FALSE,57,20.4834,94.2613,1.16,0b1001101011000000,57,20.4732,94.2561,1.16,0b1001111011000000,20.479942,94.255325,1.16,1.16,FALSE,none,,,paired,kept_unique_additional,0,1,additional_ecostress__236,TRUE,Mone,mone
369,Mone,2022-12-20T21:44:34Z,243,main_s2mask,243,ECOSTRESS,lake_only,TRUE,FALSE,FALSE,22.77999878,,,16,,23.850006103515625,,23.39999389648437,,20.089996337890625,,1.195299625,,70,,70,,,,,,/scratch/mr3882/SEA_dam/LST_processed/sentinel2_water_masks/Mone/ECOSTRESS/Mone_ECOv002_L2T_LSTE_25278_002_46QFH_20221220T214434_0712_02_LST_LST_s2_footprint_water_mask.tif,,,,,,631290,,630240,,2265950,,2264830,,Myanmar,61,29447.5,41.5,642,Mone Chaung,01/01/2013,108.5691986,20.479942,94.255325,,,,,procurement.dhpi@moep.gov.mm,,2022-12-20T21:44:34Z,2022,12,354,21.74277777777778,4.026466111111112,243,,,FALSE,FALSE,FALSE,FALSE,,,,,FALSE,,,,,,,,,,,20.479942,94.255325,,,FALSE,none,,,lake_only,kept_unique_main,1,0,,,Mone,mone
370,Mone,2022-12-24T20:09:04Z,244,main_s2mask,244,ECOSTRESS,paired,TRUE,TRUE,TRUE,22.30645752,14.57,-7.73645752,17,,23.709991455078125,,22.110015869140625,,21.36999512,,0.7843858,,70,,70,,,,,,/scratch/mr3882/SEA_dam/LST_processed/sentinel2_water_masks/Mone/ECOSTRESS/Mone_ECOv002_L2T_LSTE_25339_004_46QFH_20221224T200904_0710_01_LST_LST_s2_footprint_water_mask.tif,,,,,,631290,,630240,,2265950,,2264830,,Myanmar,61,29447.5,41.5,642,Mone Chaung,01/01/2013,108.5691986,20.479942,94.255325,,,,,procurement.dhpi@moep.gov.mm,,2022-12-24T20:09:04Z,2022,12,358,20.15111111111111,2.434799444444444,244,,,FALSE,FALSE,FALSE,FALSE,,,,,FALSE,,,,,,57,20.4732,94.2561,1.16,0b1001101011000000,20.479942,94.255325,,1.16,TRUE,outlet,Tm_o;ID_o;Latitude_o;Longitude_o;ECO2LSTE_001_SDS_LST_err_o;QC_bitmask_o;LSTerr_o;Latitude_ref;Longitude_ref,9113,lake_only,kept_main_filled_outlet_from_additional,1,1,,,Mone,mone
371,Mone,2022-12-26T05:11:32Z,245,main_s2mask,245,ECOSTRESS,paired,TRUE,TRUE,TRUE,25.85354614,27.85,1.9964538574219013,17,,28.75,,25.69000244140625,,24.92999267578125,,1.083655357,,70,,70,,,,,,/scratch/mr3882/SEA_dam/LST_processed/sentinel2_water_masks/Mone/ECOSTRESS/Mone_ECOv002_L2T_LSTE_25360_015_46QFH_20221226T051132_0710_01_LST_LST_s2_footprint_water_mask.tif,,,,,,631290,,630240,,2265950,,2264830,,Myanmar,61,29447.5,41.5,642,Mone Chaung,01/01/2013,108.5691986,20.479942,94.255325,,,,,procurement.dhpi@moep.gov.mm,,2022-12-26T05:11:32Z,2022,12,360,5.192222222222222,11.475910555555554,245,,,FALSE,FALSE,FALSE,FALSE,,,,,FALSE,,,,,,57,20.4732,94.2561,1.16,0b1001101011000000,20.479942,94.255325,,1.16,TRUE,outlet,Tm_o;ID_o;Latitude_o;Longitude_o;ECO2LSTE_001_SDS_LST_err_o;QC_bitmask_o;LSTerr_o;Latitude_ref;Longitude_ref,9114,lake_only,kept_main_filled_outlet_from_additional,1,1,,,Mone,mone
372,Mone,2023-01-03T01:59:53Z,9115,additional_ecostress,239,ECOSTRESS,paired,TRUE,TRUE,TRUE,22.75,17.55,-5.2,,,,,,,,,,,,,,,,,,,,,,,,,,,,,,,,,Myanmar,61,29447.5,41.5,642,Mone Chaung,01/01/2013,108.5691986,20.479942,94.255325,,,,,procurement.dhpi@moep.gov.mm,,2023-01-03T01:59:53Z,2023,1,3,1.998055555555556,8.281743888888888,,239,1,TRUE,FALSE,FALSE,FALSE,1,246,,,FALSE,57,20.4834,94.2613,1.2,0b1001101011000000,57,20.4732,94.2561,1.2,0b1001111011000000,20.479942,94.255325,1.2,1.2,FALSE,none,,,paired,kept_unique_additional,0,1,additional_ecostress__239,TRUE,Mone,mone
373,Mone,2023-01-03T01:59:54Z,246,main_s2mask,246,ECOSTRESS,lake_only,TRUE,FALSE,FALSE,23.03445435,,,18,,23.95001220703125,,22.94000244140625,,22.27001953,,0.403488308,,70,,70,,,,,,/scratch/mr3882/SEA_dam/LST_processed/sentinel2_water_masks/Mone/ECOSTRESS/Mone_ECOv002_L2T_LSTE_25482_009_46QFH_20230103T015954_0710_01_LST_LST_s2_footprint_water_mask.tif,,,,,,631290,,630240,,2265950,,2264830,,Myanmar,61,29447.5,41.5,642,Mone Chaung,01/01/2013,108.5691986,20.479942,94.255325,,,,,procurement.dhpi@moep.gov.mm,,2023-01-03T01:59:54Z,2023,1,3,1.9983333333333333,8.282021666666667,246,,,FALSE,FALSE,FALSE,FALSE,,,,,FALSE,,,,,,,,,,,20.479942,94.255325,,,FALSE,none,,,lake_only,kept_unique_main,1,0,,,Mone,mone
374,Mone,2023-01-05T15:21:11Z,247,main_s2mask,247,ECOSTRESS,paired,TRUE,TRUE,TRUE,22.11001587,16.89,-5.220015869,18,,23.51000977,,21.970001220703125,,20.550018310546875,,0.852731884,,70,,70,,,,,,/scratch/mr3882/SEA_dam/LST_processed/sentinel2_water_masks/Mone/ECOSTRESS/Mone_ECOv002_L2T_LSTE_25522_002_46QFH_20230105T152111_0712_02_LST_LST_s2_footprint_water_mask.tif,,,,,,631290,,630240,,2265950,,2264830,,Myanmar,61,29447.5,41.5,642,Mone Chaung,01/01/2013,108.5691986,20.479942,94.255325,,,,,procurement.dhpi@moep.gov.mm,,2023-01-05T15:21:11Z,2023,1,5,15.353055555555557,21.636743888888887,247,,,FALSE,FALSE,FALSE,FALSE,,,,,FALSE,,,,,,57,20.4732,94.2561,1.24,0b1001101011000000,20.479942,94.255325,,1.24,TRUE,outlet,Tm_o;ID_o;Latitude_o;Longitude_o;ECO2LSTE_001_SDS_LST_err_o;QC_bitmask_o;LSTerr_o;Latitude_ref;Longitude_ref,9116,lake_only,kept_main_filled_outlet_from_additional,1,1,,,Mone,mone
375,Mone,2023-01-13T21:57:52Z,248,main_s2mask,248,ECOSTRESS,paired,TRUE,TRUE,TRUE,19.49002075,14.47,-5.020020752,1,,19.490020751953125,,19.490020751953125,,19.490020751953125,,,,70,,70,,,,,,/scratch/mr3882/SEA_dam/LST_processed/sentinel2_water_masks/Mone/ECOSTRESS/Mone_ECOv002_L2T_LSTE_25650_012_46QFH_20230113T215752_0712_01_LST_LST_s2_footprint_water_mask.tif,,,,,,631290,,630240,,2265950,,2264830,,Myanmar,61,29447.5,41.5,642,Mone Chaung,01/01/2013,108.5691986,20.479942,94.255325,,,,,procurement.dhpi@moep.gov.mm,,2023-01-13T21:57:52Z,2023,1,13,21.96444444444444,4.248132777777776,248,,,FALSE,FALSE,FALSE,FALSE,,,,,FALSE,,,,,,57,20.4732,94.2561,0.84,0b1111101011000000,20.479942,94.255325,,0.84,TRUE,outlet,Tm_o;ID_o;Latitude_o;Longitude_o;ECO2LSTE_001_SDS_LST_err_o;QC_bitmask_o;LSTerr_o;Latitude_ref;Longitude_ref,9117,lake_only,kept_main_filled_outlet_from_additional,1,1,,,Mone,mone
376,Mone,2023-01-16T11:18:11Z,249,main_s2mask,249,ECOSTRESS,paired,TRUE,TRUE,TRUE,24.27267456,22.57,-1.702674561,15,,25.91000366210937,,23.91000366210937,,23.51000977,,0.740766168,,70,,70,,,,,,/scratch/mr3882/SEA_dam/LST_processed/sentinel2_water_masks/Mone/ECOSTRESS/Mone_ECOv002_L2T_LSTE_25690_003_46QFH_20230116T111811_0710_01_LST_LST_s2_footprint_water_mask.tif,,,,,,631290,,630240,,2265950,,2264830,,Myanmar,61,29447.5,41.5,642,Mone Chaung,01/01/2013,108.5691986,20.479942,94.255325,,,,,procurement.dhpi@moep.gov.mm,,2023-01-16T11:18:11Z,2023,1,16,11.303055555555556,17.58674388888889,249,,,FALSE,FALSE,FALSE,FALSE,,,,,FALSE,,,,,,57,20.4732,94.2561,1.24,0b1001111011000000,20.479942,94.255325,,1.24,TRUE,outlet,Tm_o;ID_o;Latitude_o;Longitude_o;ECO2LSTE_001_SDS_LST_err_o;QC_bitmask_o;LSTerr_o;Latitude_ref;Longitude_ref,9118,lake_only,kept_main_filled_outlet_from_additional,1,1,,,Mone,mone
377,Mone,2023-01-24T08:03:58Z,250,main_s2mask,250,ECOSTRESS,lake_only,TRUE,FALSE,FALSE,27.60571289,,,14,,29.86999512,,27.610015869140625,,26.45001220703125,,0.940083623,,70,,70,,,,,,/scratch/mr3882/SEA_dam/LST_processed/sentinel2_water_masks/Mone/ECOSTRESS/Mone_ECOv002_L2T_LSTE_25812_003_46QFH_20230124T080358_0711_01_LST_LST_s2_footprint_water_mask.tif,,,,,,631290,,630240,,2265950,,2264830,,Myanmar,61,29447.5,41.5,642,Mone Chaung,01/01/2013,108.5691986,20.479942,94.255325,,,,,procurement.dhpi@moep.gov.mm,,2023-01-24T08:03:58Z,2023,1,24,8.066111111111113,14.349799444444448,250,,,FALSE,FALSE,FALSE,FALSE,,,,,FALSE,,,,,,,,,,,20.479942,94.255325,,,FALSE,none,,,lake_only,kept_unique_main,1,0,,,Mone,mone
378,Mone,2023-02-09T11:26:56Z,9119,additional_ecostress,244,ECOSTRESS,paired,TRUE,TRUE,TRUE,23.39,25.43,2.039999999999999,,,,,,,,,,,,,,,,,,,,,,,,,,,,,,,,,Myanmar,61,29447.5,41.5,642,Mone Chaung,01/01/2013,108.5691986,20.479942,94.255325,,,,,procurement.dhpi@moep.gov.mm,,2023-02-09T11:26:56Z,2023,2,40,11.44888888888889,17.732577222222222,,244,1,TRUE,FALSE,FALSE,FALSE,1,251,,,FALSE,57,20.4834,94.2613,1.16,0b1001111011000000,57,20.4732,94.2561,1.16,0b1001101011000000,20.479942,94.255325,1.16,1.16,FALSE,none,,,paired,kept_unique_additional,0,1,additional_ecostress__244,TRUE,Mone,mone
379,Mone,2023-02-09T11:26:57Z,251,main_s2mask,251,ECOSTRESS,lake_only,TRUE,FALSE,FALSE,26.30200195,,,15,,28.709991455078125,,26.110015869140625,,24.27001953,,1.587963462,,70,,70,,,,,,/scratch/mr3882/SEA_dam/LST_processed/sentinel2_water_masks/Mone/ECOSTRESS/Mone_ECOv002_L2T_LSTE_26062_016_46QFH_20230209T112657_0710_01_LST_LST_s2_footprint_water_mask.tif,,,,,,631290,,630240,,2265950,,2264830,,Myanmar,61,29447.5,41.5,642,Mone Chaung,01/01/2013,108.5691986,20.479942,94.255325,,,,,procurement.dhpi@moep.gov.mm,,2023-02-09T11:26:57Z,2023,2,40,11.449166666666668,17.732855,251,,,FALSE,FALSE,FALSE,FALSE,,,,,FALSE,,,,,,,,,,,20.479942,94.255325,,,FALSE,none,,,lake_only,kept_unique_main,1,0,,,Mone,mone
380,Mone,2023-02-13T09:51:22Z,9120,additional_ecostress,245,ECOSTRESS,paired,TRUE,TRUE,TRUE,24.09,28.87,4.780000000000001,,,,,,,,,,,,,,,,,,,,,,,,,,,,,,,,,Myanmar,61,29447.5,41.5,642,Mone Chaung,01/01/2013,108.5691986,20.479942,94.255325,,,,,procurement.dhpi@moep.gov.mm,,2023-02-13T09:51:22Z,2023,2,44,9.856111111,16.139799444444442,,245,1,TRUE,FALSE,FALSE,FALSE,1,252,,,FALSE,57,20.4834,94.2613,1,0b1010111011000000,57,20.4732,94.2561,1,0b1010111011000000,20.479942,94.255325,1,1,FALSE,none,,,paired,kept_unique_additional,0,1,additional_ecostress__245,TRUE,Mone,mone
381,Mone,2023-02-13T09:51:23Z,252,main_s2mask,252,ECOSTRESS,lake_only,TRUE,FALSE,FALSE,27.91464233,,,13,,33.80999755859375,,26.41000366210937,,25.36999512,,2.891113997,,70,,70,,,,,,/scratch/mr3882/SEA_dam/LST_processed/sentinel2_water_masks/Mone/ECOSTRESS/Mone_ECOv002_L2T_LSTE_26123_015_46QFH_20230213T095123_0711_02_LST_LST_s2_footprint_water_mask.tif,,,,,,631290,,630240,,2265950,,2264830,,Myanmar,61,29447.5,41.5,642,Mone Chaung,01/01/2013,108.5691986,20.479942,94.255325,,,,,procurement.dhpi@moep.gov.mm,,2023-02-13T09:51:23Z,2023,2,44,9.856388888888889,16.14007722222222,252,,,FALSE,FALSE,FALSE,FALSE,,,,,FALSE,,,,,,,,,,,20.479942,94.255325,,,FALSE,none,,,lake_only,kept_unique_main,1,0,,,Mone,mone
382,Mone,2023-02-19T21:35:08Z,9121,additional_ecostress,246,ECOSTRESS,outlet_only,FALSE,TRUE,FALSE,,18.13,,,,,,,,,,,,,,,,,,,,,,,,,,,,,,,,,,Myanmar,61,29447.5,41.5,642,Mone Chaung,01/01/2013,108.5691986,20.479942,94.255325,,,,,procurement.dhpi@moep.gov.mm,,2023-02-19T21:35:08Z,2023,2,50,21.585555555555555,3.8692438888888887,,246,1,TRUE,FALSE,FALSE,FALSE,1,253,,,FALSE,,,,,,57,20.4732,94.2561,0.88,0b1110111011000000,20.479942,94.255325,,0.88,FALSE,none,,,outlet_only,kept_unique_additional,0,1,additional_ecostress__246,TRUE,Mone,mone
383,Mone,2023-02-19T21:35:09Z,253,main_s2mask,253,ECOSTRESS,lake_only,TRUE,FALSE,FALSE,21.75,,,6,,22.13000488,,21.88998413085937,,21.230010986328125,,0.443619072,,70,,70,,,,,,/scratch/mr3882/SEA_dam/LST_processed/sentinel2_water_masks/Mone/ECOSTRESS/Mone_ECOv002_L2T_LSTE_26224_004_46QFH_20230219T213509_0710_01_LST_LST_s2_footprint_water_mask.tif,,,,,,631290,,630240,,2265950,,2264830,,Myanmar,61,29447.5,41.5,642,Mone Chaung,01/01/2013,108.5691986,20.479942,94.255325,,,,,procurement.dhpi@moep.gov.mm,,2023-02-19T21:35:09Z,2023,2,50,21.585833333333333,3.8695216666666674,253,,,FALSE,FALSE,FALSE,FALSE,,,,,FALSE,,,,,,,,,,,20.479942,94.255325,,,FALSE,none,,,lake_only,kept_unique_main,1,0,,,Mone,mone
384,Mone,2023-02-23T20:01:11Z,254,main_s2mask,254,ECOSTRESS,paired,TRUE,TRUE,TRUE,22.71151733,21.13,-1.581517334,13,,23.67001342773437,,22.64999389648437,,21.83001708984375,,0.50829488,,70,,70,,,,,,/scratch/mr3882/SEA_dam/LST_processed/sentinel2_water_masks/Mone/ECOSTRESS/Mone_ECOv002_L2T_LSTE_26285_004_46QFH_20230223T200111_0712_02_LST_LST_s2_footprint_water_mask.tif,,,,,,631290,,630240,,2265950,,2264830,,Myanmar,61,29447.5,41.5,642,Mone Chaung,01/01/2013,108.5691986,20.479942,94.255325,,,,,procurement.dhpi@moep.gov.mm,,2023-02-23T20:01:11Z,2023,2,54,20.01972222222222,2.303410555555555,254,,,FALSE,FALSE,FALSE,FALSE,,,,,FALSE,,,,,,57,20.4732,94.2561,1.08,0b1010111011000000,20.479942,94.255325,,1.08,TRUE,outlet,Tm_o;ID_o;Latitude_o;Longitude_o;ECO2LSTE_001_SDS_LST_err_o;QC_bitmask_o;LSTerr_o;Latitude_ref;Longitude_ref,9122,lake_only,kept_main_filled_outlet_from_additional,1,1,,,Mone,mone
385,Mone,2023-02-27T18:26:36Z,255,main_s2mask,255,ECOSTRESS,paired,TRUE,TRUE,TRUE,22.63156128,19.01,-3.621561279,13,,23.83001708984375,,22.610015869140625,,21.45001220703125,,0.676532745,,70,,70,,,,,,/scratch/mr3882/SEA_dam/LST_processed/sentinel2_water_masks/Mone/ECOSTRESS/Mone_ECOv002_L2T_LSTE_26346_002_46QFH_20230227T182636_0710_01_LST_LST_s2_footprint_water_mask.tif,,,,,,631290,,630240,,2265950,,2264830,,Myanmar,61,29447.5,41.5,642,Mone Chaung,01/01/2013,108.5691986,20.479942,94.255325,,,,,procurement.dhpi@moep.gov.mm,,2023-02-27T18:26:36Z,2023,2,58,18.44333333333333,0.7270216666666691,255,,,FALSE,FALSE,FALSE,FALSE,,,,,FALSE,,,,,,57,20.4732,94.2561,1.12,0b1001111011000000,20.479942,94.255325,,1.12,TRUE,outlet,Tm_o;ID_o;Latitude_o;Longitude_o;ECO2LSTE_001_SDS_LST_err_o;QC_bitmask_o;LSTerr_o;Latitude_ref;Longitude_ref,9123,lake_only,kept_main_filled_outlet_from_additional,1,1,,,Mone,mone
386,Mone,2023-03-01T03:29:00Z,256,main_s2mask,256,ECOSTRESS,paired,TRUE,TRUE,TRUE,25.54800415,27.79,2.241995849609399,10,,26.970001220703125,,24.91000366210937,,24.39001465,,1.05697453,,70,,70,,,,,,/scratch/mr3882/SEA_dam/LST_processed/sentinel2_water_masks/Mone/ECOSTRESS/Mone_ECOv002_L2T_LSTE_26367_003_46QFH_20230301T032900_0711_02_LST_LST_s2_footprint_water_mask.tif,,,,,,631290,,630240,,2265950,,2264830,,Myanmar,61,29447.5,41.5,642,Mone Chaung,01/01/2013,108.5691986,20.479942,94.255325,,,,,procurement.dhpi@moep.gov.mm,,2023-03-01T03:29:00Z,2023,3,60,3.4833333333333334,9.767021666666666,256,,,FALSE,FALSE,FALSE,FALSE,,,,,FALSE,,,,,,57,20.4732,94.2561,1.24,0b1001101011000000,20.479942,94.255325,,1.24,TRUE,outlet,Tm_o;ID_o;Latitude_o;Longitude_o;ECO2LSTE_001_SDS_LST_err_o;QC_bitmask_o;LSTerr_o;Latitude_ref;Longitude_ref,9124,lake_only,kept_main_filled_outlet_from_additional,1,1,,,Mone,mone
387,Mone,2023-03-03T16:51:42Z,9125,additional_ecostress,250,ECOSTRESS,paired,TRUE,TRUE,TRUE,23.79,20.33,-3.46,,,,,,,,,,,,,,,,,,,,,,,,,,,,,,,,,Myanmar,61,29447.5,41.5,642,Mone Chaung,01/01/2013,108.5691986,20.479942,94.255325,,,,,procurement.dhpi@moep.gov.mm,,2023-03-03T16:51:42Z,2023,3,62,16.861666666666668,23.145355,,250,1,TRUE,FALSE,FALSE,FALSE,1,257,,,FALSE,57,20.4834,94.2613,0.92,0b1110111011000000,57,20.4732,94.2561,0.92,0b1110111011000000,20.479942,94.255325,0.92,0.92,FALSE,none,,,paired,kept_unique_additional,0,1,additional_ecostress__250,TRUE,Mone,mone
388,Mone,2023-03-03T16:51:43Z,257,main_s2mask,257,ECOSTRESS,lake_only,TRUE,FALSE,FALSE,23.88598633,,,10,,24.529998779296875,,23.89001465,,23.17001342773437,,0.431815922,,70,,70,,,,,,/scratch/mr3882/SEA_dam/LST_processed/sentinel2_water_masks/Mone/ECOSTRESS/Mone_ECOv002_L2T_LSTE_26407_004_46QFH_20230303T165143_0710_01_LST_LST_s2_footprint_water_mask.tif,,,,,,631290,,630240,,2265950,,2264830,,Myanmar,61,29447.5,41.5,642,Mone Chaung,01/01/2013,108.5691986,20.479942,94.255325,,,,,procurement.dhpi@moep.gov.mm,,2023-03-03T16:51:43Z,2023,3,62,16.861944444444447,23.14563277777778,257,,,FALSE,FALSE,FALSE,FALSE,,,,,FALSE,,,,,,,,,,,20.479942,94.255325,,,FALSE,none,,,lake_only,kept_unique_main,1,0,,,Mone,mone
389,Mone,2023-03-05T01:53:49Z,258,main_s2mask,258,ECOSTRESS,paired,TRUE,TRUE,TRUE,23.68600464,21.15,-2.536004639,10,,23.91000366210937,,23.67001342773437,,23.490020751953125,,0.123211324,,70,,70,,,,,,/scratch/mr3882/SEA_dam/LST_processed/sentinel2_water_masks/Mone/ECOSTRESS/Mone_ECOv002_L2T_LSTE_26428_019_46QFH_20230305T015349_0710_01_LST_LST_s2_footprint_water_mask.tif,,,,,,631290,,630240,,2265950,,2264830,,Myanmar,61,29447.5,41.5,642,Mone Chaung,01/01/2013,108.5691986,20.479942,94.255325,,,,,procurement.dhpi@moep.gov.mm,,2023-03-05T01:53:49Z,2023,3,64,1.8969444444444443,8.180632777777777,258,,,FALSE,FALSE,FALSE,FALSE,,,,,FALSE,,,,,,57,20.4732,94.2561,1.04,0b1010111011000000,20.479942,94.255325,,1.04,TRUE,outlet,Tm_o;ID_o;Latitude_o;Longitude_o;ECO2LSTE_001_SDS_LST_err_o;QC_bitmask_o;LSTerr_o;Latitude_ref;Longitude_ref,9126,lake_only,kept_main_filled_outlet_from_additional,1,1,,,Mone,mone
390,Mone,2025-02-09T00:11:23Z,259,main_s2mask,259,ECOSTRESS,lake_only,TRUE,FALSE,FALSE,19.92251587,,,8,,20.69000244140625,,19.850006103515625,,18.89001465,,0.656215787,,70,,70,,,,,,/scratch/mr3882/SEA_dam/LST_processed/sentinel2_water_masks/Mone/ECOSTRESS/Mone_ECOv002_L2T_LSTE_37393_003_46QFH_20250209T001123_0713_01_LST_LST_s2_footprint_water_mask.tif,,,,,,631290,,630240,,2265950,,2264830,,Myanmar,61,29447.5,41.5,642,Mone Chaung,01/01/2013,108.5691986,20.479942,94.255325,,,,,procurement.dhpi@moep.gov.mm,,2025-02-09T00:11:23Z,2025,2,40,0.1897222222222222,6.473410555555556,259,,,FALSE,FALSE,FALSE,FALSE,,,,,FALSE,,,,,,,,,,,20.479942,94.255325,,,FALSE,none,,,lake_only,kept_unique_main,1,0,,,Mone,mone
391,Mongwa,2019-12-14T01:31:19Z,9127,additional_ecostress,252,ECOSTRESS,paired,TRUE,TRUE,TRUE,8.93,8.49,-0.44,,,,,,,,,,,,,,,,,,,,,,,,,,,,,,,,,Myanmar,51,,8,22,Nam Lwe,01/01/2013,517.9697266,21.39699,100.325821,,,,,procurement.dhpi@moep.gov.mm,,2019-12-14T01:31:19Z,2019,12,348,1.5219444444444443,8.210332511111112,,252,0,FALSE,FALSE,FALSE,FALSE,,,,,FALSE,64,21.3963,100.3248,1,0b1110101011000000,64,21.3975,100.3268,1,0b1110111011000000,21.39699,100.325821,1,1,FALSE,none,,,paired,kept_unique_additional,0,1,additional_ecostress__252,TRUE,Mongwa,mongwa
392,Mongwa,2019-12-24T21:28:00Z,9128,additional_ecostress,253,ECOSTRESS,paired,TRUE,TRUE,TRUE,12.39,12.05,-0.34,,,,,,,,,,,,,,,,,,,,,,,,,,,,,,,,,Myanmar,51,,8,22,Nam Lwe,01/01/2013,517.9697266,21.39699,100.325821,,,,,procurement.dhpi@moep.gov.mm,,2019-12-24T21:28:00Z,2019,12,358,21.466666666666665,4.155054733,,253,0,FALSE,FALSE,FALSE,FALSE,,,,,FALSE,64,21.3963,100.3248,1.32,0b1001101011000000,64,21.3975,100.3268,1.32,0b1001111011000000,21.39699,100.325821,1.32,1.32,FALSE,none,,,paired,kept_unique_additional,0,1,additional_ecostress__253,TRUE,Mongwa,mongwa
393,Mongwa,2020-01-09T15:06:44Z,9129,additional_ecostress,254,ECOSTRESS,paired,TRUE,TRUE,TRUE,18.27,18.17,-0.1,,,,,,,,,,,,,,,,,,,,,,,,,,,,,,,,,Myanmar,51,,8,22,Nam Lwe,01/01/2013,517.9697266,21.39699,100.325821,,,,,procurement.dhpi@moep.gov.mm,,2020-01-09T15:06:44Z,2020,1,9,15.112222222222222,21.80061028888889,,254,0,FALSE,FALSE,FALSE,FALSE,,,,,FALSE,64,21.3963,100.3248,1.08,0b1001111011000000,64,21.3975,100.3268,1.08,0b1001111011000000,21.39699,100.325821,1.08,1.08,FALSE,none,,,paired,kept_unique_additional,0,1,additional_ecostress__254,TRUE,Mongwa,mongwa
394,Mongwa,2020-01-13T13:31:38Z,9130,additional_ecostress,255,ECOSTRESS,paired,TRUE,TRUE,TRUE,18.63,18.97,0.3399999999999998,,,,,,,,,,,,,,,,,,,,,,,,,,,,,,,,,Myanmar,51,,8,22,Nam Lwe,01/01/2013,517.9697266,21.39699,100.325821,,,,,procurement.dhpi@moep.gov.mm,,2020-01-13T13:31:38Z,2020,1,13,13.527222222222225,20.21561028888889,,255,0,FALSE,FALSE,FALSE,FALSE,,,,,FALSE,64,21.3963,100.3248,1.04,0b1010111011000000,64,21.3975,100.3268,1.04,0b1010111011000000,21.39699,100.325821,1.04,1.04,FALSE,none,,,paired,kept_unique_additional,0,1,additional_ecostress__255,TRUE,Mongwa,mongwa
395,Mongwa,2020-01-17T11:56:39Z,9131,additional_ecostress,256,ECOSTRESS,paired,TRUE,TRUE,TRUE,19.29,19.69,0.4000000000000021,,,,,,,,,,,,,,,,,,,,,,,,,,,,,,,,,Myanmar,51,,8,22,Nam Lwe,01/01/2013,517.9697266,21.39699,100.325821,,,,,procurement.dhpi@moep.gov.mm,,2020-01-17T11:56:39Z,2020,1,17,11.944166666666668,18.632554733333336,,256,0,FALSE,FALSE,FALSE,FALSE,,,,,FALSE,64,21.3963,100.3248,1.04,0b1010111011000000,64,21.3975,100.3268,1.04,0b1010111011000000,21.39699,100.325821,1.04,1.04,FALSE,none,,,paired,kept_unique_additional,0,1,additional_ecostress__256,TRUE,Mongwa,mongwa
396,Mongwa,2020-01-21T10:21:30Z,9132,additional_ecostress,257,ECOSTRESS,paired,TRUE,TRUE,TRUE,25.01,26.93,1.9199999999999984,,,,,,,,,,,,,,,,,,,,,,,,,,,,,,,,,Myanmar,51,,8,22,Nam Lwe,01/01/2013,517.9697266,21.39699,100.325821,,,,,procurement.dhpi@moep.gov.mm,,2020-01-21T10:21:30Z,2020,1,21,10.358333333333333,17.0467214,,257,0,FALSE,FALSE,FALSE,FALSE,,,,,FALSE,64,21.3963,100.3248,1.32,0b1001111011000000,64,21.3975,100.3268,1.32,0b1001111011000000,21.39699,100.325821,1.32,1.32,FALSE,none,,,paired,kept_unique_additional,0,1,additional_ecostress__257,TRUE,Mongwa,mongwa
397,Mongwa,2020-02-29T18:44:58Z,9133,additional_ecostress,258,ECOSTRESS,paired,TRUE,TRUE,TRUE,16.49,16.47,-0.02,,,,,,,,,,,,,,,,,,,,,,,,,,,,,,,,,Myanmar,51,,8,22,Nam Lwe,01/01/2013,517.9697266,21.39699,100.325821,,,,,procurement.dhpi@moep.gov.mm,,2020-02-29T18:44:58Z,2020,2,60,18.74944444444445,1.437832511111111,,258,0,FALSE,FALSE,FALSE,FALSE,,,,,FALSE,64,21.3963,100.3248,1.24,0b1001111011000000,64,21.3975,100.3268,1.24,0b1001111011000000,21.39699,100.325821,1.24,1.24,FALSE,none,,,paired,kept_unique_additional,0,1,additional_ecostress__258,TRUE,Mongwa,mongwa
398,Mongwa,2020-11-10T13:57:12Z,9134,additional_ecostress,259,ECOSTRESS,paired,TRUE,TRUE,TRUE,20.25,19.01,-1.24,,,,,,,,,,,,,,,,,,,,,,,,,,,,,,,,,Myanmar,51,,8,22,Nam Lwe,01/01/2013,517.9697266,21.39699,100.325821,,,,,procurement.dhpi@moep.gov.mm,,2020-11-10T13:57:12Z,2020,11,315,13.953333333333331,20.6417214,,259,0,FALSE,FALSE,FALSE,FALSE,,,,,FALSE,64,21.3963,100.3248,1.36,0b1001101011000000,64,21.3975,100.3268,1.36,0b1001111011000000,21.39699,100.325821,1.36,1.36,FALSE,none,,,paired,kept_unique_additional,0,1,additional_ecostress__259,TRUE,Mongwa,mongwa
399,Mongwa,2020-11-30T06:09:57Z,9135,additional_ecostress,260,ECOSTRESS,paired,TRUE,TRUE,TRUE,25.77,26.79,1.0199999999999996,,,,,,,,,,,,,,,,,,,,,,,,,,,,,,,,,Myanmar,51,,8,22,Nam Lwe,01/01/2013,517.9697266,21.39699,100.325821,,,,,procurement.dhpi@moep.gov.mm,,2020-11-30T06:09:57Z,2020,11,335,6.1658333333333335,12.8542214,,260,0,FALSE,FALSE,FALSE,FALSE,,,,,FALSE,64,21.3963,100.3248,1.32,0b1001101011000000,64,21.3975,100.3268,1.32,0b1001101011000000,21.39699,100.325821,1.32,1.32,FALSE,none,,,paired,kept_unique_additional,0,1,additional_ecostress__260,TRUE,Mongwa,mongwa
400,Mongwa,2020-12-27T19:14:20Z,9136,additional_ecostress,261,ECOSTRESS,paired,TRUE,TRUE,TRUE,15.65,12.33,-3.32,,,,,,,,,,,,,,,,,,,,,,,,,,,,,,,,,Myanmar,51,,8,22,Nam Lwe,01/01/2013,517.9697266,21.39699,100.325821,,,,,procurement.dhpi@moep.gov.mm,,2020-12-27T19:14:20Z,2020,12,362,19.23888888888889,1.927276955555556,,261,0,FALSE,FALSE,FALSE,FALSE,,,,,FALSE,64,21.3963,100.3248,1.24,0b1001101011000000,64,21.3975,100.3268,1.24,0b1001111011000000,21.39699,100.325821,1.24,1.24,FALSE,none,,,paired,kept_unique_additional,0,1,additional_ecostress__261,TRUE,Mongwa,mongwa
401,Mongwa,2021-02-24T19:55:08Z,9137,additional_ecostress,262,ECOSTRESS,paired,TRUE,TRUE,TRUE,18.17,17.55,-0.62,,,,,,,,,,,,,,,,,,,,,,,,,,,,,,,,,Myanmar,51,,8,22,Nam Lwe,01/01/2013,517.9697266,21.39699,100.325821,,,,,procurement.dhpi@moep.gov.mm,,2021-02-24T19:55:08Z,2021,2,55,19.91888888888889,2.6072769555555557,,262,0,FALSE,FALSE,FALSE,FALSE,,,,,FALSE,64,21.3963,100.3248,1.24,0b1001111011000000,64,21.3975,100.3268,1.24,0b1001111011000000,21.39699,100.325821,1.24,1.24,FALSE,none,,,paired,kept_unique_additional,0,1,additional_ecostress__262,TRUE,Mongwa,mongwa
402,Mongwa,2021-03-04T16:49:13Z,9138,additional_ecostress,263,ECOSTRESS,outlet_only,FALSE,TRUE,FALSE,,18.37,,,,,,,,,,,,,,,,,,,,,,,,,,,,,,,,,,Myanmar,51,,8,22,Nam Lwe,01/01/2013,517.9697266,21.39699,100.325821,,,,,procurement.dhpi@moep.gov.mm,,2021-03-04T16:49:13Z,2021,3,63,16.82027777777778,23.508665844444444,,263,0,FALSE,FALSE,FALSE,FALSE,,,,,FALSE,,,,,,64,21.3975,100.3268,1.32,0b1001111011000000,21.39699,100.325821,,1.32,FALSE,none,,,outlet_only,kept_unique_additional,0,1,additional_ecostress__263,TRUE,Mongwa,mongwa
403,Mongwa,2021-03-12T13:42:55Z,9139,additional_ecostress,264,ECOSTRESS,paired,TRUE,TRUE,TRUE,22.19,21.71,-0.48,,,,,,,,,,,,,,,,,,,,,,,,,,,,,,,,,Myanmar,51,,8,22,Nam Lwe,01/01/2013,517.9697266,21.39699,100.325821,,,,,procurement.dhpi@moep.gov.mm,,2021-03-12T13:42:55Z,2021,3,71,13.715277777777777,20.403665844444443,,264,0,FALSE,FALSE,FALSE,FALSE,,,,,FALSE,64,21.3963,100.3248,1.36,0b1001101011000000,64,21.3975,100.3268,1.36,0b1001111011000000,21.39699,100.325821,1.36,1.36,FALSE,none,,,paired,kept_unique_additional,0,1,additional_ecostress__264,TRUE,Mongwa,mongwa
404,Mongwa,2021-03-16T12:10:22Z,9140,additional_ecostress,265,ECOSTRESS,paired,TRUE,TRUE,TRUE,23.37,23.91,0.5399999999999991,,,,,,,,,,,,,,,,,,,,,,,,,,,,,,,,,Myanmar,51,,8,22,Nam Lwe,01/01/2013,517.9697266,21.39699,100.325821,,,,,procurement.dhpi@moep.gov.mm,,2021-03-16T12:10:22Z,2021,3,75,12.172777777777776,18.861165844444443,,265,0,FALSE,FALSE,FALSE,FALSE,,,,,FALSE,64,21.3963,100.3248,1.36,0b1001111011000000,64,21.3975,100.3268,1.36,0b1001111011000000,21.39699,100.325821,1.36,1.36,FALSE,none,,,paired,kept_unique_additional,0,1,additional_ecostress__265,TRUE,Mongwa,mongwa
405,Mongwa,2021-03-17T21:13:34Z,9141,additional_ecostress,266,ECOSTRESS,paired,TRUE,TRUE,TRUE,16.99,16.71,-0.28,,,,,,,,,,,,,,,,,,,,,,,,,,,,,,,,,Myanmar,51,,8,22,Nam Lwe,01/01/2013,517.9697266,21.39699,100.325821,,,,,procurement.dhpi@moep.gov.mm,,2021-03-17T21:13:34Z,2021,3,76,21.22611111111111,3.9144991777777776,,266,0,FALSE,FALSE,FALSE,FALSE,,,,,FALSE,64,21.3963,100.3248,1.28,0b1001111011000000,64,21.3975,100.3268,1.28,0b1001111011000000,21.39699,100.325821,1.28,1.28,FALSE,none,,,paired,kept_unique_additional,0,1,additional_ecostress__266,TRUE,Mongwa,mongwa
406,Mongwa,2021-11-30T05:50:31Z,9142,additional_ecostress,267,ECOSTRESS,paired,TRUE,TRUE,TRUE,26.33,25.85,-0.48,,,,,,,,,,,,,,,,,,,,,,,,,,,,,,,,,Myanmar,51,,8,22,Nam Lwe,01/01/2013,517.9697266,21.39699,100.325821,,,,,procurement.dhpi@moep.gov.mm,,2021-11-30T05:50:31Z,2021,11,334,5.841944444444444,12.53033251111111,,267,0,FALSE,FALSE,FALSE,FALSE,,,,,FALSE,64,21.3963,100.3248,1.36,0b1001101011000000,64,21.3975,100.3268,1.36,0b1001111011000000,21.39699,100.325821,1.36,1.36,FALSE,none,,,paired,kept_unique_additional,0,1,additional_ecostress__267,TRUE,Mongwa,mongwa
407,Mongwa,2021-12-04T04:18:24Z,9143,additional_ecostress,268,ECOSTRESS,paired,TRUE,TRUE,TRUE,22.79,22.93,0.1400000000000005,,,,,,,,,,,,,,,,,,,,,,,,,,,,,,,,,Myanmar,51,,8,22,Nam Lwe,01/01/2013,517.9697266,21.39699,100.325821,,,,,procurement.dhpi@moep.gov.mm,,2021-12-04T04:18:24Z,2021,12,338,4.306666666666667,10.995054733333331,,268,0,FALSE,FALSE,FALSE,FALSE,,,,,FALSE,64,21.3963,100.3248,1.12,0b1010101011000000,64,21.3975,100.3268,1.12,0b1010101011000000,21.39699,100.325821,1.12,1.12,FALSE,none,,,paired,kept_unique_additional,0,1,additional_ecostress__268,TRUE,Mongwa,mongwa
408,Mongwa,2021-12-19T22:06:45Z,9144,additional_ecostress,269,ECOSTRESS,paired,TRUE,TRUE,TRUE,8.09,8.15,0.06,,,,,,,,,,,,,,,,,,,,,,,,,,,,,,,,,Myanmar,51,,8,22,Nam Lwe,01/01/2013,517.9697266,21.39699,100.325821,,,,,procurement.dhpi@moep.gov.mm,,2021-12-19T22:06:45Z,2021,12,353,22.1125,4.800888066666666,,269,0,FALSE,FALSE,FALSE,FALSE,,,,,FALSE,64,21.3963,100.3248,1.32,0b1001111011000000,64,21.3975,100.3268,1.32,0b1001111011000000,21.39699,100.325821,1.32,1.32,FALSE,none,,,paired,kept_unique_additional,0,1,additional_ecostress__269,TRUE,Mongwa,mongwa
409,Mongwa,2022-01-05T01:35:53Z,9145,additional_ecostress,270,ECOSTRESS,paired,TRUE,TRUE,TRUE,12.45,11.67,-0.78,,,,,,,,,,,,,,,,,,,,,,,,,,,,,,,,,Myanmar,51,,8,22,Nam Lwe,01/01/2013,517.9697266,21.39699,100.325821,,,,,procurement.dhpi@moep.gov.mm,,2022-01-05T01:35:53Z,2022,1,5,1.5980555555555558,8.286443622222222,,270,0,FALSE,FALSE,FALSE,FALSE,,,,,FALSE,64,21.3963,100.3248,1.12,0b1010101011000000,64,21.3975,100.3268,1.12,0b1010101011000000,21.39699,100.325821,1.12,1.12,FALSE,none,,,paired,kept_unique_additional,0,1,additional_ecostress__270,TRUE,Mongwa,mongwa
410,Mongwa,2022-01-23T08:36:19Z,9146,additional_ecostress,271,ECOSTRESS,paired,TRUE,TRUE,TRUE,24.13,26.13,2,,,,,,,,,,,,,,,,,,,,,,,,,,,,,,,,,Myanmar,51,,8,22,Nam Lwe,01/01/2013,517.9697266,21.39699,100.325821,,,,,procurement.dhpi@moep.gov.mm,,2022-01-23T08:36:19Z,2022,1,23,8.605277777777777,15.293665844444444,,271,0,FALSE,FALSE,FALSE,FALSE,,,,,FALSE,64,21.3963,100.3248,1.12,0b1001111011000000,64,21.3975,100.3268,1.12,0b1001101011000000,21.39699,100.325821,1.12,1.12,FALSE,none,,,paired,kept_unique_additional,0,1,additional_ecostress__271,TRUE,Mongwa,mongwa
411,Mongwa,2022-01-24T17:38:10Z,9147,additional_ecostress,272,ECOSTRESS,paired,TRUE,TRUE,TRUE,12.93,13.17,0.2400000000000002,,,,,,,,,,,,,,,,,,,,,,,,,,,,,,,,,Myanmar,51,,8,22,Nam Lwe,01/01/2013,517.9697266,21.39699,100.325821,,,,,procurement.dhpi@moep.gov.mm,,2022-01-24T17:38:10Z,2022,1,24,17.63611111111111,0.3244991777777741,,272,0,FALSE,FALSE,FALSE,FALSE,,,,,FALSE,64,21.3963,100.3248,1.2,0b1001111011000000,64,21.3975,100.3268,1.2,0b1001111011000000,21.39699,100.325821,1.2,1.2,FALSE,none,,,paired,kept_unique_additional,0,1,additional_ecostress__272,TRUE,Mongwa,mongwa
412,Mongwa,2022-02-26T19:01:57Z,9148,additional_ecostress,273,ECOSTRESS,paired,TRUE,TRUE,TRUE,17.11,15.67,-1.44,,,,,,,,,,,,,,,,,,,,,,,,,,,,,,,,,Myanmar,51,,8,22,Nam Lwe,01/01/2013,517.9697266,21.39699,100.325821,,,,,procurement.dhpi@moep.gov.mm,,2022-02-26T19:01:57Z,2022,2,57,19.0325,1.7208880666666673,,273,0,FALSE,FALSE,FALSE,FALSE,,,,,FALSE,64,21.3963,100.3248,1.2,0b1001111011000000,64,21.3975,100.3268,1.2,0b1001111011000000,21.39699,100.325821,1.2,1.2,FALSE,none,,,paired,kept_unique_additional,0,1,additional_ecostress__273,TRUE,Mongwa,mongwa
413,Mongwa,2023-01-06T14:33:38Z,9149,additional_ecostress,274,ECOSTRESS,paired,TRUE,TRUE,TRUE,14.09,14.83,0.7400000000000002,,,,,,,,,,,,,,,,,,,,,,,,,,,,,,,,,Myanmar,51,,8,22,Nam Lwe,01/01/2013,517.9697266,21.39699,100.325821,,,,,procurement.dhpi@moep.gov.mm,,2023-01-06T14:33:38Z,2023,1,6,14.560555555555556,21.24894362222222,,274,0,FALSE,FALSE,FALSE,FALSE,,,,,FALSE,64,21.3963,100.3248,1.08,0b1010101011000000,64,21.3975,100.3268,1.08,0b1010101011000000,21.39699,100.325821,1.08,1.08,FALSE,none,,,paired,kept_unique_additional,0,1,additional_ecostress__274,TRUE,Mongwa,mongwa
414,Mongwa,2023-01-13T12:08:09Z,9150,additional_ecostress,275,ECOSTRESS,paired,TRUE,TRUE,TRUE,18.15,16.89,-1.26,,,,,,,,,,,,,,,,,,,,,,,,,,,,,,,,,Myanmar,51,,8,22,Nam Lwe,01/01/2013,517.9697266,21.39699,100.325821,,,,,procurement.dhpi@moep.gov.mm,,2023-01-13T12:08:09Z,2023,1,13,12.135833333333332,18.8242214,,275,0,FALSE,FALSE,FALSE,FALSE,,,,,FALSE,64,21.3963,100.3248,1.04,0b1010111011000000,64,21.3975,100.3268,1.04,0b1010111011000000,21.39699,100.325821,1.04,1.04,FALSE,none,,,paired,kept_unique_additional,0,1,additional_ecostress__275,TRUE,Mongwa,mongwa
415,Mongwa,2023-01-17T10:30:11Z,9151,additional_ecostress,276,ECOSTRESS,paired,TRUE,TRUE,TRUE,19.95,20.53,0.5800000000000018,,,,,,,,,,,,,,,,,,,,,,,,,,,,,,,,,Myanmar,51,,8,22,Nam Lwe,01/01/2013,517.9697266,21.39699,100.325821,,,,,procurement.dhpi@moep.gov.mm,,2023-01-17T10:30:11Z,2023,1,17,10.503055555555555,17.191443622222224,,276,0,FALSE,FALSE,FALSE,FALSE,,,,,FALSE,64,21.3963,100.3248,1.28,0b1001111011000000,64,21.3975,100.3268,1.28,0b1001111011000000,21.39699,100.325821,1.28,1.28,FALSE,none,,,paired,kept_unique_additional,0,1,additional_ecostress__276,TRUE,Mongwa,mongwa
416,Mongwa,2023-01-22T17:55:56Z,9152,additional_ecostress,277,ECOSTRESS,paired,TRUE,TRUE,TRUE,14.43,12.47,-1.96,,,,,,,,,,,,,,,,,,,,,,,,,,,,,,,,,Myanmar,51,,8,22,Nam Lwe,01/01/2013,517.9697266,21.39699,100.325821,,,,,procurement.dhpi@moep.gov.mm,,2023-01-22T17:55:56Z,2023,1,22,17.932222222222222,0.6206102888888907,,277,0,FALSE,FALSE,FALSE,FALSE,,,,,FALSE,64,21.3963,100.3248,0.88,0b1110101011000000,64,21.3975,100.3268,0.88,0b1110111011000000,21.39699,100.325821,0.88,0.88,FALSE,none,,,paired,kept_unique_additional,0,1,additional_ecostress__277,TRUE,Mongwa,mongwa
417,Mongwa,2023-01-25T07:16:42Z,9153,additional_ecostress,278,ECOSTRESS,paired,TRUE,TRUE,TRUE,27.25,27.49,0.2399999999999984,,,,,,,,,,,,,,,,,,,,,,,,,,,,,,,,,Myanmar,51,,8,22,Nam Lwe,01/01/2013,517.9697266,21.39699,100.325821,,,,,procurement.dhpi@moep.gov.mm,,2023-01-25T07:16:42Z,2023,1,25,7.278333333333333,13.9667214,,278,0,FALSE,FALSE,FALSE,FALSE,,,,,FALSE,64,21.3963,100.3248,1.12,0b1001101011000000,64,21.3975,100.3268,1.12,0b1001101011000000,21.39699,100.325821,1.12,1.12,FALSE,none,,,paired,kept_unique_additional,0,1,additional_ecostress__278,TRUE,Mongwa,mongwa
418,Mongwa,2023-02-13T00:01:43Z,9154,additional_ecostress,279,ECOSTRESS,paired,TRUE,TRUE,TRUE,13.63,11.39,-2.24,,,,,,,,,,,,,,,,,,,,,,,,,,,,,,,,,Myanmar,51,,8,22,Nam Lwe,01/01/2013,517.9697266,21.39699,100.325821,,,,,procurement.dhpi@moep.gov.mm,,2023-02-13T00:01:43Z,2023,2,44,0.028611111,6.716999177777778,,279,0,FALSE,FALSE,FALSE,FALSE,,,,,FALSE,64,21.3963,100.3248,0.88,0b1110101011000000,64,21.3975,100.3268,0.88,0b1110111011000000,21.39699,100.325821,0.88,0.88,FALSE,none,,,paired,kept_unique_additional,0,1,additional_ecostress__279,TRUE,Mongwa,mongwa
419,Mongwa,2023-04-05T03:29:09Z,9155,additional_ecostress,280,ECOSTRESS,paired,TRUE,TRUE,TRUE,33.99,32.63,-1.36,,,,,,,,,,,,,,,,,,,,,,,,,,,,,,,,,Myanmar,51,,8,22,Nam Lwe,01/01/2013,517.9697266,21.39699,100.325821,,,,,procurement.dhpi@moep.gov.mm,,2023-04-05T03:29:09Z,2023,4,95,3.4858333333333333,10.1742214,,280,0,FALSE,FALSE,FALSE,FALSE,,,,,FALSE,64,21.3963,100.3248,1.36,0b1001111011000000,64,21.3975,100.3268,1.32,0b1001111011000000,21.39699,100.325821,1.36,1.32,FALSE,none,,,paired,kept_unique_additional,0,1,additional_ecostress__280,TRUE,Mongwa,mongwa
420,Myittha,2019-12-05T05:32:34Z,260,main_s2mask,260,ECOSTRESS,paired,TRUE,TRUE,TRUE,26.79269409,30.49,3.6973059082030986,37,,28.709991455078125,,26.550018310546875,,25.290008544921875,,0.830475926,,70,,70,,,,,,/scratch/mr3882/SEA_dam/LST_processed/sentinel2_water_masks/Myittha/ECOSTRESS/Myittha_ECOv002_L2T_LSTE_08022_003_46QEK_20191205T053234_0712_01_LST_LST_s2_footprint_water_mask.tif,,,,,,607570,,606520,,2433030,,2431980,,Myanmar,62.5,21805.78,12.2,172,Myittha,01/01/2013,241.7770996,21.992222,94.036944,,,,,procurement.dhpi@moep.gov.mm,,2019-12-05T05:32:34Z,2019,12,339,5.542777777777777,11.81190737777778,260,,,FALSE,FALSE,FALSE,FALSE,,,,,FALSE,,,,,,65,21.999,94.0425,1.24,0b1001101011000000,21.992222,94.036944,,1.24,TRUE,outlet,Tm_o;ID_o;Latitude_o;Longitude_o;ECO2LSTE_001_SDS_LST_err_o;QC_bitmask_o;LSTerr_o;Latitude_ref;Longitude_ref,9156,lake_only,kept_main_filled_outlet_from_additional,1,1,,,Myittha,myittha
421,Myittha,2019-12-09T03:55:25Z,261,main_s2mask,261,ECOSTRESS,lake_only,TRUE,FALSE,FALSE,24.15924072,,,37,,25.45001220703125,,24.17001342773437,,23.209991455078125,,0.612672865,,70,,70,,,,,,/scratch/mr3882/SEA_dam/LST_processed/sentinel2_water_masks/Myittha/ECOSTRESS/Myittha_ECOv002_L2T_LSTE_08083_001_46QFK_20191209T035525_0712_01_LST_LST_s2_footprint_water_mask.tif,,,,,,607560,,606510,,2433030,,2431980,,Myanmar,62.5,21805.78,12.2,172,Myittha,01/01/2013,241.7770996,21.992222,94.036944,,,,,procurement.dhpi@moep.gov.mm,,2019-12-09T03:55:25Z,2019,12,343,3.923611111111111,10.192740711111112,261,,,FALSE,FALSE,FALSE,FALSE,,,,,FALSE,,,,,,,,,,,21.992222,94.036944,,,FALSE,none,,,lake_only,kept_unique_main,1,0,,,Myittha,myittha
422,Myittha,2019-12-13T02:19:00Z,262,main_s2mask,262,ECOSTRESS,paired,TRUE,TRUE,TRUE,22.12728882,19.77,-2.357288818,37,,22.550018310546875,,22.13000488,,21.57000732421875,,0.24249433,,70,,70,,,,,,/scratch/mr3882/SEA_dam/LST_processed/sentinel2_water_masks/Myittha/ECOSTRESS/Myittha_ECOv002_L2T_LSTE_08144_002_46QFK_20191213T021900_0712_01_LST_LST_s2_footprint_water_mask.tif,,,,,,607560,,606510,,2433030,,2431980,,Myanmar,62.5,21805.78,12.2,172,Myittha,01/01/2013,241.7770996,21.992222,94.036944,,,,,procurement.dhpi@moep.gov.mm,,2019-12-13T02:19:00Z,2019,12,347,2.3166666666666664,8.585796266666666,262,,,FALSE,FALSE,FALSE,FALSE,,,,,FALSE,,,,,,65,21.999,94.0425,1.36,0b1001111011000000,21.992222,94.036944,,1.36,TRUE,outlet,Tm_o;ID_o;Latitude_o;Longitude_o;ECO2LSTE_001_SDS_LST_err_o;QC_bitmask_o;LSTerr_o;Latitude_ref;Longitude_ref,9157,lake_only,kept_main_filled_outlet_from_additional,1,1,,,Myittha,myittha
423,Myittha,2019-12-23T22:15:13Z,263,main_s2mask,263,ECOSTRESS,paired,TRUE,TRUE,TRUE,18.82138062,14.33,-4.491380615,37,,21.57000732421875,,18.57000732421875,,16.45001220703125,,1.143218875,,70,,70,,,,,,/scratch/mr3882/SEA_dam/LST_processed/sentinel2_water_masks/Myittha/ECOSTRESS/Myittha_ECOv002_L2T_LSTE_08312_003_46QFK_20191223T221513_0712_01_LST_LST_s2_footprint_water_mask.tif,,,,,,607560,,606510,,2433030,,2431980,,Myanmar,62.5,21805.78,12.2,172,Myittha,01/01/2013,241.7770996,21.992222,94.036944,,,,,procurement.dhpi@moep.gov.mm,,2019-12-23T22:15:13Z,2019,12,357,22.253611111111116,4.522740711111112,263,,,FALSE,FALSE,FALSE,FALSE,,,,,FALSE,,,,,,65,21.999,94.0425,1.28,0b1001111011000000,21.992222,94.036944,,1.28,TRUE,outlet,Tm_o;ID_o;Latitude_o;Longitude_o;ECO2LSTE_001_SDS_LST_err_o;QC_bitmask_o;LSTerr_o;Latitude_ref;Longitude_ref,9158,lake_only,kept_main_filled_outlet_from_additional,1,1,,,Myittha,myittha
424,Myittha,2020-01-12T14:18:15Z,9159,additional_ecostress,285,ECOSTRESS,paired,TRUE,TRUE,TRUE,18.71,16.79,-1.92,,,,,,,,,,,,,,,,,,,,,,,,,,,,,,,,,Myanmar,62.5,21805.78,12.2,172,Myittha,01/01/2013,241.7770996,21.992222,94.036944,,,,,procurement.dhpi@moep.gov.mm,,2020-01-12T14:18:15Z,2020,1,12,14.304166666666667,20.573296266666667,,285,1,TRUE,FALSE,FALSE,FALSE,1,264,,,FALSE,65,21.9915,94.0436,1.32,0b1001111011000000,65,21.999,94.0425,1.32,0b1001101011000000,21.992222,94.036944,1.32,1.32,FALSE,none,,,paired,kept_unique_additional,0,1,additional_ecostress__285,TRUE,Myittha,myittha
425,Myittha,2020-01-12T14:18:16Z,264,main_s2mask,264,ECOSTRESS,lake_only,TRUE,FALSE,FALSE,20.17385864,,,36,,21.470001220703125,,20.19000244140625,,18.89001465,,0.685741186,,70,,70,,,,,,/scratch/mr3882/SEA_dam/LST_processed/sentinel2_water_masks/Myittha/ECOSTRESS/Myittha_ECOv002_L2T_LSTE_08617_001_46QEK_20200112T141816_0712_01_LST_LST_s2_footprint_water_mask.tif,,,,,,607570,,606520,,2433030,,2431980,,Myanmar,62.5,21805.78,12.2,172,Myittha,01/01/2013,241.7770996,21.992222,94.036944,,,,,procurement.dhpi@moep.gov.mm,,2020-01-12T14:18:16Z,2020,1,12,14.304444444444446,20.573574044444445,264,,,FALSE,FALSE,FALSE,FALSE,,,,,FALSE,,,,,,,,,,,21.992222,94.036944,,,FALSE,none,,,lake_only,kept_unique_main,1,0,,,Myittha,myittha
426,Myittha,2020-01-20T11:07:54Z,9160,additional_ecostress,286,ECOSTRESS,paired,TRUE,TRUE,TRUE,22.47,21.47,-1,,,,,,,,,,,,,,,,,,,,,,,,,,,,,,,,,Myanmar,62.5,21805.78,12.2,172,Myittha,01/01/2013,241.7770996,21.992222,94.036944,,,,,procurement.dhpi@moep.gov.mm,,2020-01-20T11:07:54Z,2020,1,20,11.131666666666668,17.400796266666667,,286,1,TRUE,FALSE,FALSE,FALSE,1,265,,,FALSE,65,21.9915,94.0436,1.08,0b1010111011000000,65,21.999,94.0425,1.08,0b1010111011000000,21.992222,94.036944,1.08,1.08,FALSE,none,,,paired,kept_unique_additional,0,1,additional_ecostress__286,TRUE,Myittha,myittha
427,Myittha,2020-01-20T11:07:55Z,265,main_s2mask,265,ECOSTRESS,lake_only,TRUE,FALSE,FALSE,22.58279419,,,36,,23.14999389648437,,22.63000488,,21.89001465,,0.27464655,,70,,70,,,,,,/scratch/mr3882/SEA_dam/LST_processed/sentinel2_water_masks/Myittha/ECOSTRESS/Myittha_ECOv002_L2T_LSTE_08739_001_46QEK_20200120T110755_0712_01_LST_LST_s2_footprint_water_mask.tif,,,,,,607570,,606520,,2433030,,2431980,,Myanmar,62.5,21805.78,12.2,172,Myittha,01/01/2013,241.7770996,21.992222,94.036944,,,,,procurement.dhpi@moep.gov.mm,,2020-01-20T11:07:55Z,2020,1,20,11.131944444444445,17.401074044444446,265,,,FALSE,FALSE,FALSE,FALSE,,,,,FALSE,,,,,,,,,,,21.992222,94.036944,,,FALSE,none,,,lake_only,kept_unique_main,1,0,,,Myittha,myittha
428,Myittha,2020-01-21T20:10:39Z,266,main_s2mask,266,ECOSTRESS,paired,TRUE,TRUE,TRUE,18.18890381,13.07,-5.118903809,36,,19.610015869140625,,18.470001220703125,,15.75,,1.001771808,,70,,70,,,,,,/scratch/mr3882/SEA_dam/LST_processed/sentinel2_water_masks/Myittha/ECOSTRESS/Myittha_ECOv002_L2T_LSTE_08760_009_46QFK_20200121T201039_0712_01_LST_LST_s2_footprint_water_mask.tif,,,,,,607560,,606510,,2433030,,2431980,,Myanmar,62.5,21805.78,12.2,172,Myittha,01/01/2013,241.7770996,21.992222,94.036944,,,,,procurement.dhpi@moep.gov.mm,,2020-01-21T20:10:39Z,2020,1,21,20.1775,2.4466296000000014,266,,,FALSE,FALSE,FALSE,FALSE,,,,,FALSE,,,,,,65,21.999,94.0425,1.08,0b1010111011000000,21.992222,94.036944,,1.08,TRUE,outlet,Tm_o;ID_o;Latitude_o;Longitude_o;ECO2LSTE_001_SDS_LST_err_o;QC_bitmask_o;LSTerr_o;Latitude_ref;Longitude_ref,9161,lake_only,kept_main_filled_outlet_from_additional,1,1,,,Myittha,myittha
429,Myittha,2020-01-25T18:36:20Z,267,main_s2mask,267,ECOSTRESS,lake_only,TRUE,FALSE,FALSE,12.3500061,,,1,,12.350006103515623,,12.350006103515623,,12.350006103515623,,,,70,,70,,,,,,/scratch/mr3882/SEA_dam/LST_processed/sentinel2_water_masks/Myittha/ECOSTRESS/Myittha_ECOv002_L2T_LSTE_08821_005_46QEK_20200125T183620_0712_01_LST_LST_s2_footprint_water_mask.tif,,,,,,607570,,606520,,2433030,,2431980,,Myanmar,62.5,21805.78,12.2,172,Myittha,01/01/2013,241.7770996,21.992222,94.036944,,,,,procurement.dhpi@moep.gov.mm,,2020-01-25T18:36:20Z,2020,1,25,18.60555555555556,0.8746851555555573,267,,,FALSE,FALSE,FALSE,FALSE,,,,,FALSE,,,,,,,,,,,21.992222,94.036944,,,FALSE,none,,,lake_only,kept_unique_main,1,0,,,Myittha,myittha
430,Myittha,2020-02-01T06:26:50Z,9162,additional_ecostress,289,ECOSTRESS,paired,TRUE,TRUE,TRUE,24.91,32.57,7.66,,,,,,,,,,,,,,,,,,,,,,,,,,,,,,,,,Myanmar,62.5,21805.78,12.2,172,Myittha,01/01/2013,241.7770996,21.992222,94.036944,,,,,procurement.dhpi@moep.gov.mm,,2020-02-01T06:26:50Z,2020,2,32,6.447222222222223,12.716351822222222,,289,0,FALSE,FALSE,FALSE,FALSE,,,,,FALSE,65,21.9915,94.0436,1.32,0b1001111011000000,65,21.999,94.0425,1.32,0b1001101011000000,21.992222,94.036944,1.32,1.32,FALSE,none,,,paired,kept_unique_additional,0,1,additional_ecostress__289,TRUE,Myittha,myittha
431,Myittha,2020-12-25T20:48:49Z,268,main_s2mask,268,ECOSTRESS,paired,TRUE,TRUE,TRUE,17.51318359,12.19,-5.323183594,38,,20.30999755859375,,17.470001220703125,,15.230010986328123,,1.259379745,,70,,70,,,,,,/scratch/mr3882/SEA_dam/LST_processed/sentinel2_water_masks/Myittha/ECOSTRESS/Myittha_ECOv002_L2T_LSTE_14016_001_46QEK_20201225T204849_0712_01_LST_LST_s2_footprint_water_mask.tif,,,,,,607570,,606520,,2433030,,2431980,,Myanmar,62.5,21805.78,12.2,172,Myittha,01/01/2013,241.7770996,21.992222,94.036944,,,,,procurement.dhpi@moep.gov.mm,,2020-12-25T20:48:49Z,2020,12,360,20.81361111111111,3.0827407111111107,268,,,FALSE,FALSE,FALSE,FALSE,,,,,FALSE,,,,,,65,21.999,94.0425,1.24,0b1001101011000000,21.992222,94.036944,,1.24,TRUE,outlet,Tm_o;ID_o;Latitude_o;Longitude_o;ECO2LSTE_001_SDS_LST_err_o;QC_bitmask_o;LSTerr_o;Latitude_ref;Longitude_ref,9163,lake_only,kept_main_filled_outlet_from_additional,1,1,,,Myittha,myittha
432,Myittha,2020-12-29T19:14:50Z,269,main_s2mask,269,ECOSTRESS,paired,TRUE,TRUE,TRUE,18.05923462,12.95,-5.109234619,37,,20.550018310546875,,18.050018310546875,,15.42999267578125,,1.133831859,,70,,70,,,,,,/scratch/mr3882/SEA_dam/LST_processed/sentinel2_water_masks/Myittha/ECOSTRESS/Myittha_ECOv002_L2T_LSTE_14077_001_46QEK_20201229T191450_0712_01_LST_LST_s2_footprint_water_mask.tif,,,,,,607570,,606520,,2433030,,2431980,,Myanmar,62.5,21805.78,12.2,172,Myittha,01/01/2013,241.7770996,21.992222,94.036944,,,,,procurement.dhpi@moep.gov.mm,,2020-12-29T19:14:50Z,2020,12,364,19.247222222222224,1.516351822222223,269,,,FALSE,FALSE,FALSE,FALSE,,,,,FALSE,,,,,,65,21.999,94.0425,1.36,0b1001111011000000,21.992222,94.036944,,1.36,TRUE,outlet,Tm_o;ID_o;Latitude_o;Longitude_o;ECO2LSTE_001_SDS_LST_err_o;QC_bitmask_o;LSTerr_o;Latitude_ref;Longitude_ref,9164,lake_only,kept_main_filled_outlet_from_additional,1,1,,,Myittha,myittha
433,Myittha,2021-01-26T08:18:33Z,270,main_s2mask,270,ECOSTRESS,paired,TRUE,TRUE,TRUE,27.22351074,29.67,2.4464892578125017,37,,31.790008544921875,,27.07000732421875,,24.39001465,,1.866291404,,70,,70,,,,,,/scratch/mr3882/SEA_dam/LST_processed/sentinel2_water_masks/Myittha/ECOSTRESS/Myittha_ECOv002_L2T_LSTE_14504_001_46QEK_20210126T081833_0712_01_LST_LST_s2_footprint_water_mask.tif,,,,,,607570,,606520,,2433030,,2431980,,Myanmar,62.5,21805.78,12.2,172,Myittha,01/01/2013,241.7770996,21.992222,94.036944,,,,,procurement.dhpi@moep.gov.mm,,2021-01-26T08:18:33Z,2021,1,26,8.309166666666668,14.578296266666667,270,,,FALSE,FALSE,FALSE,FALSE,,,,,FALSE,,,,,,65,21.999,94.0425,1.12,0b1010111011000000,21.992222,94.036944,,1.12,TRUE,outlet,Tm_o;ID_o;Latitude_o;Longitude_o;ECO2LSTE_001_SDS_LST_err_o;QC_bitmask_o;LSTerr_o;Latitude_ref;Longitude_ref,9165,lake_only,kept_main_filled_outlet_from_additional,1,1,,,Myittha,myittha
434,Myittha,2021-01-30T06:46:03Z,271,main_s2mask,271,ECOSTRESS,lake_only,TRUE,FALSE,FALSE,28.27883911,,,25,,32.490020751953125,,27.86999512,,25.01000977,,1.989122629,,70,,70,,,,,,/scratch/mr3882/SEA_dam/LST_processed/sentinel2_water_masks/Myittha/ECOSTRESS/Myittha_ECOv002_L2T_LSTE_14565_003_46QFK_20210130T064603_0712_01_LST_LST_s2_footprint_water_mask.tif,,,,,,607560,,606510,,2433030,,2431980,,Myanmar,62.5,21805.78,12.2,172,Myittha,01/01/2013,241.7770996,21.992222,94.036944,,,,,procurement.dhpi@moep.gov.mm,,2021-01-30T06:46:03Z,2021,1,30,6.7675,13.0366296,271,,,FALSE,FALSE,FALSE,FALSE,,,,,FALSE,,,,,,,,,,,21.992222,94.036944,,,FALSE,none,,,lake_only,kept_unique_main,1,0,,,Myittha,myittha
435,Myittha,2021-02-03T05:13:17Z,272,main_s2mask,272,ECOSTRESS,paired,TRUE,TRUE,TRUE,27.33822632,28.01,0.6717736816406017,17,,29.83001708984375,,27.350006103515625,,25.970001220703125,,1.226888895,,70,,70,,,,,,/scratch/mr3882/SEA_dam/LST_processed/sentinel2_water_masks/Myittha/ECOSTRESS/Myittha_ECOv002_L2T_LSTE_14626_001_46QEK_20210203T051317_0712_01_LST_LST_s2_footprint_water_mask.tif,,,,,,607570,,606520,,2433030,,2431980,,Myanmar,62.5,21805.78,12.2,172,Myittha,01/01/2013,241.7770996,21.992222,94.036944,,,,,procurement.dhpi@moep.gov.mm,,2021-02-03T05:13:17Z,2021,2,34,5.221388888888889,11.490518488888888,272,,,FALSE,FALSE,FALSE,FALSE,,,,,FALSE,,,,,,65,21.999,94.0425,1,0b1110111011000000,21.992222,94.036944,,1,TRUE,outlet,Tm_o;ID_o;Latitude_o;Longitude_o;ECO2LSTE_001_SDS_LST_err_o;QC_bitmask_o;LSTerr_o;Latitude_ref;Longitude_ref,9166,lake_only,kept_main_filled_outlet_from_additional,1,1,,,Myittha,myittha
436,Myittha,2021-02-07T03:40:21Z,273,main_s2mask,273,ECOSTRESS,paired,TRUE,TRUE,TRUE,25.37808228,26.53,1.151917724609401,37,,27.95001220703125,,25.14999389648437,,23.39001465,,1.282770991,,70,,70,,,,,,/scratch/mr3882/SEA_dam/LST_processed/sentinel2_water_masks/Myittha/ECOSTRESS/Myittha_ECOv002_L2T_LSTE_14687_003_46QEK_20210207T034021_0712_01_LST_LST_s2_footprint_water_mask.tif,,,,,,607570,,606520,,2433030,,2431980,,Myanmar,62.5,21805.78,12.2,172,Myittha,01/01/2013,241.7770996,21.992222,94.036944,,,,,procurement.dhpi@moep.gov.mm,,2021-02-07T03:40:21Z,2021,2,38,3.6725,9.9416296,273,,,FALSE,FALSE,FALSE,FALSE,,,,,FALSE,,,,,,65,21.999,94.0425,1.08,0b1010101011000000,21.992222,94.036944,,1.08,TRUE,outlet,Tm_o;ID_o;Latitude_o;Longitude_o;ECO2LSTE_001_SDS_LST_err_o;QC_bitmask_o;LSTerr_o;Latitude_ref;Longitude_ref,9167,lake_only,kept_main_filled_outlet_from_additional,1,1,,,Myittha,myittha
437,Myittha,2021-02-11T02:07:38Z,274,main_s2mask,274,ECOSTRESS,paired,TRUE,TRUE,TRUE,20.63815308,17.69,-2.948153076,37,,21.77001953,,20.589996337890625,,19.51000977,,0.454595536,,70,,70,,,,,,/scratch/mr3882/SEA_dam/LST_processed/sentinel2_water_masks/Myittha/ECOSTRESS/Myittha_ECOv002_L2T_LSTE_14748_003_46QFK_20210211T020738_0712_01_LST_LST_s2_footprint_water_mask.tif,,,,,,607560,,606510,,2433030,,2431980,,Myanmar,62.5,21805.78,12.2,172,Myittha,01/01/2013,241.7770996,21.992222,94.036944,,,,,procurement.dhpi@moep.gov.mm,,2021-02-11T02:07:38Z,2021,2,42,2.127222222222222,8.396351822222222,274,,,FALSE,FALSE,FALSE,FALSE,,,,,FALSE,,,,,,65,21.999,94.0425,1.12,0b1010111011000000,21.992222,94.036944,,1.12,TRUE,outlet,Tm_o;ID_o;Latitude_o;Longitude_o;ECO2LSTE_001_SDS_LST_err_o;QC_bitmask_o;LSTerr_o;Latitude_ref;Longitude_ref,9168,lake_only,kept_main_filled_outlet_from_additional,1,1,,,Myittha,myittha
438,Myittha,2021-03-05T02:38:52Z,275,main_s2mask,275,ECOSTRESS,paired,TRUE,TRUE,TRUE,25.94406128,27.23,1.2859387207031006,37,,29.990020751953125,,25.550018310546875,,24.610015869140625,,1.261111975,,70,,70,,,,,,/scratch/mr3882/SEA_dam/LST_processed/sentinel2_water_masks/Myittha/ECOSTRESS/Myittha_ECOv002_L2T_LSTE_15089_006_46QFK_20210305T023852_0712_01_LST_LST_s2_footprint_water_mask.tif,,,,,,607560,,606510,,2433030,,2431980,,Myanmar,62.5,21805.78,12.2,172,Myittha,01/01/2013,241.7770996,21.992222,94.036944,,,,,procurement.dhpi@moep.gov.mm,,2021-03-05T02:38:52Z,2021,3,64,2.647777777777778,8.916907377777779,275,,,FALSE,FALSE,FALSE,FALSE,,,,,FALSE,,,,,,65,21.999,94.0425,1,0b1010111011000000,21.992222,94.036944,,1,TRUE,outlet,Tm_o;ID_o;Latitude_o;Longitude_o;ECO2LSTE_001_SDS_LST_err_o;QC_bitmask_o;LSTerr_o;Latitude_ref;Longitude_ref,9169,lake_only,kept_main_filled_outlet_from_additional,1,1,,,Myittha,myittha
439,Myittha,2021-12-18T22:53:44Z,276,main_s2mask,276,ECOSTRESS,lake_only,TRUE,FALSE,FALSE,12.99316406,,,19,,14.69000244140625,,13.089996337890623,,11.149993896484377,,1.150152206,,70,,70,,,,,,/scratch/mr3882/SEA_dam/LST_processed/sentinel2_water_masks/Myittha/ECOSTRESS/Myittha_ECOv002_L2T_LSTE_19578_003_46QFK_20211218T225344_0712_01_LST_LST_s2_footprint_water_mask.tif,,,,,,607560,,606510,,2433030,,2431980,,Myanmar,62.5,21805.78,12.2,172,Myittha,01/01/2013,241.7770996,21.992222,94.036944,,,,,procurement.dhpi@moep.gov.mm,,2021-12-18T22:53:44Z,2021,12,352,22.895555555555557,5.164685155555553,276,,,FALSE,FALSE,FALSE,FALSE,,,,,FALSE,,,,,,,,,,,21.992222,94.036944,,,FALSE,none,,,lake_only,kept_unique_main,1,0,,,Myittha,myittha
440,Myittha,2022-01-22T09:23:45Z,277,main_s2mask,277,ECOSTRESS,paired,TRUE,TRUE,TRUE,24.87432861,25.09,0.2156713867187996,37,,26.07000732421875,,24.89001465,,23.69000244140625,,0.706891775,,70,,70,,,,,,/scratch/mr3882/SEA_dam/LST_processed/sentinel2_water_masks/Myittha/ECOSTRESS/Myittha_ECOv002_L2T_LSTE_20112_004_46QEK_20220122T092345_0712_01_LST_LST_s2_footprint_water_mask.tif,,,,,,607570,,606520,,2433030,,2431980,,Myanmar,62.5,21805.78,12.2,172,Myittha,01/01/2013,241.7770996,21.992222,94.036944,,,,,procurement.dhpi@moep.gov.mm,,2022-01-22T09:23:45Z,2022,1,22,9.395833333333332,15.664962933333332,277,,,FALSE,FALSE,FALSE,FALSE,,,,,FALSE,,,,,,65,21.999,94.0425,1.24,0b1001111011000000,21.992222,94.036944,,1.24,TRUE,outlet,Tm_o;ID_o;Latitude_o;Longitude_o;ECO2LSTE_001_SDS_LST_err_o;QC_bitmask_o;LSTerr_o;Latitude_ref;Longitude_ref,9170,lake_only,kept_main_filled_outlet_from_additional,1,1,,,Myittha,myittha
441,Myittha,2022-02-07T03:01:05Z,278,main_s2mask,278,ECOSTRESS,paired,TRUE,TRUE,TRUE,21.18942261,19.29,-1.899422607,37,,21.75,,21.13000488,,20.550018310546875,,0.326340079,,70,,70,,,,,,/scratch/mr3882/SEA_dam/LST_processed/sentinel2_water_masks/Myittha/ECOSTRESS/Myittha_ECOv002_L2T_LSTE_20356_002_46QFK_20220207T030105_0712_01_LST_LST_s2_footprint_water_mask.tif,,,,,,607560,,606510,,2433030,,2431980,,Myanmar,62.5,21805.78,12.2,172,Myittha,01/01/2013,241.7770996,21.992222,94.036944,,,,,procurement.dhpi@moep.gov.mm,,2022-02-07T03:01:05Z,2022,2,38,3.018055555555556,9.287185155555555,278,,,FALSE,FALSE,FALSE,FALSE,,,,,FALSE,,,,,,65,21.999,94.0425,1,0b1010111011000000,21.992222,94.036944,,1,TRUE,outlet,Tm_o;ID_o;Latitude_o;Longitude_o;ECO2LSTE_001_SDS_LST_err_o;QC_bitmask_o;LSTerr_o;Latitude_ref;Longitude_ref,9171,lake_only,kept_main_filled_outlet_from_additional,1,1,,,Myittha,myittha
442,Myittha,2022-02-17T23:01:12Z,279,main_s2mask,279,ECOSTRESS,paired,TRUE,TRUE,TRUE,17.99597168,12.21,-5.78597168,37,,20.050018310546875,,18.07000732421875,,16.25,,0.97464776,,70,,70,,,,,,/scratch/mr3882/SEA_dam/LST_processed/sentinel2_water_masks/Myittha/ECOSTRESS/Myittha_ECOv002_L2T_LSTE_20524_003_46QFK_20220217T230112_0712_01_LST_LST_s2_footprint_water_mask.tif,,,,,,607560,,606510,,2433030,,2431980,,Myanmar,62.5,21805.78,12.2,172,Myittha,01/01/2013,241.7770996,21.992222,94.036944,,,,,procurement.dhpi@moep.gov.mm,,2022-02-17T23:01:12Z,2022,2,48,23.02,5.289129599999999,279,,,FALSE,FALSE,FALSE,FALSE,,,,,FALSE,,,,,,65,21.999,94.0425,1.16,0b1001101011000000,21.992222,94.036944,,1.16,TRUE,outlet,Tm_o;ID_o;Latitude_o;Longitude_o;ECO2LSTE_001_SDS_LST_err_o;QC_bitmask_o;LSTerr_o;Latitude_ref;Longitude_ref,9172,lake_only,kept_main_filled_outlet_from_additional,1,1,,,Myittha,myittha
443,Myittha,2022-03-01T18:14:15Z,9173,additional_ecostress,301,ECOSTRESS,paired,TRUE,TRUE,TRUE,18.27,18.05,-0.22,,,,,,,,,,,,,,,,,,,,,,,,,,,,,,,,,Myanmar,62.5,21805.78,12.2,172,Myittha,01/01/2013,241.7770996,21.992222,94.036944,,,,,procurement.dhpi@moep.gov.mm,,2022-03-01T18:14:15Z,2022,3,60,18.2375,0.5066296000000001,,301,1,TRUE,FALSE,FALSE,FALSE,1,280,,,FALSE,65,21.9915,94.0436,1.16,0b1001111011000000,65,21.999,94.0425,1.16,0b1001101011000000,21.992222,94.036944,1.16,1.16,FALSE,none,,,paired,kept_unique_additional,0,1,additional_ecostress__301,TRUE,Myittha,myittha
444,Myittha,2022-03-01T18:14:16Z,280,main_s2mask,280,ECOSTRESS,lake_only,TRUE,FALSE,FALSE,20.38192749,,,37,,22.30999755859375,,20.30999755859375,,18.290008544921875,,0.98997587,,70,,70,,,,,,/scratch/mr3882/SEA_dam/LST_processed/sentinel2_water_masks/Myittha/ECOSTRESS/Myittha_ECOv002_L2T_LSTE_20707_003_46QEK_20220301T181416_0712_01_LST_LST_s2_footprint_water_mask.tif,,,,,,607570,,606520,,2433030,,2431980,,Myanmar,62.5,21805.78,12.2,172,Myittha,01/01/2013,241.7770996,21.992222,94.036944,,,,,procurement.dhpi@moep.gov.mm,,2022-03-01T18:14:16Z,2022,3,60,18.23777777777778,0.5069073777777788,280,,,FALSE,FALSE,FALSE,FALSE,,,,,FALSE,,,,,,,,,,,21.992222,94.036944,,,FALSE,none,,,lake_only,kept_unique_main,1,0,,,Myittha,myittha
445,Myittha,2022-12-24T20:09:04Z,281,main_s2mask,281,ECOSTRESS,paired,TRUE,TRUE,TRUE,20.37634277,14.61,-5.766342773,22,,21.92999267578125,,20.519989013671875,,17.149993896484375,,1.154902697,,70,,70,,,,,,/scratch/mr3882/SEA_dam/LST_processed/sentinel2_water_masks/Myittha/ECOSTRESS/Myittha_ECOv002_L2T_LSTE_25339_004_46QFK_20221224T200904_0712_02_LST_LST_s2_footprint_water_mask.tif,,,,,,607560,,606510,,2433030,,2431980,,Myanmar,62.5,21805.78,12.2,172,Myittha,01/01/2013,241.7770996,21.992222,94.036944,,,,,procurement.dhpi@moep.gov.mm,,2022-12-24T20:09:04Z,2022,12,358,20.15111111111111,2.4202407111111093,281,,,FALSE,FALSE,FALSE,FALSE,,,,,FALSE,,,,,,65,21.999,94.0425,1.12,0b1001111011000000,21.992222,94.036944,,1.12,TRUE,outlet,Tm_o;ID_o;Latitude_o;Longitude_o;ECO2LSTE_001_SDS_LST_err_o;QC_bitmask_o;LSTerr_o;Latitude_ref;Longitude_ref,9174,lake_only,kept_main_filled_outlet_from_additional,1,1,,,Myittha,myittha
446,Myittha,2022-12-26T05:11:32Z,282,main_s2mask,282,ECOSTRESS,lake_only,TRUE,FALSE,FALSE,25.55001831,,,22,,27.529998779296875,,25.490020751953125,,24.089996337890625,,0.876378179,,70,,70,,,,,,/scratch/mr3882/SEA_dam/LST_processed/sentinel2_water_masks/Myittha/ECOSTRESS/Myittha_ECOv002_L2T_LSTE_25360_015_46QFK_20221226T051132_0712_02_LST_LST_s2_footprint_water_mask.tif,,,,,,607560,,606510,,2433030,,2431980,,Myanmar,62.5,21805.78,12.2,172,Myittha,01/01/2013,241.7770996,21.992222,94.036944,,,,,procurement.dhpi@moep.gov.mm,,2022-12-26T05:11:32Z,2022,12,360,5.192222222222222,11.461351822222223,282,,,FALSE,FALSE,FALSE,FALSE,,,,,FALSE,,,,,,,,,,,21.992222,94.036944,,,FALSE,none,,,lake_only,kept_unique_main,1,0,,,Myittha,myittha
447,Myittha,2023-01-03T01:59:54Z,283,main_s2mask,283,ECOSTRESS,lake_only,TRUE,FALSE,FALSE,19.28845215,,,26,,20.30999755859375,,19.300018310546875,,17.77001953,,0.633969724,,70,,70,,,,,,/scratch/mr3882/SEA_dam/LST_processed/sentinel2_water_masks/Myittha/ECOSTRESS/Myittha_ECOv002_L2T_LSTE_25482_009_46QEK_20230103T015954_0710_01_LST_LST_s2_footprint_water_mask.tif,,,,,,607570,,606520,,2433030,,2431980,,Myanmar,62.5,21805.78,12.2,172,Myittha,01/01/2013,241.7770996,21.992222,94.036944,,,,,procurement.dhpi@moep.gov.mm,,2023-01-03T01:59:54Z,2023,1,3,1.9983333333333333,8.267462933333334,283,,,FALSE,FALSE,FALSE,FALSE,,,,,FALSE,,,,,,,,,,,21.992222,94.036944,,,FALSE,none,,,lake_only,kept_unique_main,1,0,,,Myittha,myittha
448,Myittha,2023-01-05T15:21:11Z,284,main_s2mask,284,ECOSTRESS,paired,TRUE,TRUE,TRUE,20.50183105,17.05,-3.451831055,44,,23.57000732421875,,20.730010986328125,,17.490020751953125,,1.242423296,,70,,70,,,,,,/scratch/mr3882/SEA_dam/LST_processed/sentinel2_water_masks/Myittha/ECOSTRESS/Myittha_ECOv002_L2T_LSTE_25522_002_46QEK_20230105T152111_0710_01_LST_LST_s2_footprint_water_mask.tif,,,,,,607570,,606520,,2433030,,2431980,,Myanmar,62.5,21805.78,12.2,172,Myittha,01/01/2013,241.7770996,21.992222,94.036944,,,,,procurement.dhpi@moep.gov.mm,,2023-01-05T15:21:11Z,2023,1,5,15.353055555555557,21.62218515555556,284,,,FALSE,FALSE,FALSE,FALSE,,,,,FALSE,,,,,,65,21.999,94.0425,1.36,0b1001111011000000,21.992222,94.036944,,1.36,TRUE,outlet,Tm_o;ID_o;Latitude_o;Longitude_o;ECO2LSTE_001_SDS_LST_err_o;QC_bitmask_o;LSTerr_o;Latitude_ref;Longitude_ref,9175,lake_only,kept_main_filled_outlet_from_additional,1,1,,,Myittha,myittha
449,Myittha,2023-01-07T00:23:08Z,285,main_s2mask,285,ECOSTRESS,lake_only,TRUE,FALSE,FALSE,9.879333496,,,43,,10.709991455078123,,9.910003662109377,,9.190002441,,0.394251943,,70,,70,,,,,,/scratch/mr3882/SEA_dam/LST_processed/sentinel2_water_masks/Myittha/ECOSTRESS/Myittha_ECOv002_L2T_LSTE_25543_011_46QEK_20230107T002308_0710_01_LST_LST_s2_footprint_water_mask.tif,,,,,,607570,,606520,,2433030,,2431980,,Myanmar,62.5,21805.78,12.2,172,Myittha,01/01/2013,241.7770996,21.992222,94.036944,,,,,procurement.dhpi@moep.gov.mm,,2023-01-07T00:23:08Z,2023,1,7,0.3855555555555556,6.654685155555556,285,,,FALSE,FALSE,FALSE,FALSE,,,,,FALSE,,,,,,,,,,,21.992222,94.036944,,,FALSE,none,,,lake_only,kept_unique_main,1,0,,,Myittha,myittha
450,Myittha,2023-01-12T12:55:35Z,9176,additional_ecostress,306,ECOSTRESS,outlet_only,FALSE,TRUE,FALSE,,19.65,,,,,,,,,,,,,,,,,,,,,,,,,,,,,,,,,,Myanmar,62.5,21805.78,12.2,172,Myittha,01/01/2013,241.7770996,21.992222,94.036944,,,,,procurement.dhpi@moep.gov.mm,,2023-01-12T12:55:35Z,2023,1,12,12.926388888888887,19.19551848888889,,306,1,TRUE,FALSE,FALSE,FALSE,1,286,,,FALSE,,,,,,65,21.999,94.0425,1.24,0b1001101011000000,21.992222,94.036944,,1.24,FALSE,none,,,outlet_only,kept_unique_additional,0,1,additional_ecostress__306,TRUE,Myittha,myittha
451,Myittha,2023-01-12T12:55:36Z,286,main_s2mask,286,ECOSTRESS,lake_only,TRUE,FALSE,FALSE,21.7800293,,,42,,23.110015869140625,,21.990020751953125,,19.730010986328125,,0.808832467,,70,,70,,,,,,/scratch/mr3882/SEA_dam/LST_processed/sentinel2_water_masks/Myittha/ECOSTRESS/Myittha_ECOv002_L2T_LSTE_25629_003_46QFK_20230112T125536_0712_01_LST_LST_s2_footprint_water_mask.tif,,,,,,607560,,606510,,2433030,,2431980,,Myanmar,62.5,21805.78,12.2,172,Myittha,01/01/2013,241.7770996,21.992222,94.036944,,,,,procurement.dhpi@moep.gov.mm,,2023-01-12T12:55:36Z,2023,1,12,12.926666666666666,19.195796266666665,286,,,FALSE,FALSE,FALSE,FALSE,,,,,FALSE,,,,,,,,,,,21.992222,94.036944,,,FALSE,none,,,lake_only,kept_unique_main,1,0,,,Myittha,myittha
452,Myittha,2023-01-16T11:18:11Z,287,main_s2mask,287,ECOSTRESS,paired,TRUE,TRUE,TRUE,22.53274536,21.17,-1.362745361,44,,23.51000977,,22.529998779296875,,21.41000366210937,,0.495856732,,70,,70,,,,,,/scratch/mr3882/SEA_dam/LST_processed/sentinel2_water_masks/Myittha/ECOSTRESS/Myittha_ECOv002_L2T_LSTE_25690_003_46QFK_20230116T111811_0710_01_LST_LST_s2_footprint_water_mask.tif,,,,,,607560,,606510,,2433030,,2431980,,Myanmar,62.5,21805.78,12.2,172,Myittha,01/01/2013,241.7770996,21.992222,94.036944,,,,,procurement.dhpi@moep.gov.mm,,2023-01-16T11:18:11Z,2023,1,16,11.303055555555556,17.572185155555555,287,,,FALSE,FALSE,FALSE,FALSE,,,,,FALSE,,,,,,65,21.999,94.0425,1.16,0b1001111011000000,21.992222,94.036944,,1.16,TRUE,outlet,Tm_o;ID_o;Latitude_o;Longitude_o;ECO2LSTE_001_SDS_LST_err_o;QC_bitmask_o;LSTerr_o;Latitude_ref;Longitude_ref,9177,lake_only,kept_main_filled_outlet_from_additional,1,1,,,Myittha,myittha
453,Myittha,2023-01-24T08:04:50Z,288,main_s2mask,288,ECOSTRESS,paired,TRUE,TRUE,TRUE,26.83456421,33.07,6.235435791,39,,30.470001220703125,,27.029998779296875,,24.41000366210937,,1.340488195,,70,,70,,,,,,/scratch/mr3882/SEA_dam/LST_processed/sentinel2_water_masks/Myittha/ECOSTRESS/Myittha_ECOv002_L2T_LSTE_25812_004_46QEK_20230124T080450_0711_01_LST_LST_s2_footprint_water_mask.tif,,,,,,607570,,606520,,2433030,,2431980,,Myanmar,62.5,21805.78,12.2,172,Myittha,01/01/2013,241.7770996,21.992222,94.036944,,,,,procurement.dhpi@moep.gov.mm,,2023-01-24T08:04:50Z,2023,1,24,8.080555555555556,14.349685155555555,288,,,FALSE,FALSE,FALSE,FALSE,,,,,FALSE,,,,,,65,21.999,94.0425,1.12,0b1001101011000000,21.992222,94.036944,,1.12,TRUE,outlet,Tm_o;ID_o;Latitude_o;Longitude_o;ECO2LSTE_001_SDS_LST_err_o;QC_bitmask_o;LSTerr_o;Latitude_ref;Longitude_ref,9178,lake_only,kept_main_filled_outlet_from_additional,1,1,,,Myittha,myittha
454,Myittha,2023-02-09T11:26:56Z,9179,additional_ecostress,309,ECOSTRESS,paired,TRUE,TRUE,TRUE,22.63,21.95,-0.68,,,,,,,,,,,,,,,,,,,,,,,,,,,,,,,,,Myanmar,62.5,21805.78,12.2,172,Myittha,01/01/2013,241.7770996,21.992222,94.036944,,,,,procurement.dhpi@moep.gov.mm,,2023-02-09T11:26:56Z,2023,2,40,11.44888888888889,17.71801848888889,,309,0,FALSE,FALSE,FALSE,FALSE,,,,,FALSE,65,21.9915,94.0436,1.28,0b1001111011000000,65,21.999,94.0425,1.28,0b1001111011000000,21.992222,94.036944,1.28,1.28,FALSE,none,,,paired,kept_unique_additional,0,1,additional_ecostress__309,TRUE,Myittha,myittha
455,Myittha,2023-02-12T00:49:02Z,289,main_s2mask,289,ECOSTRESS,paired,TRUE,TRUE,TRUE,19.29788208,14.91,-4.38788208,38,,21.36999512,,19.17999267578125,,17.39001465,,1.01819551,,70,,70,,,,,,/scratch/mr3882/SEA_dam/LST_processed/sentinel2_water_masks/Myittha/ECOSTRESS/Myittha_ECOv002_L2T_LSTE_26102_001_46QFK_20230212T004902_0710_01_LST_LST_s2_footprint_water_mask.tif,,,,,,607560,,606510,,2433030,,2431980,,Myanmar,62.5,21805.78,12.2,172,Myittha,01/01/2013,241.7770996,21.992222,94.036944,,,,,procurement.dhpi@moep.gov.mm,,2023-02-12T00:49:02Z,2023,2,43,0.8172222222222222,7.086351822222222,289,,,FALSE,FALSE,FALSE,FALSE,,,,,FALSE,,,,,,65,21.999,94.0425,0.96,0b1110101011000000,21.992222,94.036944,,0.96,TRUE,outlet,Tm_o;ID_o;Latitude_o;Longitude_o;ECO2LSTE_001_SDS_LST_err_o;QC_bitmask_o;LSTerr_o;Latitude_ref;Longitude_ref,9180,lake_only,kept_main_filled_outlet_from_additional,1,1,,,Myittha,myittha
456,Myittha,2023-02-19T21:35:08Z,9181,additional_ecostress,311,ECOSTRESS,paired,TRUE,TRUE,TRUE,20.77,16.29,-4.48,,,,,,,,,,,,,,,,,,,,,,,,,,,,,,,,,Myanmar,62.5,21805.78,12.2,172,Myittha,01/01/2013,241.7770996,21.992222,94.036944,,,,,procurement.dhpi@moep.gov.mm,,2023-02-19T21:35:08Z,2023,2,50,21.585555555555555,3.854685155555554,,311,1,TRUE,FALSE,FALSE,FALSE,1,290,,,FALSE,65,21.9915,94.0436,1.2,0b1001111011000000,65,21.999,94.0425,1.24,0b1001111011000000,21.992222,94.036944,1.2,1.24,FALSE,none,,,paired,kept_unique_additional,0,1,additional_ecostress__311,TRUE,Myittha,myittha
457,Myittha,2023-02-19T21:35:09Z,290,main_s2mask,290,ECOSTRESS,lake_only,TRUE,FALSE,FALSE,21.54510498,,,37,,22.970001220703125,,21.63000488,,19.730010986328125,,0.830786884,,70,,70,,,,,,/scratch/mr3882/SEA_dam/LST_processed/sentinel2_water_masks/Myittha/ECOSTRESS/Myittha_ECOv002_L2T_LSTE_26224_004_46QFK_20230219T213509_0710_01_LST_LST_s2_footprint_water_mask.tif,,,,,,607560,,606510,,2433030,,2431980,,Myanmar,62.5,21805.78,12.2,172,Myittha,01/01/2013,241.7770996,21.992222,94.036944,,,,,procurement.dhpi@moep.gov.mm,,2023-02-19T21:35:09Z,2023,2,50,21.585833333333333,3.854962933333333,290,,,FALSE,FALSE,FALSE,FALSE,,,,,FALSE,,,,,,,,,,,21.992222,94.036944,,,FALSE,none,,,lake_only,kept_unique_main,1,0,,,Myittha,myittha
458,Myittha,2023-02-23T20:01:11Z,291,main_s2mask,291,ECOSTRESS,paired,TRUE,TRUE,TRUE,22.62625122,18.09,-4.536251221,37,,23.67001342773437,,22.709991455078125,,20.45001220703125,,0.731541693,,70,,70,,,,,,/scratch/mr3882/SEA_dam/LST_processed/sentinel2_water_masks/Myittha/ECOSTRESS/Myittha_ECOv002_L2T_LSTE_26285_004_46QEK_20230223T200111_0710_01_LST_LST_s2_footprint_water_mask.tif,,,,,,607570,,606520,,2433030,,2431980,,Myanmar,62.5,21805.78,12.2,172,Myittha,01/01/2013,241.7770996,21.992222,94.036944,,,,,procurement.dhpi@moep.gov.mm,,2023-02-23T20:01:11Z,2023,2,54,20.01972222222222,2.2888518222222203,291,,,FALSE,FALSE,FALSE,FALSE,,,,,FALSE,,,,,,65,21.999,94.0425,1.28,0b1001111011000000,21.992222,94.036944,,1.28,TRUE,outlet,Tm_o;ID_o;Latitude_o;Longitude_o;ECO2LSTE_001_SDS_LST_err_o;QC_bitmask_o;LSTerr_o;Latitude_ref;Longitude_ref,9182,lake_only,kept_main_filled_outlet_from_additional,1,1,,,Myittha,myittha
459,Myittha,2023-03-01T03:29:00Z,292,main_s2mask,292,ECOSTRESS,paired,TRUE,TRUE,TRUE,26.14187622,26.75,0.6081237792968999,37,,28.529998779296875,,25.790008544921875,,24.64999389648437,,0.984788239,,70,,70,,,,,,/scratch/mr3882/SEA_dam/LST_processed/sentinel2_water_masks/Myittha/ECOSTRESS/Myittha_ECOv002_L2T_LSTE_26367_003_46QEK_20230301T032900_0710_01_LST_LST_s2_footprint_water_mask.tif,,,,,,607570,,606520,,2433030,,2431980,,Myanmar,62.5,21805.78,12.2,172,Myittha,01/01/2013,241.7770996,21.992222,94.036944,,,,,procurement.dhpi@moep.gov.mm,,2023-03-01T03:29:00Z,2023,3,60,3.4833333333333334,9.752462933333334,292,,,FALSE,FALSE,FALSE,FALSE,,,,,FALSE,,,,,,65,21.999,94.0425,1.24,0b1001101011000000,21.992222,94.036944,,1.24,TRUE,outlet,Tm_o;ID_o;Latitude_o;Longitude_o;ECO2LSTE_001_SDS_LST_err_o;QC_bitmask_o;LSTerr_o;Latitude_ref;Longitude_ref,9183,lake_only,kept_main_filled_outlet_from_additional,1,1,,,Myittha,myittha
460,Myittha,2023-03-05T01:53:49Z,293,main_s2mask,293,ECOSTRESS,lake_only,TRUE,FALSE,FALSE,23.26760864,,,25,,23.89001465,,23.25,,22.529998779296875,,0.41119206,,70,,70,,,,,,/scratch/mr3882/SEA_dam/LST_processed/sentinel2_water_masks/Myittha/ECOSTRESS/Myittha_ECOv002_L2T_LSTE_26428_019_46QFK_20230305T015349_0711_02_LST_LST_s2_footprint_water_mask.tif,,,,,,607560,,606510,,2433030,,2431980,,Myanmar,62.5,21805.78,12.2,172,Myittha,01/01/2013,241.7770996,21.992222,94.036944,,,,,procurement.dhpi@moep.gov.mm,,2023-03-05T01:53:49Z,2023,3,64,1.8969444444444443,8.166074044444445,293,,,FALSE,FALSE,FALSE,FALSE,,,,,FALSE,,,,,,,,,,,21.992222,94.036944,,,FALSE,none,,,lake_only,kept_unique_main,1,0,,,Myittha,myittha
461,Myo Gyi,2019-12-09T03:56:17Z,9184,additional_ecostress,315,ECOSTRESS,paired,TRUE,TRUE,TRUE,24.59,26.11,1.5199999999999996,,,,,,,,,,,,,,,,,,,,,,,,,,,,,,,,,Myanmar,78.6,6003.42,9.7,274,Zawgyi River,01/01/2013,144.6797485,21.46349,96.39144,,,,,procurement.dhpi@moep.gov.mm,,2019-12-09T03:56:17Z,2019,12,343,3.938055555555555,10.364151555555557,,315,0,FALSE,FALSE,FALSE,FALSE,,,,,FALSE,62,21.4626,96.3864,1.2,0b1001111011000000,62,21.4619,96.3751,1.2,0b1001111011000000,21.46349,96.39144,1.2,1.2,FALSE,none,,,paired,kept_unique_additional,0,1,additional_ecostress__315,TRUE,Myo Gyi,myogyi
462,Myo Gyi,2019-12-13T02:19:00Z,9185,additional_ecostress,316,ECOSTRESS,paired,TRUE,TRUE,TRUE,21.47,19.93,-1.54,,,,,,,,,,,,,,,,,,,,,,,,,,,,,,,,,Myanmar,78.6,6003.42,9.7,274,Zawgyi River,01/01/2013,144.6797485,21.46349,96.39144,,,,,procurement.dhpi@moep.gov.mm,,2019-12-13T02:19:00Z,2019,12,347,2.3166666666666664,8.742762666666668,,316,0,FALSE,FALSE,FALSE,FALSE,,,,,FALSE,62,21.4626,96.3864,1.12,0b1001111011000000,62,21.4619,96.3751,1.12,0b1001111011000000,21.46349,96.39144,1.12,1.12,FALSE,none,,,paired,kept_unique_additional,0,1,additional_ecostress__316,TRUE,Myo Gyi,myogyi
463,Myo Gyi,2019-12-17T00:41:33Z,9186,additional_ecostress,317,ECOSTRESS,paired,TRUE,TRUE,TRUE,19.57,13.65,-5.92,,,,,,,,,,,,,,,,,,,,,,,,,,,,,,,,,Myanmar,78.6,6003.42,9.7,274,Zawgyi River,01/01/2013,144.6797485,21.46349,96.39144,,,,,procurement.dhpi@moep.gov.mm,,2019-12-17T00:41:33Z,2019,12,351,0.6925,7.118596,,317,0,FALSE,FALSE,FALSE,FALSE,,,,,FALSE,62,21.4626,96.3864,1.08,0b1001111011000000,62,21.4619,96.3751,1.12,0b1001111011000000,21.46349,96.39144,1.08,1.12,FALSE,none,,,paired,kept_unique_additional,0,1,additional_ecostress__317,TRUE,Myo Gyi,myogyi
464,Myo Gyi,2020-01-12T14:19:07Z,9187,additional_ecostress,318,ECOSTRESS,paired,TRUE,TRUE,TRUE,20.11,15.15,-4.96,,,,,,,,,,,,,,,,,,,,,,,,,,,,,,,,,Myanmar,78.6,6003.42,9.7,274,Zawgyi River,01/01/2013,144.6797485,21.46349,96.39144,,,,,procurement.dhpi@moep.gov.mm,,2020-01-12T14:19:07Z,2020,1,12,14.31861111111111,20.74470711111111,,318,0,FALSE,FALSE,FALSE,FALSE,,,,,FALSE,62,21.4626,96.3864,1.16,0b1001101011000000,62,21.4619,96.3751,1.16,0b1001111011000000,21.46349,96.39144,1.16,1.16,FALSE,none,,,paired,kept_unique_additional,0,1,additional_ecostress__318,TRUE,Myo Gyi,myogyi
465,Myo Gyi,2020-01-20T11:08:46Z,9188,additional_ecostress,319,ECOSTRESS,paired,TRUE,TRUE,TRUE,23.05,21.41,-1.64,,,,,,,,,,,,,,,,,,,,,,,,,,,,,,,,,Myanmar,78.6,6003.42,9.7,274,Zawgyi River,01/01/2013,144.6797485,21.46349,96.39144,,,,,procurement.dhpi@moep.gov.mm,,2020-01-20T11:08:46Z,2020,1,20,11.14611111111111,17.572207111111112,,319,0,FALSE,FALSE,FALSE,FALSE,,,,,FALSE,62,21.4626,96.3864,1.08,0b1001101011000000,62,21.4619,96.3751,1.08,0b1001111011000000,21.46349,96.39144,1.08,1.08,FALSE,none,,,paired,kept_unique_additional,0,1,additional_ecostress__319,TRUE,Myo Gyi,myogyi
466,Myo Gyi,2020-01-21T20:10:39Z,9189,additional_ecostress,320,ECOSTRESS,paired,TRUE,TRUE,TRUE,18.49,11.99,-6.5,,,,,,,,,,,,,,,,,,,,,,,,,,,,,,,,,Myanmar,78.6,6003.42,9.7,274,Zawgyi River,01/01/2013,144.6797485,21.46349,96.39144,,,,,procurement.dhpi@moep.gov.mm,,2020-01-21T20:10:39Z,2020,1,21,20.1775,2.603596000000003,,320,0,FALSE,FALSE,FALSE,FALSE,,,,,FALSE,62,21.4626,96.3864,1.04,0b1001111011000000,62,21.4619,96.3751,1.04,0b1001111011000000,21.46349,96.39144,1.04,1.04,FALSE,none,,,paired,kept_unique_additional,0,1,additional_ecostress__320,TRUE,Myo Gyi,myogyi
467,Myo Gyi,2020-02-01T06:26:50Z,9190,additional_ecostress,321,ECOSTRESS,paired,TRUE,TRUE,TRUE,25.37,33.79,8.419999999999998,,,,,,,,,,,,,,,,,,,,,,,,,,,,,,,,,Myanmar,78.6,6003.42,9.7,274,Zawgyi River,01/01/2013,144.6797485,21.46349,96.39144,,,,,procurement.dhpi@moep.gov.mm,,2020-02-01T06:26:50Z,2020,2,32,6.447222222222223,12.873318222222224,,321,0,FALSE,FALSE,FALSE,FALSE,,,,,FALSE,62,21.4626,96.3864,1.16,0b1001111011000000,62,21.4619,96.3751,1.16,0b1001101011000000,21.46349,96.39144,1.16,1.16,FALSE,none,,,paired,kept_unique_additional,0,1,additional_ecostress__321,TRUE,Myo Gyi,myogyi
468,Myo Gyi,2020-02-13T01:46:17Z,9191,additional_ecostress,322,ECOSTRESS,paired,TRUE,TRUE,TRUE,19.61,17.39,-2.22,,,,,,,,,,,,,,,,,,,,,,,,,,,,,,,,,Myanmar,78.6,6003.42,9.7,274,Zawgyi River,01/01/2013,144.6797485,21.46349,96.39144,,,,,procurement.dhpi@moep.gov.mm,,2020-02-13T01:46:17Z,2020,2,44,1.771388888888889,8.197484888888889,,322,0,FALSE,FALSE,FALSE,FALSE,,,,,FALSE,62,21.4626,96.3864,0.88,0b1110111011000000,62,21.4619,96.3751,0.88,0b1110111011000000,21.46349,96.39144,0.88,0.88,FALSE,none,,,paired,kept_unique_additional,0,1,additional_ecostress__322,TRUE,Myo Gyi,myogyi
469,Myo Gyi,2020-02-24T21:05:22Z,9192,additional_ecostress,323,ECOSTRESS,paired,TRUE,TRUE,TRUE,18.11,14.19,-3.92,,,,,,,,,,,,,,,,,,,,,,,,,,,,,,,,,Myanmar,78.6,6003.42,9.7,274,Zawgyi River,01/01/2013,144.6797485,21.46349,96.39144,,,,,procurement.dhpi@moep.gov.mm,,2020-02-24T21:05:22Z,2020,2,55,21.08944444444444,3.515540444444444,,323,0,FALSE,FALSE,FALSE,FALSE,,,,,FALSE,62,21.4626,96.3864,1.2,0b1001111011000000,62,21.4619,96.3751,1.2,0b1001111011000000,21.46349,96.39144,1.2,1.2,FALSE,none,,,paired,kept_unique_additional,0,1,additional_ecostress__323,TRUE,Myo Gyi,myogyi
470,Myo Gyi,2020-03-03T17:57:47Z,9193,additional_ecostress,324,ECOSTRESS,paired,TRUE,TRUE,TRUE,20.99,16.69,-4.3,,,,,,,,,,,,,,,,,,,,,,,,,,,,,,,,,Myanmar,78.6,6003.42,9.7,274,Zawgyi River,01/01/2013,144.6797485,21.46349,96.39144,,,,,procurement.dhpi@moep.gov.mm,,2020-03-03T17:57:47Z,2020,3,63,17.963055555555556,0.3891515555555571,,324,0,FALSE,FALSE,FALSE,FALSE,,,,,FALSE,62,21.4626,96.3864,1.16,0b1001111011000000,62,21.4619,96.3751,1.16,0b1001111011000000,21.46349,96.39144,1.16,1.16,FALSE,none,,,paired,kept_unique_additional,0,1,additional_ecostress__324,TRUE,Myo Gyi,myogyi
471,Myo Gyi,2020-03-19T11:42:21Z,9194,additional_ecostress,325,ECOSTRESS,paired,TRUE,TRUE,TRUE,26.99,24.61,-2.38,,,,,,,,,,,,,,,,,,,,,,,,,,,,,,,,,Myanmar,78.6,6003.42,9.7,274,Zawgyi River,01/01/2013,144.6797485,21.46349,96.39144,,,,,procurement.dhpi@moep.gov.mm,,2020-03-19T11:42:21Z,2020,3,79,11.705833333333333,18.13192933333333,,325,0,FALSE,FALSE,FALSE,FALSE,,,,,FALSE,62,21.4626,96.3864,1.12,0b1001101011000000,62,21.4619,96.3751,1.16,0b1001111011000000,21.46349,96.39144,1.12,1.16,FALSE,none,,,paired,kept_unique_additional,0,1,additional_ecostress__325,TRUE,Myo Gyi,myogyi
472,Myo Gyi,2020-12-11T02:16:18Z,9195,additional_ecostress,326,ECOSTRESS,paired,TRUE,TRUE,TRUE,22.37,20.71,-1.66,,,,,,,,,,,,,,,,,,,,,,,,,,,,,,,,,Myanmar,78.6,6003.42,9.7,274,Zawgyi River,01/01/2013,144.6797485,21.46349,96.39144,,,,,procurement.dhpi@moep.gov.mm,,2020-12-11T02:16:18Z,2020,12,346,2.2716666666666665,8.697762666666666,,326,0,FALSE,FALSE,FALSE,FALSE,,,,,FALSE,62,21.4626,96.3864,1.2,0b1001111011000000,62,21.4619,96.3751,1.2,0b1001111011000000,21.46349,96.39144,1.2,1.2,FALSE,none,,,paired,kept_unique_additional,0,1,additional_ecostress__326,TRUE,Myo Gyi,myogyi
473,Myo Gyi,2020-12-26T20:01:44Z,9196,additional_ecostress,327,ECOSTRESS,paired,TRUE,TRUE,TRUE,19.61,13.39,-6.22,,,,,,,,,,,,,,,,,,,,,,,,,,,,,,,,,Myanmar,78.6,6003.42,9.7,274,Zawgyi River,01/01/2013,144.6797485,21.46349,96.39144,,,,,procurement.dhpi@moep.gov.mm,,2020-12-26T20:01:44Z,2020,12,361,20.028888888888886,2.454984888888887,,327,0,FALSE,FALSE,FALSE,FALSE,,,,,FALSE,62,21.4626,96.3864,1.12,0b1001111011000000,62,21.4619,96.3751,1.12,0b1001111011000000,21.46349,96.39144,1.12,1.12,FALSE,none,,,paired,kept_unique_additional,0,1,additional_ecostress__327,TRUE,Myo Gyi,myogyi
474,Myo Gyi,2021-01-15T12:11:29Z,9197,additional_ecostress,328,ECOSTRESS,paired,TRUE,TRUE,TRUE,22.37,18.65,-3.72,,,,,,,,,,,,,,,,,,,,,,,,,,,,,,,,,Myanmar,78.6,6003.42,9.7,274,Zawgyi River,01/01/2013,144.6797485,21.46349,96.39144,,,,,procurement.dhpi@moep.gov.mm,,2021-01-15T12:11:29Z,2021,1,15,12.19138888888889,18.61748488888889,,328,0,FALSE,FALSE,FALSE,FALSE,,,,,FALSE,62,21.4626,96.3864,1.28,0b1001111011000000,62,21.4619,96.3751,1.28,0b1001111011000000,21.46349,96.39144,1.28,1.28,FALSE,none,,,paired,kept_unique_additional,0,1,additional_ecostress__328,TRUE,Myo Gyi,myogyi
475,Myo Gyi,2021-02-04T04:25:59Z,9198,additional_ecostress,329,ECOSTRESS,lake_only,TRUE,FALSE,FALSE,24.81,,,,,,,,,,,,,,,,,,,,,,,,,,,,,,,,,,,Myanmar,78.6,6003.42,9.7,274,Zawgyi River,01/01/2013,144.6797485,21.46349,96.39144,,,,,procurement.dhpi@moep.gov.mm,,2021-02-04T04:25:59Z,2021,2,35,4.433055555555556,10.859151555555556,,329,0,FALSE,FALSE,FALSE,FALSE,,,,,FALSE,62,21.4626,96.3864,0.92,0b1110111011000000,,,,,,21.46349,96.39144,0.92,,FALSE,none,,,lake_only,kept_unique_additional,0,1,additional_ecostress__329,TRUE,Myo Gyi,myogyi
476,Myo Gyi,2021-02-27T19:08:48Z,9199,additional_ecostress,330,ECOSTRESS,paired,TRUE,TRUE,TRUE,20.77,16.65,-4.12,,,,,,,,,,,,,,,,,,,,,,,,,,,,,,,,,Myanmar,78.6,6003.42,9.7,274,Zawgyi River,01/01/2013,144.6797485,21.46349,96.39144,,,,,procurement.dhpi@moep.gov.mm,,2021-02-27T19:08:48Z,2021,2,58,19.146666666666665,1.572762666666666,,330,0,FALSE,FALSE,FALSE,FALSE,,,,,FALSE,62,21.4626,96.3864,1.16,0b1001111011000000,62,21.4619,96.3751,1.16,0b1001111011000000,21.46349,96.39144,1.16,1.16,FALSE,none,,,paired,kept_unique_additional,0,1,additional_ecostress__330,TRUE,Myo Gyi,myogyi
477,Myo Gyi,2021-03-05T02:38:52Z,9200,additional_ecostress,331,ECOSTRESS,paired,TRUE,TRUE,TRUE,24.41,29.17,4.760000000000002,,,,,,,,,,,,,,,,,,,,,,,,,,,,,,,,,Myanmar,78.6,6003.42,9.7,274,Zawgyi River,01/01/2013,144.6797485,21.46349,96.39144,,,,,procurement.dhpi@moep.gov.mm,,2021-03-05T02:38:52Z,2021,3,64,2.647777777777778,9.073873777777775,,331,0,FALSE,FALSE,FALSE,FALSE,,,,,FALSE,62,21.4626,96.3864,1,0b1110111011000000,62,21.4619,96.3751,1,0b1110111011000000,21.46349,96.39144,1,1,FALSE,none,,,paired,kept_unique_additional,0,1,additional_ecostress__331,TRUE,Myo Gyi,myogyi
478,Myo Gyi,2021-03-07T16:02:40Z,9201,additional_ecostress,332,ECOSTRESS,paired,TRUE,TRUE,TRUE,22.17,17.57,-4.6,,,,,,,,,,,,,,,,,,,,,,,,,,,,,,,,,Myanmar,78.6,6003.42,9.7,274,Zawgyi River,01/01/2013,144.6797485,21.46349,96.39144,,,,,procurement.dhpi@moep.gov.mm,,2021-03-07T16:02:40Z,2021,3,66,16.044444444444448,22.47054044444445,,332,0,FALSE,FALSE,FALSE,FALSE,,,,,FALSE,62,21.4626,96.3864,1.16,0b1001101011000000,62,21.4619,96.3751,1.16,0b1001111011000000,21.46349,96.39144,1.16,1.16,FALSE,none,,,paired,kept_unique_additional,0,1,additional_ecostress__332,TRUE,Myo Gyi,myogyi
479,Myo Gyi,2021-03-11T14:30:20Z,9202,additional_ecostress,333,ECOSTRESS,lake_only,TRUE,FALSE,FALSE,23.95,,,,,,,,,,,,,,,,,,,,,,,,,,,,,,,,,,,Myanmar,78.6,6003.42,9.7,274,Zawgyi River,01/01/2013,144.6797485,21.46349,96.39144,,,,,procurement.dhpi@moep.gov.mm,,2021-03-11T14:30:20Z,2021,3,70,14.505555555555556,20.93165155555556,,333,0,FALSE,FALSE,FALSE,FALSE,,,,,FALSE,62,21.4626,96.3864,1.28,0b1001101011000000,,,,,,21.46349,96.39144,1.28,,FALSE,none,,,lake_only,kept_unique_additional,0,1,additional_ecostress__333,TRUE,Myo Gyi,myogyi
480,Myo Gyi,2021-12-15T00:26:46Z,9203,additional_ecostress,334,ECOSTRESS,paired,TRUE,TRUE,TRUE,20.65,15.11,-5.54,,,,,,,,,,,,,,,,,,,,,,,,,,,,,,,,,Myanmar,78.6,6003.42,9.7,274,Zawgyi River,01/01/2013,144.6797485,21.46349,96.39144,,,,,procurement.dhpi@moep.gov.mm,,2021-12-15T00:26:46Z,2021,12,349,0.4461111111111111,6.872207111111111,,334,0,FALSE,FALSE,FALSE,FALSE,,,,,FALSE,62,21.4626,96.3864,1.2,0b1001111011000000,62,21.4619,96.3751,1.2,0b1001101011000000,21.46349,96.39144,1.2,1.2,FALSE,none,,,paired,kept_unique_additional,0,1,additional_ecostress__334,TRUE,Myo Gyi,myogyi
481,Myo Gyi,2022-01-05T01:35:53Z,9204,additional_ecostress,335,ECOSTRESS,paired,TRUE,TRUE,TRUE,21.13,17.09,-4.04,,,,,,,,,,,,,,,,,,,,,,,,,,,,,,,,,Myanmar,78.6,6003.42,9.7,274,Zawgyi River,01/01/2013,144.6797485,21.46349,96.39144,,,,,procurement.dhpi@moep.gov.mm,,2022-01-05T01:35:53Z,2022,1,5,1.5980555555555558,8.024151555555555,,335,0,FALSE,FALSE,FALSE,FALSE,,,,,FALSE,62,21.4626,96.3864,1.16,0b1001111011000000,62,21.4619,96.3751,1.16,0b1001111011000000,21.46349,96.39144,1.16,1.16,FALSE,none,,,paired,kept_unique_additional,0,1,additional_ecostress__335,TRUE,Myo Gyi,myogyi
482,Myo Gyi,2022-01-22T09:23:45Z,9205,additional_ecostress,336,ECOSTRESS,paired,TRUE,TRUE,TRUE,27.41,28.09,0.6799999999999997,,,,,,,,,,,,,,,,,,,,,,,,,,,,,,,,,Myanmar,78.6,6003.42,9.7,274,Zawgyi River,01/01/2013,144.6797485,21.46349,96.39144,,,,,procurement.dhpi@moep.gov.mm,,2022-01-22T09:23:45Z,2022,1,22,9.395833333333332,15.821929333333332,,336,0,FALSE,FALSE,FALSE,FALSE,,,,,FALSE,62,21.4626,96.3864,1.28,0b1001101011000000,62,21.4619,96.3751,1.28,0b1001111011000000,21.46349,96.39144,1.28,1.28,FALSE,none,,,paired,kept_unique_additional,0,1,additional_ecostress__336,TRUE,Myo Gyi,myogyi
483,Myo Gyi,2022-02-07T03:01:05Z,9206,additional_ecostress,337,ECOSTRESS,paired,TRUE,TRUE,TRUE,21.51,24.73,3.219999999999999,,,,,,,,,,,,,,,,,,,,,,,,,,,,,,,,,Myanmar,78.6,6003.42,9.7,274,Zawgyi River,01/01/2013,144.6797485,21.46349,96.39144,,,,,procurement.dhpi@moep.gov.mm,,2022-02-07T03:01:05Z,2022,2,38,3.018055555555556,9.444151555555557,,337,0,FALSE,FALSE,FALSE,FALSE,,,,,FALSE,62,21.4626,96.3864,1.12,0b1001111011000000,62,21.4619,96.3751,1.12,0b1001111011000000,21.46349,96.39144,1.12,1.12,FALSE,none,,,paired,kept_unique_additional,0,1,additional_ecostress__337,TRUE,Myo Gyi,myogyi
484,Myo Gyi,2022-02-14T23:49:37Z,9207,additional_ecostress,338,ECOSTRESS,outlet_only,FALSE,TRUE,FALSE,,10.79,,,,,,,,,,,,,,,,,,,,,,,,,,,,,,,,,,Myanmar,78.6,6003.42,9.7,274,Zawgyi River,01/01/2013,144.6797485,21.46349,96.39144,,,,,procurement.dhpi@moep.gov.mm,,2022-02-14T23:49:37Z,2022,2,45,23.826944444444443,6.253040444444444,,338,0,FALSE,FALSE,FALSE,FALSE,,,,,FALSE,,,,,,62,21.4619,96.3751,0.8,0b1111111011000000,21.46349,96.39144,,0.8,FALSE,none,,,outlet_only,kept_unique_additional,0,1,additional_ecostress__338,TRUE,Myo Gyi,myogyi
485,Myo Gyi,2022-02-18T22:13:14Z,9208,additional_ecostress,339,ECOSTRESS,paired,TRUE,TRUE,TRUE,14.89,17.05,2.16,,,,,,,,,,,,,,,,,,,,,,,,,,,,,,,,,Myanmar,78.6,6003.42,9.7,274,Zawgyi River,01/01/2013,144.6797485,21.46349,96.39144,,,,,procurement.dhpi@moep.gov.mm,,2022-02-18T22:13:14Z,2022,2,49,22.220555555555556,4.646651555555554,,339,0,FALSE,FALSE,FALSE,FALSE,,,,,FALSE,62,21.4626,96.3864,1.32,0b1001111011000000,62,21.4619,96.3751,1.32,0b1001111011000000,21.46349,96.39144,1.32,1.32,FALSE,none,,,paired,kept_unique_additional,0,1,additional_ecostress__339,TRUE,Myo Gyi,myogyi
486,Myo Gyi,2022-03-17T11:54:02Z,9209,additional_ecostress,340,ECOSTRESS,paired,TRUE,TRUE,TRUE,28.79,26.15,-2.64,,,,,,,,,,,,,,,,,,,,,,,,,,,,,,,,,Myanmar,78.6,6003.42,9.7,274,Zawgyi River,01/01/2013,144.6797485,21.46349,96.39144,,,,,procurement.dhpi@moep.gov.mm,,2022-03-17T11:54:02Z,2022,3,76,11.900555555555556,18.32665155555556,,340,0,FALSE,FALSE,FALSE,FALSE,,,,,FALSE,62,21.4626,96.3864,1.24,0b1001101011000000,62,21.4619,96.3751,1.28,0b1001111011000000,21.46349,96.39144,1.24,1.28,FALSE,none,,,paired,kept_unique_additional,0,1,additional_ecostress__340,TRUE,Myo Gyi,myogyi
487,Myo Gyi,2023-01-03T01:59:53Z,9210,additional_ecostress,341,ECOSTRESS,paired,TRUE,TRUE,TRUE,22.43,18.95,-3.48,,,,,,,,,,,,,,,,,,,,,,,,,,,,,,,,,Myanmar,78.6,6003.42,9.7,274,Zawgyi River,01/01/2013,144.6797485,21.46349,96.39144,,,,,procurement.dhpi@moep.gov.mm,,2023-01-03T01:59:53Z,2023,1,3,1.998055555555556,8.424151555555556,,341,0,FALSE,FALSE,FALSE,FALSE,,,,,FALSE,62,21.4626,96.3864,1.28,0b1001111011000000,62,21.4619,96.3751,1.28,0b1001101011000000,21.46349,96.39144,1.28,1.28,FALSE,none,,,paired,kept_unique_additional,0,1,additional_ecostress__341,TRUE,Myo Gyi,myogyi
488,Myo Gyi,2023-01-13T12:08:09Z,9211,additional_ecostress,342,ECOSTRESS,paired,TRUE,TRUE,TRUE,22.71,20.29,-2.42,,,,,,,,,,,,,,,,,,,,,,,,,,,,,,,,,Myanmar,78.6,6003.42,9.7,274,Zawgyi River,01/01/2013,144.6797485,21.46349,96.39144,,,,,procurement.dhpi@moep.gov.mm,,2023-01-13T12:08:09Z,2023,1,13,12.135833333333332,18.56192933333333,,342,0,FALSE,FALSE,FALSE,FALSE,,,,,FALSE,62,21.4626,96.3864,1,0b1110111011000000,62,21.4619,96.3751,1,0b1110111011000000,21.46349,96.39144,1,1,FALSE,none,,,paired,kept_unique_additional,0,1,additional_ecostress__342,TRUE,Myo Gyi,myogyi
489,Myo Gyi,2023-01-14T21:09:07Z,9212,additional_ecostress,343,ECOSTRESS,paired,TRUE,TRUE,TRUE,18.97,11.09,-7.88,,,,,,,,,,,,,,,,,,,,,,,,,,,,,,,,,Myanmar,78.6,6003.42,9.7,274,Zawgyi River,01/01/2013,144.6797485,21.46349,96.39144,,,,,procurement.dhpi@moep.gov.mm,,2023-01-14T21:09:07Z,2023,1,14,21.15194444444444,3.578040444444444,,343,0,FALSE,FALSE,FALSE,FALSE,,,,,FALSE,62,21.4626,96.3864,1.12,0b1010111011000000,62,21.4619,96.3751,1.16,0b1010111011000000,21.46349,96.39144,1.12,1.16,FALSE,none,,,paired,kept_unique_additional,0,1,additional_ecostress__343,TRUE,Myo Gyi,myogyi
490,Myo Gyi,2023-01-17T10:30:11Z,9213,additional_ecostress,344,ECOSTRESS,paired,TRUE,TRUE,TRUE,23.13,23.51,0.3800000000000025,,,,,,,,,,,,,,,,,,,,,,,,,,,,,,,,,Myanmar,78.6,6003.42,9.7,274,Zawgyi River,01/01/2013,144.6797485,21.46349,96.39144,,,,,procurement.dhpi@moep.gov.mm,,2023-01-17T10:30:11Z,2023,1,17,10.503055555555555,16.929151555555556,,344,0,FALSE,FALSE,FALSE,FALSE,,,,,FALSE,62,21.4626,96.3864,1.28,0b1001111011000000,62,21.4619,96.3751,1.28,0b1001111011000000,21.46349,96.39144,1.28,1.28,FALSE,none,,,paired,kept_unique_additional,0,1,additional_ecostress__344,TRUE,Myo Gyi,myogyi
491,Myo Gyi,2023-01-24T08:04:50Z,9214,additional_ecostress,345,ECOSTRESS,paired,TRUE,TRUE,TRUE,28.23,32.23,3.999999999999997,,,,,,,,,,,,,,,,,,,,,,,,,,,,,,,,,Myanmar,78.6,6003.42,9.7,274,Zawgyi River,01/01/2013,144.6797485,21.46349,96.39144,,,,,procurement.dhpi@moep.gov.mm,,2023-01-24T08:04:50Z,2023,1,24,8.080555555555556,14.506651555555557,,345,0,FALSE,FALSE,FALSE,FALSE,,,,,FALSE,62,21.4626,96.3864,1.2,0b1001101011000000,62,21.4619,96.3751,1.2,0b1001111011000000,21.46349,96.39144,1.2,1.2,FALSE,none,,,paired,kept_unique_additional,0,1,additional_ecostress__345,TRUE,Myo Gyi,myogyi
492,Myo Gyi,2023-02-09T01:37:28Z,9215,additional_ecostress,346,ECOSTRESS,outlet_only,FALSE,TRUE,FALSE,,16.31,,,,,,,,,,,,,,,,,,,,,,,,,,,,,,,,,,Myanmar,78.6,6003.42,9.7,274,Zawgyi River,01/01/2013,144.6797485,21.46349,96.39144,,,,,procurement.dhpi@moep.gov.mm,,2023-02-09T01:37:28Z,2023,2,40,1.6244444444444446,8.050540444444445,,346,0,FALSE,FALSE,FALSE,FALSE,,,,,FALSE,,,,,,62,21.4619,96.3751,1.04,0b1010111011000000,21.46349,96.39144,,1.04,FALSE,none,,,outlet_only,kept_unique_additional,0,1,additional_ecostress__346,TRUE,Myo Gyi,myogyi
493,Myo Gyi,2023-02-23T20:01:11Z,9216,additional_ecostress,347,ECOSTRESS,paired,TRUE,TRUE,TRUE,20.37,15.61,-4.76,,,,,,,,,,,,,,,,,,,,,,,,,,,,,,,,,Myanmar,78.6,6003.42,9.7,274,Zawgyi River,01/01/2013,144.6797485,21.46349,96.39144,,,,,procurement.dhpi@moep.gov.mm,,2023-02-23T20:01:11Z,2023,2,54,20.01972222222222,2.445818222222222,,347,0,FALSE,FALSE,FALSE,FALSE,,,,,FALSE,62,21.4626,96.3864,1.24,0b1001111011000000,62,21.4619,96.3751,1.24,0b1001111011000000,21.46349,96.39144,1.24,1.24,FALSE,none,,,paired,kept_unique_additional,0,1,additional_ecostress__347,TRUE,Myo Gyi,myogyi
494,Myo Gyi,2023-03-05T01:53:49Z,9217,additional_ecostress,348,ECOSTRESS,paired,TRUE,TRUE,TRUE,22.73,22.87,0.1400000000000005,,,,,,,,,,,,,,,,,,,,,,,,,,,,,,,,,Myanmar,78.6,6003.42,9.7,274,Zawgyi River,01/01/2013,144.6797485,21.46349,96.39144,,,,,procurement.dhpi@moep.gov.mm,,2023-03-05T01:53:49Z,2023,3,64,1.8969444444444443,8.323040444444445,,348,0,FALSE,FALSE,FALSE,FALSE,,,,,FALSE,62,21.4626,96.3864,1.2,0b1001111011000000,62,21.4619,96.3751,1.2,0b1001111011000000,21.46349,96.39144,1.2,1.2,FALSE,none,,,paired,kept_unique_additional,0,1,additional_ecostress__348,TRUE,Myo Gyi,myogyi
495,Myo Gyi,2019-12-09T03:56:17Z,294,main_s2mask,294,ECOSTRESS,lake_only,TRUE,FALSE,FALSE,24.33126831,,,32,,25.490020751953125,,24.230010986328125,,23.67001342773437,,0.404712617,,70,,70,,,,,,/scratch/mr3882/SEA_dam/LST_processed/sentinel2_water_masks/MyoGyi/ECOSTRESS/MyoGyi_ECOv002_L2T_LSTE_08083_002_46QHJ_20191209T035617_0712_01_LST_LST_s2_footprint_water_mask.tif,,,,,,851150,,850100,,2377880,,2376830,,,,,,,,,144.6797485,21.46349,96.39144,,,,,,,2019-12-09T03:56:17Z,2019,12,343,3.938055555555555,3.938055555555555,294,,,FALSE,FALSE,FALSE,FALSE,,,,,FALSE,,,,,,,,,,,21.46349,96.39144,,,FALSE,none,,,lake_only,kept_unique_main,1,0,,,MyoGyi,myogyi
496,Myo Gyi,2019-12-13T02:19:00Z,295,main_s2mask,295,ECOSTRESS,lake_only,TRUE,FALSE,FALSE,21.97003174,,,15,,22.589996337890625,,21.990020751953125,,21.42999267578125,,0.319016993,,70,,70,,,,,,/scratch/mr3882/SEA_dam/LST_processed/sentinel2_water_masks/MyoGyi/ECOSTRESS/MyoGyi_ECOv002_L2T_LSTE_08144_002_47QKD_20191213T021900_0712_01_LST_LST_s2_footprint_water_mask.tif,,,,,,229310,,228260,,2376340,,2375290,,,,,,,,,144.6797485,21.46349,96.39144,,,,,,,2019-12-13T02:19:00Z,2019,12,347,2.3166666666666664,2.3166666666666664,295,,,FALSE,FALSE,FALSE,FALSE,,,,,FALSE,,,,,,,,,,,21.46349,96.39144,,,FALSE,none,,,lake_only,kept_unique_main,1,0,,,MyoGyi,myogyi
497,Myo Gyi,2019-12-17T00:41:33Z,296,main_s2mask,296,ECOSTRESS,lake_only,TRUE,FALSE,FALSE,19.91427612,,,33,,20.86999512,,20.110015869140625,,17.75,,0.772410214,,70,,70,,,,,,/scratch/mr3882/SEA_dam/LST_processed/sentinel2_water_masks/MyoGyi/ECOSTRESS/MyoGyi_ECOv002_L2T_LSTE_08205_002_46QHJ_20191217T004133_0712_01_LST_LST_s2_footprint_water_mask.tif,,,,,,851150,,850100,,2377880,,2376830,,,,,,,,,144.6797485,21.46349,96.39144,,,,,,,2019-12-17T00:41:33Z,2019,12,351,0.6925,0.6925,296,,,FALSE,FALSE,FALSE,FALSE,,,,,FALSE,,,,,,,,,,,21.46349,96.39144,,,FALSE,none,,,lake_only,kept_unique_main,1,0,,,MyoGyi,myogyi
498,Myo Gyi,2019-12-20T23:04:23Z,297,main_s2mask,297,ECOSTRESS,lake_only,TRUE,FALSE,FALSE,15.99667358,,,3,,16.350006103515625,,15.89001465,,15.75,,0.313901156,,70,,70,,,,,,/scratch/mr3882/SEA_dam/LST_processed/sentinel2_water_masks/MyoGyi/ECOSTRESS/MyoGyi_ECOv002_L2T_LSTE_08266_002_46QHJ_20191220T230423_0712_01_LST_LST_s2_footprint_water_mask.tif,,,,,,851150,,850100,,2377880,,2376830,,,,,,,,,144.6797485,21.46349,96.39144,,,,,,,2019-12-20T23:04:23Z,2019,12,354,23.073055555555555,23.073055555555555,297,,,FALSE,FALSE,FALSE,FALSE,,,,,FALSE,,,,,,,,,,,21.46349,96.39144,,,FALSE,none,,,lake_only,kept_unique_main,1,0,,,MyoGyi,myogyi
499,Myo Gyi,2020-01-12T14:19:08Z,298,main_s2mask,298,ECOSTRESS,lake_only,TRUE,FALSE,FALSE,20.26141357,,,35,,21.110015869140625,,20.30999755859375,,19.07000732421875,,0.493185341,,70,,70,,,,,,/scratch/mr3882/SEA_dam/LST_processed/sentinel2_water_masks/MyoGyi/ECOSTRESS/MyoGyi_ECOv002_L2T_LSTE_08617_002_47QKD_20200112T141908_0712_01_LST_LST_s2_footprint_water_mask.tif,,,,,,229310,,228260,,2376340,,2375290,,,,,,,,,144.6797485,21.46349,96.39144,,,,,,,2020-01-12T14:19:08Z,2020,1,12,14.318888888888887,14.318888888888887,298,,,FALSE,FALSE,FALSE,FALSE,,,,,FALSE,,,,,,,,,,,21.46349,96.39144,,,FALSE,none,,,lake_only,kept_unique_main,1,0,,,MyoGyi,myogyi
500,Myo Gyi,2020-01-20T11:08:47Z,299,main_s2mask,299,ECOSTRESS,lake_only,TRUE,FALSE,FALSE,24.0953064,,,34,,25.77001953,,24.029998779296875,,23.110015869140625,,0.683399439,,70,,70,,,,,,/scratch/mr3882/SEA_dam/LST_processed/sentinel2_water_masks/MyoGyi/ECOSTRESS/MyoGyi_ECOv002_L2T_LSTE_08739_002_47QKD_20200120T110847_0712_01_LST_LST_s2_footprint_water_mask.tif,,,,,,229310,,228260,,2376340,,2375290,,,,,,,,,144.6797485,21.46349,96.39144,,,,,,,2020-01-20T11:08:47Z,2020,1,20,11.146388888888888,11.146388888888888,299,,,FALSE,FALSE,FALSE,FALSE,,,,,FALSE,,,,,,,,,,,21.46349,96.39144,,,FALSE,none,,,lake_only,kept_unique_main,1,0,,,MyoGyi,myogyi
501,Myo Gyi,2020-01-21T20:10:39Z,300,main_s2mask,300,ECOSTRESS,lake_only,TRUE,FALSE,FALSE,19.32543945,,,35,,20.83001708984375,,19.25,,17.25,,1.013708234,,70,,70,,,,,,/scratch/mr3882/SEA_dam/LST_processed/sentinel2_water_masks/MyoGyi/ECOSTRESS/MyoGyi_ECOv002_L2T_LSTE_08760_009_46QHJ_20200121T201039_0712_01_LST_LST_s2_footprint_water_mask.tif,,,,,,851150,,850100,,2377880,,2376830,,,,,,,,,144.6797485,21.46349,96.39144,,,,,,,2020-01-21T20:10:39Z,2020,1,21,20.1775,20.1775,300,,,FALSE,FALSE,FALSE,FALSE,,,,,FALSE,,,,,,,,,,,21.46349,96.39144,,,FALSE,none,,,lake_only,kept_unique_main,1,0,,,MyoGyi,myogyi
502,Myo Gyi,2020-02-01T06:26:50Z,301,main_s2mask,301,ECOSTRESS,lake_only,TRUE,FALSE,FALSE,29.58203125,,,5,,30.730010986328125,,29.27001953,,29.13000488,,0.668969035,,70,,70,,,,,,/scratch/mr3882/SEA_dam/LST_processed/sentinel2_water_masks/MyoGyi/ECOSTRESS/MyoGyi_ECOv002_L2T_LSTE_08922_002_46QHJ_20200201T062650_0712_01_LST_LST_s2_footprint_water_mask.tif,,,,,,851150,,850100,,2377880,,2376830,,,,,,,,,144.6797485,21.46349,96.39144,,,,,,,2020-02-01T06:26:50Z,2020,2,32,6.447222222222223,6.447222222222223,301,,,FALSE,FALSE,FALSE,FALSE,,,,,FALSE,,,,,,,,,,,21.46349,96.39144,,,FALSE,none,,,lake_only,kept_unique_main,1,0,,,MyoGyi,myogyi
503,Myo Gyi,2020-02-13T01:46:17Z,302,main_s2mask,302,ECOSTRESS,lake_only,TRUE,FALSE,FALSE,19.97515869,,,35,,21.41000366210937,,19.80999755859375,,19.13000488,,0.546590865,,70,,70,,,,,,/scratch/mr3882/SEA_dam/LST_processed/sentinel2_water_masks/MyoGyi/ECOSTRESS/MyoGyi_ECOv002_L2T_LSTE_09105_002_47QKD_20200213T014617_0712_01_LST_LST_s2_footprint_water_mask.tif,,,,,,229310,,228260,,2376340,,2375290,,,,,,,,,144.6797485,21.46349,96.39144,,,,,,,2020-02-13T01:46:17Z,2020,2,44,1.771388888888889,1.771388888888889,302,,,FALSE,FALSE,FALSE,FALSE,,,,,FALSE,,,,,,,,,,,21.46349,96.39144,,,FALSE,none,,,lake_only,kept_unique_main,1,0,,,MyoGyi,myogyi
504,Myo Gyi,2020-02-24T21:05:23Z,303,main_s2mask,303,ECOSTRESS,lake_only,TRUE,FALSE,FALSE,18.79650879,,,34,,19.75,,18.76000977,,18.13000488,,0.40222761,,70,,70,,,,,,/scratch/mr3882/SEA_dam/LST_processed/sentinel2_water_masks/MyoGyi/ECOSTRESS/MyoGyi_ECOv002_L2T_LSTE_09288_002_47QKD_20200224T210523_0712_01_LST_LST_s2_footprint_water_mask.tif,,,,,,229310,,228260,,2376340,,2375290,,,,,,,,,144.6797485,21.46349,96.39144,,,,,,,2020-02-24T21:05:23Z,2020,2,55,21.08972222222222,21.08972222222222,303,,,FALSE,FALSE,FALSE,FALSE,,,,,FALSE,,,,,,,,,,,21.46349,96.39144,,,FALSE,none,,,lake_only,kept_unique_main,1,0,,,MyoGyi,myogyi
505,Myo Gyi,2020-03-03T17:57:48Z,304,main_s2mask,304,ECOSTRESS,lake_only,TRUE,FALSE,FALSE,21.9871521,,,7,,22.110015869140625,,21.95001220703125,,21.91000366210937,,0.088270016,,70,,70,,,,,,/scratch/mr3882/SEA_dam/LST_processed/sentinel2_water_masks/MyoGyi/ECOSTRESS/MyoGyi_ECOv002_L2T_LSTE_09410_002_46QHJ_20200303T175748_0712_01_LST_LST_s2_footprint_water_mask.tif,,,,,,851150,,850100,,2377880,,2376830,,,,,,,,,144.6797485,21.46349,96.39144,,,,,,,2020-03-03T17:57:48Z,2020,3,63,17.96333333333333,17.96333333333333,304,,,FALSE,FALSE,FALSE,FALSE,,,,,FALSE,,,,,,,,,,,21.46349,96.39144,,,FALSE,none,,,lake_only,kept_unique_main,1,0,,,MyoGyi,myogyi
506,Myo Gyi,2020-03-19T11:42:21Z,305,main_s2mask,305,ECOSTRESS,lake_only,TRUE,FALSE,FALSE,30.11999512,,,8,,30.709991455078125,,30.13000488,,29.51000977,,0.466593295,,70,,70,,,,,,/scratch/mr3882/SEA_dam/LST_processed/sentinel2_water_masks/MyoGyi/ECOSTRESS/MyoGyi_ECOv002_L2T_LSTE_09654_002_46QHJ_20200319T114221_0712_01_LST_LST_s2_footprint_water_mask.tif,,,,,,851150,,850100,,2377880,,2376830,,,,,,,,,144.6797485,21.46349,96.39144,,,,,,,2020-03-19T11:42:21Z,2020,3,79,11.705833333333333,11.705833333333333,305,,,FALSE,FALSE,FALSE,FALSE,,,,,FALSE,,,,,,,,,,,21.46349,96.39144,,,FALSE,none,,,lake_only,kept_unique_main,1,0,,,MyoGyi,myogyi
507,Myo Gyi,2020-12-11T02:16:19Z,306,main_s2mask,306,ECOSTRESS,lake_only,TRUE,FALSE,FALSE,22.90908813,,,22,,23.529998779296875,,22.860015869140625,,22.36999512,,0.353135794,,70,,70,,,,,,/scratch/mr3882/SEA_dam/LST_processed/sentinel2_water_masks/MyoGyi/ECOSTRESS/MyoGyi_ECOv002_L2T_LSTE_13787_002_46QHJ_20201211T021619_0712_01_LST_LST_s2_footprint_water_mask.tif,,,,,,851150,,850100,,2377880,,2376830,,,,,,,,,144.6797485,21.46349,96.39144,,,,,,,2020-12-11T02:16:19Z,2020,12,346,2.2719444444444443,2.2719444444444443,306,,,FALSE,FALSE,FALSE,FALSE,,,,,FALSE,,,,,,,,,,,21.46349,96.39144,,,FALSE,none,,,lake_only,kept_unique_main,1,0,,,MyoGyi,myogyi
508,Myo Gyi,2020-12-26T20:01:44Z,307,main_s2mask,307,ECOSTRESS,lake_only,TRUE,FALSE,FALSE,19.76306152,,,26,,20.69000244140625,,19.89999389648437,,17.36999512,,0.754527986,,70,,70,,,,,,/scratch/mr3882/SEA_dam/LST_processed/sentinel2_water_masks/MyoGyi/ECOSTRESS/MyoGyi_ECOv002_L2T_LSTE_14031_003_47QKD_20201226T200144_0712_01_LST_LST_s2_footprint_water_mask.tif,,,,,,229310,,228260,,2376340,,2375290,,,,,,,,,144.6797485,21.46349,96.39144,,,,,,,2020-12-26T20:01:44Z,2020,12,361,20.028888888888886,20.028888888888886,307,,,FALSE,FALSE,FALSE,FALSE,,,,,FALSE,,,,,,,,,,,21.46349,96.39144,,,FALSE,none,,,lake_only,kept_unique_main,1,0,,,MyoGyi,myogyi
509,Myo Gyi,2021-01-15T12:11:29Z,308,main_s2mask,308,ECOSTRESS,lake_only,TRUE,FALSE,FALSE,22.93417358,,,24,,23.36999512,,22.89001465,,22.350006103515625,,0.258623183,,70,,70,,,,,,/scratch/mr3882/SEA_dam/LST_processed/sentinel2_water_masks/MyoGyi/ECOSTRESS/MyoGyi_ECOv002_L2T_LSTE_14336_003_47QKD_20210115T121129_0712_01_LST_LST_s2_footprint_water_mask.tif,,,,,,229310,,228260,,2376340,,2375290,,,,,,,,,144.6797485,21.46349,96.39144,,,,,,,2021-01-15T12:11:29Z,2021,1,15,12.19138888888889,12.19138888888889,308,,,FALSE,FALSE,FALSE,FALSE,,,,,FALSE,,,,,,,,,,,21.46349,96.39144,,,FALSE,none,,,lake_only,kept_unique_main,1,0,,,MyoGyi,myogyi
510,Myo Gyi,2021-02-04T04:26:00Z,309,main_s2mask,309,ECOSTRESS,lake_only,TRUE,FALSE,FALSE,25.58200073,,,5,,26.17001342773437,,25.42999267578125,,25.33001708984375,,0.349459231,,70,,70,,,,,,/scratch/mr3882/SEA_dam/LST_processed/sentinel2_water_masks/MyoGyi/ECOSTRESS/MyoGyi_ECOv002_L2T_LSTE_14641_001_47QKD_20210204T042600_0712_01_LST_LST_s2_footprint_water_mask.tif,,,,,,229310,,228260,,2376340,,2375290,,,,,,,,,144.6797485,21.46349,96.39144,,,,,,,2021-02-04T04:26:00Z,2021,2,35,4.433333333333334,4.433333333333334,309,,,FALSE,FALSE,FALSE,FALSE,,,,,FALSE,,,,,,,,,,,21.46349,96.39144,,,FALSE,none,,,lake_only,kept_unique_main,1,0,,,MyoGyi,myogyi
511,Myo Gyi,2021-02-27T19:08:49Z,310,main_s2mask,310,ECOSTRESS,lake_only,TRUE,FALSE,FALSE,21.59786987,,,23,,21.89001465,,21.589996337890625,,21.27001953,,0.143937141,,70,,70,,,,,,/scratch/mr3882/SEA_dam/LST_processed/sentinel2_water_masks/MyoGyi/ECOSTRESS/MyoGyi_ECOv002_L2T_LSTE_15007_002_47QKD_20210227T190849_0712_01_LST_LST_s2_footprint_water_mask.tif,,,,,,229310,,228260,,2376340,,2375290,,,,,,,,,144.6797485,21.46349,96.39144,,,,,,,2021-02-27T19:08:49Z,2021,2,58,19.146944444444443,19.146944444444443,310,,,FALSE,FALSE,FALSE,FALSE,,,,,FALSE,,,,,,,,,,,21.46349,96.39144,,,FALSE,none,,,lake_only,kept_unique_main,1,0,,,MyoGyi,myogyi
512,Myo Gyi,2021-02-27T19:09:41Z,311,main_s2mask,311,ECOSTRESS,lake_only,TRUE,FALSE,FALSE,20.80999756,,,1,,20.80999755859375,,20.80999755859375,,20.80999755859375,,,,70,,70,,,,,,/scratch/mr3882/SEA_dam/LST_processed/sentinel2_water_masks/MyoGyi/ECOSTRESS/MyoGyi_ECOv002_L2T_LSTE_15007_003_46QHJ_20210227T190941_0712_01_LST_LST_s2_footprint_water_mask.tif,,,,,,851150,,850100,,2377880,,2376830,,,,,,,,,144.6797485,21.46349,96.39144,,,,,,,2021-02-27T19:09:41Z,2021,2,58,19.161388888888887,19.161388888888887,311,,,FALSE,FALSE,FALSE,FALSE,,,,,FALSE,,,,,,,,,,,21.46349,96.39144,,,FALSE,none,,,lake_only,kept_unique_main,1,0,,,MyoGyi,myogyi
513,Myo Gyi,2021-03-05T02:38:52Z,312,main_s2mask,312,ECOSTRESS,lake_only,TRUE,FALSE,FALSE,25.42440796,,,25,,27.51000977,,25.290008544921875,,23.990020751953125,,1.005707383,,70,,70,,,,,,/scratch/mr3882/SEA_dam/LST_processed/sentinel2_water_masks/MyoGyi/ECOSTRESS/MyoGyi_ECOv002_L2T_LSTE_15089_006_46QHJ_20210305T023852_0712_01_LST_LST_s2_footprint_water_mask.tif,,,,,,851150,,850100,,2377880,,2376830,,,,,,,,,144.6797485,21.46349,96.39144,,,,,,,2021-03-05T02:38:52Z,2021,3,64,2.647777777777778,2.647777777777778,312,,,FALSE,FALSE,FALSE,FALSE,,,,,FALSE,,,,,,,,,,,21.46349,96.39144,,,FALSE,none,,,lake_only,kept_unique_main,1,0,,,MyoGyi,myogyi
514,Myo Gyi,2021-12-15T00:26:47Z,313,main_s2mask,313,ECOSTRESS,lake_only,TRUE,FALSE,FALSE,20.35717773,,,28,,21.51000977,,20.67001342773437,,17.95001220703125,,0.939078569,,70,,70,,,,,,/scratch/mr3882/SEA_dam/LST_processed/sentinel2_water_masks/MyoGyi/ECOSTRESS/MyoGyi_ECOv002_L2T_LSTE_19517_002_46QHJ_20211215T002647_0712_01_LST_LST_s2_footprint_water_mask.tif,,,,,,851150,,850100,,2377880,,2376830,,,,,,,,,144.6797485,21.46349,96.39144,,,,,,,2021-12-15T00:26:47Z,2021,12,349,0.4463888888888889,0.4463888888888889,313,,,FALSE,FALSE,FALSE,FALSE,,,,,FALSE,,,,,,,,,,,21.46349,96.39144,,,FALSE,none,,,lake_only,kept_unique_main,1,0,,,MyoGyi,myogyi
515,Myo Gyi,2022-01-05T01:35:54Z,314,main_s2mask,314,ECOSTRESS,lake_only,TRUE,FALSE,FALSE,20.95877075,,,32,,22.33001708984375,,21.110015869140625,,18.529998779296875,,0.879828095,,70,,70,,,,,,/scratch/mr3882/SEA_dam/LST_processed/sentinel2_water_masks/MyoGyi/ECOSTRESS/MyoGyi_ECOv002_L2T_LSTE_19843_020_47QKD_20220105T013554_0712_01_LST_LST_s2_footprint_water_mask.tif,,,,,,229310,,228260,,2376340,,2375290,,,,,,,,,144.6797485,21.46349,96.39144,,,,,,,2022-01-05T01:35:54Z,2022,1,5,1.5983333333333334,1.5983333333333334,314,,,FALSE,FALSE,FALSE,FALSE,,,,,FALSE,,,,,,,,,,,21.46349,96.39144,,,FALSE,none,,,lake_only,kept_unique_main,1,0,,,MyoGyi,myogyi
516,Myo Gyi,2022-01-22T09:23:45Z,315,main_s2mask,315,ECOSTRESS,lake_only,TRUE,FALSE,FALSE,27.01773071,,,31,,31.33001708984375,,26.75,,24.850006103515625,,1.620591879,,70,,70,,,,,,/scratch/mr3882/SEA_dam/LST_processed/sentinel2_water_masks/MyoGyi/ECOSTRESS/MyoGyi_ECOv002_L2T_LSTE_20112_004_46QHJ_20220122T092345_0712_01_LST_LST_s2_footprint_water_mask.tif,,,,,,851150,,850100,,2377880,,2376830,,,,,,,,,144.6797485,21.46349,96.39144,,,,,,,2022-01-22T09:23:45Z,2022,1,22,9.395833333333332,9.395833333333332,315,,,FALSE,FALSE,FALSE,FALSE,,,,,FALSE,,,,,,,,,,,21.46349,96.39144,,,FALSE,none,,,lake_only,kept_unique_main,1,0,,,MyoGyi,myogyi
517,Myo Gyi,2022-02-07T03:01:05Z,316,main_s2mask,316,ECOSTRESS,lake_only,TRUE,FALSE,FALSE,22.85443115,,,27,,23.89001465,,22.69000244140625,,22.25,,0.499487787,,70,,70,,,,,,/scratch/mr3882/SEA_dam/LST_processed/sentinel2_water_masks/MyoGyi/ECOSTRESS/MyoGyi_ECOv002_L2T_LSTE_20356_002_47QKD_20220207T030105_0712_01_LST_LST_s2_footprint_water_mask.tif,,,,,,229310,,228260,,2376340,,2375290,,,,,,,,,144.6797485,21.46349,96.39144,,,,,,,2022-02-07T03:01:05Z,2022,2,38,3.018055555555556,3.018055555555556,316,,,FALSE,FALSE,FALSE,FALSE,,,,,FALSE,,,,,,,,,,,21.46349,96.39144,,,FALSE,none,,,lake_only,kept_unique_main,1,0,,,MyoGyi,myogyi
518,Myo Gyi,2022-02-14T23:49:37Z,317,main_s2mask,317,ECOSTRESS,lake_only,TRUE,FALSE,FALSE,18.59997559,,,14,,18.970001220703125,,18.64999389648437,,17.86999512,,0.328801155,,70,,70,,,,,,/scratch/mr3882/SEA_dam/LST_processed/sentinel2_water_masks/MyoGyi/ECOSTRESS/MyoGyi_ECOv002_L2T_LSTE_20478_001_46QHJ_20220214T234937_0712_01_LST_LST_s2_footprint_water_mask.tif,,,,,,851150,,850100,,2377880,,2376830,,,,,,,,,144.6797485,21.46349,96.39144,,,,,,,2022-02-14T23:49:37Z,2022,2,45,23.826944444444443,23.826944444444443,317,,,FALSE,FALSE,FALSE,FALSE,,,,,FALSE,,,,,,,,,,,21.46349,96.39144,,,FALSE,none,,,lake_only,kept_unique_main,1,0,,,MyoGyi,myogyi
519,Myo Gyi,2022-02-18T22:13:14Z,318,main_s2mask,318,ECOSTRESS,lake_only,TRUE,FALSE,FALSE,16.83999634,,,6,,17.350006103515625,,16.899993896484375,,15.970001220703123,,0.521039009,,70,,70,,,,,,/scratch/mr3882/SEA_dam/LST_processed/sentinel2_water_masks/MyoGyi/ECOSTRESS/MyoGyi_ECOv002_L2T_LSTE_20539_003_46QHJ_20220218T221314_0712_01_LST_LST_s2_footprint_water_mask.tif,,,,,,851150,,850100,,2377880,,2376830,,,,,,,,,144.6797485,21.46349,96.39144,,,,,,,2022-02-18T22:13:14Z,2022,2,49,22.220555555555556,22.220555555555556,318,,,FALSE,FALSE,FALSE,FALSE,,,,,FALSE,,,,,,,,,,,21.46349,96.39144,,,FALSE,none,,,lake_only,kept_unique_main,1,0,,,MyoGyi,myogyi
520,Myo Gyi,2022-03-17T11:54:03Z,319,main_s2mask,319,ECOSTRESS,lake_only,TRUE,FALSE,FALSE,30.79696655,,,20,,32.850006103515625,,30.26000977,,29.790008544921875,,1.052942514,,70,,70,,,,,,/scratch/mr3882/SEA_dam/LST_processed/sentinel2_water_masks/MyoGyi/ECOSTRESS/MyoGyi_ECOv002_L2T_LSTE_20951_004_47QKD_20220317T115403_0712_01_LST_LST_s2_footprint_water_mask.tif,,,,,,229310,,228260,,2376340,,2375290,,,,,,,,,144.6797485,21.46349,96.39144,,,,,,,2022-03-17T11:54:03Z,2022,3,76,11.900833333333331,11.900833333333331,319,,,FALSE,FALSE,FALSE,FALSE,,,,,FALSE,,,,,,,,,,,21.46349,96.39144,,,FALSE,none,,,lake_only,kept_unique_main,1,0,,,MyoGyi,myogyi
521,Myo Gyi,2023-01-03T01:59:54Z,320,main_s2mask,320,ECOSTRESS,lake_only,TRUE,FALSE,FALSE,22.82165527,,,36,,24.01000977,,22.89999389648437,,21.27001953,,0.582571387,,70,,70,,,,,,/scratch/mr3882/SEA_dam/LST_processed/sentinel2_water_masks/MyoGyi/ECOSTRESS/MyoGyi_ECOv002_L2T_LSTE_25482_009_46QHJ_20230103T015954_0712_02_LST_LST_s2_footprint_water_mask.tif,,,,,,851150,,850100,,2377880,,2376830,,,,,,,,,144.6797485,21.46349,96.39144,,,,,,,2023-01-03T01:59:54Z,2023,1,3,1.9983333333333333,1.9983333333333333,320,,,FALSE,FALSE,FALSE,FALSE,,,,,FALSE,,,,,,,,,,,21.46349,96.39144,,,FALSE,none,,,lake_only,kept_unique_main,1,0,,,MyoGyi,myogyi
522,Myo Gyi,2023-01-13T12:08:09Z,321,main_s2mask,321,ECOSTRESS,lake_only,TRUE,FALSE,FALSE,23.51062012,,,33,,24.610015869140625,,23.350006103515625,,22.790008544921875,,0.438162893,,70,,70,,,,,,/scratch/mr3882/SEA_dam/LST_processed/sentinel2_water_masks/MyoGyi/ECOSTRESS/MyoGyi_ECOv002_L2T_LSTE_25644_004_47QKD_20230113T120809_0710_01_LST_LST_s2_footprint_water_mask.tif,,,,,,229310,,228260,,2376340,,2375290,,,,,,,,,144.6797485,21.46349,96.39144,,,,,,,2023-01-13T12:08:09Z,2023,1,13,12.135833333333332,12.135833333333332,321,,,FALSE,FALSE,FALSE,FALSE,,,,,FALSE,,,,,,,,,,,21.46349,96.39144,,,FALSE,none,,,lake_only,kept_unique_main,1,0,,,MyoGyi,myogyi
523,Myo Gyi,2023-01-14T21:09:07Z,322,main_s2mask,322,ECOSTRESS,lake_only,TRUE,FALSE,FALSE,19.10461426,,,37,,20.69000244140625,,19.230010986328125,,15.970001220703123,,1.019889474,,70,,70,,,,,,/scratch/mr3882/SEA_dam/LST_processed/sentinel2_water_masks/MyoGyi/ECOSTRESS/MyoGyi_ECOv002_L2T_LSTE_25665_007_47QKD_20230114T210907_0710_01_LST_LST_s2_footprint_water_mask.tif,,,,,,229310,,228260,,2376340,,2375290,,,,,,,,,144.6797485,21.46349,96.39144,,,,,,,2023-01-14T21:09:07Z,2023,1,14,21.15194444444444,21.15194444444444,322,,,FALSE,FALSE,FALSE,FALSE,,,,,FALSE,,,,,,,,,,,21.46349,96.39144,,,FALSE,none,,,lake_only,kept_unique_main,1,0,,,MyoGyi,myogyi
524,Myo Gyi,2023-01-17T10:30:12Z,323,main_s2mask,323,ECOSTRESS,lake_only,TRUE,FALSE,FALSE,24.60565186,,,37,,25.92999267578125,,24.45001220703125,,23.41000366210937,,0.709429324,,70,,70,,,,,,/scratch/mr3882/SEA_dam/LST_processed/sentinel2_water_masks/MyoGyi/ECOSTRESS/MyoGyi_ECOv002_L2T_LSTE_25705_004_46QHJ_20230117T103012_0712_01_LST_LST_s2_footprint_water_mask.tif,,,,,,851150,,850100,,2377880,,2376830,,,,,,,,,144.6797485,21.46349,96.39144,,,,,,,2023-01-17T10:30:12Z,2023,1,17,10.503333333333334,10.503333333333334,323,,,FALSE,FALSE,FALSE,FALSE,,,,,FALSE,,,,,,,,,,,21.46349,96.39144,,,FALSE,none,,,lake_only,kept_unique_main,1,0,,,MyoGyi,myogyi
525,Myo Gyi,2023-01-24T08:04:50Z,324,main_s2mask,324,ECOSTRESS,lake_only,TRUE,FALSE,FALSE,29.92297363,,,37,,33.69000244140625,,29.13000488,,26.350006103515625,,2.043811321,,70,,70,,,,,,/scratch/mr3882/SEA_dam/LST_processed/sentinel2_water_masks/MyoGyi/ECOSTRESS/MyoGyi_ECOv002_L2T_LSTE_25812_004_47QKD_20230124T080450_0711_01_LST_LST_s2_footprint_water_mask.tif,,,,,,229310,,228260,,2376340,,2375290,,,,,,,,,144.6797485,21.46349,96.39144,,,,,,,2023-01-24T08:04:50Z,2023,1,24,8.080555555555556,8.080555555555556,324,,,FALSE,FALSE,FALSE,FALSE,,,,,FALSE,,,,,,,,,,,21.46349,96.39144,,,FALSE,none,,,lake_only,kept_unique_main,1,0,,,MyoGyi,myogyi
526,Myo Gyi,2023-02-09T01:37:28Z,325,main_s2mask,325,ECOSTRESS,lake_only,TRUE,FALSE,FALSE,20.82403564,,,20,,22.07000732421875,,20.589996337890625,,19.209991455078125,,0.704574525,,70,,70,,,,,,/scratch/mr3882/SEA_dam/LST_processed/sentinel2_water_masks/MyoGyi/ECOSTRESS/MyoGyi_ECOv002_L2T_LSTE_26056_003_46QHJ_20230209T013728_0711_02_LST_LST_s2_footprint_water_mask.tif,,,,,,851150,,850100,,2377880,,2376830,,,,,,,,,144.6797485,21.46349,96.39144,,,,,,,2023-02-09T01:37:28Z,2023,2,40,1.6244444444444446,1.6244444444444446,325,,,FALSE,FALSE,FALSE,FALSE,,,,,FALSE,,,,,,,,,,,21.46349,96.39144,,,FALSE,none,,,lake_only,kept_unique_main,1,0,,,MyoGyi,myogyi
527,Myo Gyi,2023-02-23T20:01:11Z,326,main_s2mask,326,ECOSTRESS,lake_only,TRUE,FALSE,FALSE,19.76882935,,,34,,21.42999267578125,,19.69000244140625,,18.30999755859375,,0.825030804,,70,,70,,,,,,/scratch/mr3882/SEA_dam/LST_processed/sentinel2_water_masks/MyoGyi/ECOSTRESS/MyoGyi_ECOv002_L2T_LSTE_26285_004_47QKD_20230223T200111_0710_01_LST_LST_s2_footprint_water_mask.tif,,,,,,229310,,228260,,2376340,,2375290,,,,,,,,,144.6797485,21.46349,96.39144,,,,,,,2023-02-23T20:01:11Z,2023,2,54,20.01972222222222,20.01972222222222,326,,,FALSE,FALSE,FALSE,FALSE,,,,,FALSE,,,,,,,,,,,21.46349,96.39144,,,FALSE,none,,,lake_only,kept_unique_main,1,0,,,MyoGyi,myogyi
528,Myo Gyi,2023-03-05T01:53:49Z,327,main_s2mask,327,ECOSTRESS,lake_only,TRUE,FALSE,FALSE,23.54748535,,,39,,24.57000732421875,,23.42999267578125,,22.730010986328125,,0.386188626,,70,,70,,,,,,/scratch/mr3882/SEA_dam/LST_processed/sentinel2_water_masks/MyoGyi/ECOSTRESS/MyoGyi_ECOv002_L2T_LSTE_26428_019_46QHJ_20230305T015349_0711_02_LST_LST_s2_footprint_water_mask.tif,,,,,,851150,,850100,,2377880,,2376830,,,,,,,,,144.6797485,21.46349,96.39144,,,,,,,2023-03-05T01:53:49Z,2023,3,64,1.8969444444444443,1.8969444444444443,327,,,FALSE,FALSE,FALSE,FALSE,,,,,FALSE,,,,,,,,,,,21.46349,96.39144,,,FALSE,none,,,lake_only,kept_unique_main,1,0,,,MyoGyi,myogyi
529,Nam Hinboun1,2019-12-07T13:48:17Z,9218,additional_ecostress,349,ECOSTRESS,outlet_only,FALSE,TRUE,FALSE,,14.57,,,,,,,,,,,,,,,,,,,,,,,,,,,,,,,,,,Laos,20,,3,2,,incompl,145.0077057,17.72778124,104.5717004,,,,FALSE,enquiries@thpclaos.com,Y,2019-12-07T13:48:17Z,2019,12,341,13.804722222222225,20.776168915555555,,349,0,FALSE,FALSE,FALSE,FALSE,,,,,FALSE,,,,,,14,17.7273,104.5712,0.88,0b1110111011000000,17.72778124,104.5717004,,0.88,FALSE,none,,,outlet_only,kept_unique_additional,0,1,additional_ecostress__349,TRUE,Nam Hinboun1,namhinboun1
530,Nam Hinboun1,2020-02-22T21:04:33Z,9219,additional_ecostress,350,ECOSTRESS,lake_only,TRUE,FALSE,FALSE,14.43,,,,,,,,,,,,,,,,,,,,,,,,,,,,,,,,,,,Laos,20,,3,2,,incompl,145.0077057,17.72778124,104.5717004,,,,FALSE,enquiries@thpclaos.com,Y,2020-02-22T21:04:33Z,2020,2,53,21.07583333333333,4.047280026666666,,350,0,FALSE,FALSE,FALSE,FALSE,,,,,FALSE,14,17.728,104.573,1.24,0b1001111011000000,,,,,,17.72778124,104.5717004,1.24,,FALSE,none,,,lake_only,kept_unique_additional,0,1,additional_ecostress__350,TRUE,Nam Hinboun1,namhinboun1
531,Nam Hinboun1,2020-12-09T02:15:21Z,9220,additional_ecostress,351,ECOSTRESS,paired,TRUE,TRUE,TRUE,23.39,24.63,1.2399999999999984,,,,,,,,,,,,,,,,,,,,,,,,,,,,,,,,,Laos,20,,3,2,,incompl,145.0077057,17.72778124,104.5717004,,,,FALSE,enquiries@thpclaos.com,Y,2020-12-09T02:15:21Z,2020,12,344,2.255833333333334,9.227280026666666,,351,0,FALSE,FALSE,FALSE,FALSE,,,,,FALSE,14,17.728,104.573,1.28,0b1001111011000000,14,17.7273,104.5712,1.28,0b1001101011000000,17.72778124,104.5717004,1.28,1.28,FALSE,none,,,paired,kept_unique_additional,0,1,additional_ecostress__351,TRUE,Nam Hinboun1,namhinboun1
532,Nam Hinboun1,2021-02-10T01:19:22Z,9221,additional_ecostress,352,ECOSTRESS,paired,TRUE,TRUE,TRUE,18.27,18.33,0.06,,,,,,,,,,,,,,,,,,,,,,,,,,,,,,,,,Laos,20,,3,2,,incompl,145.0077057,17.72778124,104.5717004,,,,FALSE,enquiries@thpclaos.com,Y,2021-02-10T01:19:22Z,2021,2,41,1.3227777777777778,8.294224471,,352,0,FALSE,FALSE,FALSE,FALSE,,,,,FALSE,14,17.728,104.573,1.32,0b1001111011000000,14,17.7273,104.5712,1.32,0b1001111011000000,17.72778124,104.5717004,1.32,1.32,FALSE,none,,,paired,kept_unique_additional,0,1,additional_ecostress__352,TRUE,Nam Hinboun1,namhinboun1
533,Nam Hinboun1,2023-01-22T08:05:14Z,9222,additional_ecostress,353,ECOSTRESS,paired,TRUE,TRUE,TRUE,28.69,28.81,0.1199999999999974,,,,,,,,,,,,,,,,,,,,,,,,,,,,,,,,,Laos,20,,3,2,,incompl,145.0077057,17.72778124,104.5717004,,,,FALSE,enquiries@thpclaos.com,Y,2023-01-22T08:05:14Z,2023,1,22,8.087222222222223,15.058668915555558,,353,0,FALSE,FALSE,FALSE,FALSE,,,,,FALSE,14,17.728,104.573,1.04,0b1010101011000000,14,17.7273,104.5712,1.04,0b1010111011000000,17.72778124,104.5717004,1.04,1.04,FALSE,none,,,paired,kept_unique_additional,0,1,additional_ecostress__353,TRUE,Nam Hinboun1,namhinboun1
534,Nam Hinboun1,2023-01-22T17:56:48Z,9223,additional_ecostress,354,ECOSTRESS,paired,TRUE,TRUE,TRUE,13.93,12.95,-0.98,,,,,,,,,,,,,,,,,,,,,,,,,,,,,,,,,Laos,20,,3,2,,incompl,145.0077057,17.72778124,104.5717004,,,,FALSE,enquiries@thpclaos.com,Y,2023-01-22T17:56:48Z,2023,1,22,17.946666666666665,0.9181133599999995,,354,0,FALSE,FALSE,FALSE,FALSE,,,,,FALSE,14,17.728,104.573,1.08,0b1010111011000000,14,17.7273,104.5712,1.08,0b1010111011000000,17.72778124,104.5717004,1.08,1.08,FALSE,none,,,paired,kept_unique_additional,0,1,additional_ecostress__354,TRUE,Nam Hinboun1,namhinboun1
535,Nam Ngum,2023-01-14T21:10:56Z,9224,additional_ecostress,355,ECOSTRESS,paired,TRUE,TRUE,TRUE,21.69,19.23,-2.46,,,,,,,,,,,,,,,,,,,,,,,,,,,,,,,,,Laos,75,,80,3,Nam Ngum,01/01/1972,168.7772675,18.532917,102.54875,,,,TRUE,edido@edl.com.la,Y,2023-01-14T21:10:56Z,2023,1,14,21.182222222222222,4.018805555555556,,355,0,FALSE,FALSE,FALSE,FALSE,,,,,FALSE,18,18.5312,102.5501,1.16,0b1001111011000000,18,18.5301,102.5446,1.16,0b1001101011000000,18.532917,102.54875,1.16,1.16,FALSE,none,,,paired,kept_unique_additional,0,1,additional_ecostress__355,TRUE,Nam Ngum,namngum
536,Nam Ngum,2023-01-22T08:05:14Z,9225,additional_ecostress,356,ECOSTRESS,paired,TRUE,TRUE,TRUE,27.25,26.09,-1.16,,,,,,,,,,,,,,,,,,,,,,,,,,,,,,,,,Laos,75,,80,3,Nam Ngum,01/01/1972,168.7772675,18.532917,102.54875,,,,TRUE,edido@edl.com.la,Y,2023-01-22T08:05:14Z,2023,1,22,8.087222222222223,14.923805555555557,,356,0,FALSE,FALSE,FALSE,FALSE,,,,,FALSE,18,18.5312,102.5501,1.2,0b1001111011000000,18,18.5301,102.5446,1.2,0b1001111011000000,18.532917,102.54875,1.2,1.2,FALSE,none,,,paired,kept_unique_additional,0,1,additional_ecostress__356,TRUE,Nam Ngum,namngum
537,Nam Ngum,2023-01-22T17:56:48Z,9226,additional_ecostress,357,ECOSTRESS,paired,TRUE,TRUE,TRUE,23.53,22.23,-1.3,,,,,,,,,,,,,,,,,,,,,,,,,,,,,,,,,Laos,75,,80,3,Nam Ngum,01/01/1972,168.7772675,18.532917,102.54875,,,,TRUE,edido@edl.com.la,Y,2023-01-22T17:56:48Z,2023,1,22,17.946666666666665,0.7832499999999989,,357,0,FALSE,FALSE,FALSE,FALSE,,,,,FALSE,18,18.5312,102.5501,1.2,0b1001111011000000,18,18.5301,102.5446,1.2,0b1001111011000000,18.532917,102.54875,1.2,1.2,FALSE,none,,,paired,kept_unique_additional,0,1,additional_ecostress__357,TRUE,Nam Ngum,namngum
538,Nam Ngum2,2019-12-07T13:48:17Z,9227,additional_ecostress,358,ECOSTRESS,outlet_only,FALSE,TRUE,FALSE,,12.51,,,,,,,,,,,,,,,,,,,,,,,,,,,,,,,,,,Laos,181,,122,3,,01/01/2011,214.3392334,18.75210723,102.77519,,,,TRUE,https://www.ckpower.co.th/en/contact-us#,Y,2019-12-07T13:48:17Z,2019,12,341,13.804722222222225,20.65640155555555,,358,0,FALSE,FALSE,FALSE,FALSE,,,,,FALSE,,,,,,17,18.7494,102.775,0.84,0b1110111011000000,18.75210723,102.77519,,0.84,FALSE,none,,,outlet_only,kept_unique_additional,0,1,additional_ecostress__358,TRUE,Nam Ngum2,namngum2
539,Nam Ngum2,2020-01-10T14:18:16Z,9228,additional_ecostress,359,ECOSTRESS,paired,TRUE,TRUE,TRUE,21.11,22.67,1.5600000000000025,,,,,,,,,,,,,,,,,,,,,,,,,,,,,,,,,Laos,181,,122,3,,01/01/2011,214.3392334,18.75210723,102.77519,,,,TRUE,https://www.ckpower.co.th/en/contact-us#,Y,2020-01-10T14:18:16Z,2020,1,10,14.304444444444446,21.15612377777778,,359,0,FALSE,FALSE,FALSE,FALSE,,,,,FALSE,17,18.7556,102.7743,1.28,0b1001111011000000,17,18.7494,102.775,1.32,0b1001111011000000,18.75210723,102.77519,1.28,1.32,FALSE,none,,,paired,kept_unique_additional,0,1,additional_ecostress__359,TRUE,Nam Ngum2,namngum2
540,Nam Ngum2,2021-01-24T08:17:38Z,9229,additional_ecostress,360,ECOSTRESS,outlet_only,FALSE,TRUE,FALSE,,28.17,,,,,,,,,,,,,,,,,,,,,,,,,,,,,,,,,,Laos,181,,122,3,,01/01/2011,214.3392334,18.75210723,102.77519,,,,TRUE,https://www.ckpower.co.th/en/contact-us#,Y,2021-01-24T08:17:38Z,2021,1,24,8.293888888888889,15.145568222222222,,360,0,FALSE,FALSE,FALSE,FALSE,,,,,FALSE,,,,,,17,18.7494,102.775,1.32,0b1001111011000000,18.75210723,102.77519,,1.32,FALSE,none,,,outlet_only,kept_unique_additional,0,1,additional_ecostress__360,TRUE,Nam Ngum2,namngum2
541,Nam Ngum2,2022-01-24T07:47:45Z,9230,additional_ecostress,361,ECOSTRESS,paired,TRUE,TRUE,TRUE,26.11,31.01,4.900000000000002,,,,,,,,,,,,,,,,,,,,,,,,,,,,,,,,,Laos,181,,122,3,,01/01/2011,214.3392334,18.75210723,102.77519,,,,TRUE,https://www.ckpower.co.th/en/contact-us#,Y,2022-01-24T07:47:45Z,2022,1,24,7.795833333333333,14.647512666666668,,361,0,FALSE,FALSE,FALSE,FALSE,,,,,FALSE,17,18.7556,102.7743,1.12,0b1001101011000000,17,18.7494,102.775,1.12,0b1001101011000000,18.75210723,102.77519,1.12,1.12,FALSE,none,,,paired,kept_unique_additional,0,1,additional_ecostress__361,TRUE,Nam Ngum2,namngum2
542,Nam Ngum2,2022-01-24T17:39:02Z,9231,additional_ecostress,362,ECOSTRESS,paired,TRUE,TRUE,TRUE,18.05,19.83,1.7799999999999976,,,,,,,,,,,,,,,,,,,,,,,,,,,,,,,,,Laos,181,,122,3,,01/01/2011,214.3392334,18.75210723,102.77519,,,,TRUE,https://www.ckpower.co.th/en/contact-us#,Y,2022-01-24T17:39:02Z,2022,1,24,17.650555555555552,0.5022348888888857,,362,0,FALSE,FALSE,FALSE,FALSE,,,,,FALSE,17,18.7556,102.7743,1.12,0b1001111011000000,17,18.7494,102.775,1.12,0b1001101011000000,18.75210723,102.77519,1.12,1.12,FALSE,none,,,paired,kept_unique_additional,0,1,additional_ecostress__362,TRUE,Nam Ngum2,namngum2
543,Nam Ngum2,2023-01-14T21:10:56Z,9232,additional_ecostress,363,ECOSTRESS,paired,TRUE,TRUE,TRUE,17.99,15.31,-2.68,,,,,,,,,,,,,,,,,,,,,,,,,,,,,,,,,Laos,181,,122,3,,01/01/2011,214.3392334,18.75210723,102.77519,,,,TRUE,https://www.ckpower.co.th/en/contact-us#,Y,2023-01-14T21:10:56Z,2023,1,14,21.182222222222222,4.033901555555556,,363,0,FALSE,FALSE,FALSE,FALSE,,,,,FALSE,17,18.7556,102.7743,1.04,0b1010101011000000,17,18.7494,102.775,1.04,0b1010111011000000,18.75210723,102.77519,1.04,1.04,FALSE,none,,,paired,kept_unique_additional,0,1,additional_ecostress__363,TRUE,Nam Ngum2,namngum2
544,Nam Ngum2,2023-01-22T08:05:14Z,9233,additional_ecostress,364,ECOSTRESS,paired,TRUE,TRUE,TRUE,26.23,28.61,2.379999999999999,,,,,,,,,,,,,,,,,,,,,,,,,,,,,,,,,Laos,181,,122,3,,01/01/2011,214.3392334,18.75210723,102.77519,,,,TRUE,https://www.ckpower.co.th/en/contact-us#,Y,2023-01-22T08:05:14Z,2023,1,22,8.087222222222223,14.938901555555557,,364,0,FALSE,FALSE,FALSE,FALSE,,,,,FALSE,17,18.7556,102.7743,1.04,0b1010111011000000,17,18.7494,102.775,1.04,0b1010111011000000,18.75210723,102.77519,1.04,1.04,FALSE,none,,,paired,kept_unique_additional,0,1,additional_ecostress__364,TRUE,Nam Ngum2,namngum2
545,Nam Ngum2,2023-01-22T17:56:48Z,9234,additional_ecostress,365,ECOSTRESS,paired,TRUE,TRUE,TRUE,18.93,20.39,1.4600000000000009,,,,,,,,,,,,,,,,,,,,,,,,,,,,,,,,,Laos,181,,122,3,,01/01/2011,214.3392334,18.75210723,102.77519,,,,TRUE,https://www.ckpower.co.th/en/contact-us#,Y,2023-01-22T17:56:48Z,2023,1,22,17.946666666666665,0.7983459999999987,,365,0,FALSE,FALSE,FALSE,FALSE,,,,,FALSE,17,18.7556,102.7743,1.08,0b1010101011000000,17,18.7494,102.775,1.08,0b1010101011000000,18.75210723,102.77519,1.08,1.08,FALSE,none,,,paired,kept_unique_additional,0,1,additional_ecostress__365,TRUE,Nam Ngum2,namngum2
546,NamNgouang8,2019-12-03T15:25:10Z,328,main_s2mask,328,ECOSTRESS,paired,TRUE,TRUE,TRUE,18.85116577,19.57000732,0.718841553,68,1,20.42999267578125,19.57000732421875,18.91000366210937,19.57000732421875,16.990020751953125,19.57000732421875,0.739807904,,70,70,70,70,,,,,/scratch/mr3882/SEA_dam/LST_processed/sentinel2_water_masks/NamNgouang8/ECOSTRESS/NamNgouang8_ECOv002_L2T_LSTE_07997_009_48QVF_20191203T152510_0712_01_LST_LST_s2_footprint_water_mask.tif,/scratch/mr3882/SEA_dam/LST_processed/sentinel2_water_masks/NamNgouang8/ECOSTRESS/NamNgouang8_ECOv002_L2T_LSTE_07997_009_48QVF_20191203T152510_0712_01_LST_LST_s2_footprint_water_mask.tif,,,,,462190,462190,461140,461140,2023420,2023420,2022300,2022300,Laos,65,,60,2.3,Nam Ngouang,01/01/2013,420.782196,18.29596425,104.6364779,,,,TRUE,enquiries@thpclaos.com,Y,2019-12-03T15:25:10Z,2019,12,337,15.419444444444444,22.39520963777778,328,,,FALSE,FALSE,FALSE,FALSE,,,,,FALSE,,,,,,,,,,,18.29596425,104.6364779,,,FALSE,none,,,paired,kept_main_paired_dropped_additional,1,0,,,NamNgouang8,namngouang8
547,NamNgouang8,2020-01-10T14:18:17Z,329,main_s2mask,329,ECOSTRESS,paired,TRUE,TRUE,TRUE,22.421875,19.41000366,-3.011871338,69,1,23.14999389648437,19.41000366210937,22.470001220703125,19.41000366210937,20.92999267578125,19.41000366210937,0.436743736,,70,70,70,70,,,,,/scratch/mr3882/SEA_dam/LST_processed/sentinel2_water_masks/NamNgouang8/ECOSTRESS/NamNgouang8_ECOv002_L2T_LSTE_08586_003_48QVF_20200110T141817_0712_01_LST_LST_s2_footprint_water_mask.tif,/scratch/mr3882/SEA_dam/LST_processed/sentinel2_water_masks/NamNgouang8/ECOSTRESS/NamNgouang8_ECOv002_L2T_LSTE_08586_003_48QVF_20200110T141817_0712_01_LST_LST_s2_footprint_water_mask.tif,,,,,462190,462190,461140,461140,2023420,2023420,2022300,2022300,Laos,65,,60,2.3,Nam Ngouang,01/01/2013,420.782196,18.29596425,104.6364779,,,,TRUE,enquiries@thpclaos.com,Y,2020-01-10T14:18:17Z,2020,1,10,14.304722222222225,21.280487415555555,329,,,FALSE,FALSE,FALSE,FALSE,,,,,FALSE,,,,,,,,,,,18.29596425,104.6364779,,,FALSE,none,,,paired,kept_main_paired_dropped_additional,1,0,,,NamNgouang8,namngouang8
548,NamNgouang8,2020-02-22T21:04:33Z,330,main_s2mask,330,ECOSTRESS,paired,TRUE,TRUE,TRUE,19.09417725,16.97000122,-2.124176025,67,1,20.39001465,16.970001220703125,19.25,16.970001220703125,17.07000732421875,16.970001220703125,0.897722125,,70,70,70,70,,,,,/scratch/mr3882/SEA_dam/LST_processed/sentinel2_water_masks/NamNgouang8/ECOSTRESS/NamNgouang8_ECOv002_L2T_LSTE_09257_004_48QVF_20200222T210433_0712_01_LST_LST_s2_footprint_water_mask.tif,/scratch/mr3882/SEA_dam/LST_processed/sentinel2_water_masks/NamNgouang8/ECOSTRESS/NamNgouang8_ECOv002_L2T_LSTE_09257_004_48QVF_20200222T210433_0712_01_LST_LST_s2_footprint_water_mask.tif,,,,,462190,462190,461140,461140,2023420,2023420,2022300,2022300,Laos,65,,60,2.3,Nam Ngouang,01/01/2013,420.782196,18.29596425,104.6364779,,,,TRUE,enquiries@thpclaos.com,Y,2020-02-22T21:04:33Z,2020,2,53,21.07583333333333,4.051598526666666,330,,,FALSE,FALSE,FALSE,FALSE,,,,,FALSE,,,,,,,,,,,18.29596425,104.6364779,,,FALSE,none,,,paired,kept_main_paired_dropped_additional,1,0,,,NamNgouang8,namngouang8
549,NamNgouang8,2020-12-09T02:15:22Z,331,main_s2mask,331,ECOSTRESS,paired,TRUE,TRUE,TRUE,19.97219849,19.8500061,-0.122192383,72,1,20.89001465,19.850006103515625,20.01000977,19.850006103515625,18.75,19.850006103515625,0.384028912,,70,70,70,70,,,,,/scratch/mr3882/SEA_dam/LST_processed/sentinel2_water_masks/NamNgouang8/ECOSTRESS/NamNgouang8_ECOv002_L2T_LSTE_13756_003_48QVF_20201209T021522_0712_01_LST_LST_s2_footprint_water_mask.tif,/scratch/mr3882/SEA_dam/LST_processed/sentinel2_water_masks/NamNgouang8/ECOSTRESS/NamNgouang8_ECOv002_L2T_LSTE_13756_003_48QVF_20201209T021522_0712_01_LST_LST_s2_footprint_water_mask.tif,,,,,462190,462190,461140,461140,2023420,2023420,2022300,2022300,Laos,65,,60,2.3,Nam Ngouang,01/01/2013,420.782196,18.29596425,104.6364779,,,,TRUE,enquiries@thpclaos.com,Y,2020-12-09T02:15:22Z,2020,12,344,2.256111111111111,9.231876304444445,331,,,FALSE,FALSE,FALSE,FALSE,,,,,FALSE,,,,,,,,,,,18.29596425,104.6364779,,,FALSE,none,,,paired,kept_main_paired_dropped_additional,1,0,,,NamNgouang8,namngouang8
550,NamNgouang8,2021-01-25T07:30:10Z,332,main_s2mask,332,ECOSTRESS,paired,TRUE,TRUE,TRUE,24.95254517,28.11001587,3.157470703,71,1,28.029998779296875,28.110015869140625,24.790008544921875,28.110015869140625,22.990020751953125,28.110015869140625,0.97658968,,70,70,70,70,,,,,/scratch/mr3882/SEA_dam/LST_processed/sentinel2_water_masks/NamNgouang8/ECOSTRESS/NamNgouang8_ECOv002_L2T_LSTE_14488_002_48QVF_20210125T073010_0712_01_LST_LST_s2_footprint_water_mask.tif,/scratch/mr3882/SEA_dam/LST_processed/sentinel2_water_masks/NamNgouang8/ECOSTRESS/NamNgouang8_ECOv002_L2T_LSTE_14488_002_48QVF_20210125T073010_0712_01_LST_LST_s2_footprint_water_mask.tif,,,,,462190,462190,461140,461140,2023420,2023420,2022300,2022300,Laos,65,,60,2.3,Nam Ngouang,01/01/2013,420.782196,18.29596425,104.6364779,,,,TRUE,enquiries@thpclaos.com,Y,2021-01-25T07:30:10Z,2021,1,25,7.502777777777778,14.47854297111111,332,,,FALSE,FALSE,FALSE,FALSE,,,,,FALSE,,,,,,,,,,,18.29596425,104.6364779,,,FALSE,none,,,paired,kept_main_paired_dropped_additional,1,0,,,NamNgouang8,namngouang8
551,NamNgouang8,2021-02-10T01:19:23Z,333,main_s2mask,333,ECOSTRESS,paired,TRUE,TRUE,TRUE,18.92047119,13.70999146,-5.210479736,69,1,20.41000366210937,13.709991455078123,18.95001220703125,13.709991455078123,17.13000488,13.709991455078123,0.813010156,,70,70,70,70,,,,,/scratch/mr3882/SEA_dam/LST_processed/sentinel2_water_masks/NamNgouang8/ECOSTRESS/NamNgouang8_ECOv002_L2T_LSTE_14732_002_48QVF_20210210T011923_0712_01_LST_LST_s2_footprint_water_mask.tif,/scratch/mr3882/SEA_dam/LST_processed/sentinel2_water_masks/NamNgouang8/ECOSTRESS/NamNgouang8_ECOv002_L2T_LSTE_14732_002_48QVF_20210210T011923_0712_01_LST_LST_s2_footprint_water_mask.tif,,,,,462190,462190,461140,461140,2023420,2023420,2022300,2022300,Laos,65,,60,2.3,Nam Ngouang,01/01/2013,420.782196,18.29596425,104.6364779,,,,TRUE,enquiries@thpclaos.com,Y,2021-02-10T01:19:23Z,2021,2,41,1.3230555555555557,8.298820749,333,,,FALSE,FALSE,FALSE,FALSE,,,,,FALSE,,,,,,,,,,,18.29596425,104.6364779,,,FALSE,none,,,paired,kept_main_paired_dropped_additional,1,0,,,NamNgouang8,namngouang8
552,NamNgouang8,2021-12-13T00:25:18Z,334,main_s2mask,334,ECOSTRESS,lake_only,TRUE,FALSE,FALSE,18.70605469,,,66,,19.36999512,,18.67001342773437,,17.990020751953125,,0.394926339,,70,,70,,,,,,/scratch/mr3882/SEA_dam/LST_processed/sentinel2_water_masks/NamNgouang8/ECOSTRESS/NamNgouang8_ECOv002_L2T_LSTE_19486_006_48QVF_20211213T002518_0712_01_LST_LST_s2_footprint_water_mask.tif,,,,,,462190,,461140,,2023420,,2022300,,Laos,65,,60,2.3,Nam Ngouang,01/01/2013,420.782196,18.29596425,104.6364779,,,,TRUE,enquiries@thpclaos.com,Y,2021-12-13T00:25:18Z,2021,12,347,0.4216666666666667,7.39743186,334,,,FALSE,FALSE,FALSE,FALSE,,,,,FALSE,,,,,,,,,,,18.29596425,104.6364779,,,FALSE,none,,,lake_only,kept_unique_main,1,0,,,NamNgouang8,namngouang8
553,NamNgouang8,2022-01-05T14:57:36Z,335,main_s2mask,335,ECOSTRESS,paired,TRUE,TRUE,TRUE,20.65759277,18.20999146,-2.447601318,66,1,21.86999512,18.209991455078125,20.69000244140625,18.209991455078125,19.36999512,18.209991455078125,0.601299524,,70,70,70,70,,,,,/scratch/mr3882/SEA_dam/LST_processed/sentinel2_water_masks/NamNgouang8/ECOSTRESS/NamNgouang8_ECOv002_L2T_LSTE_19852_006_48QVF_20220105T145736_0712_01_LST_LST_s2_footprint_water_mask.tif,/scratch/mr3882/SEA_dam/LST_processed/sentinel2_water_masks/NamNgouang8/ECOSTRESS/NamNgouang8_ECOv002_L2T_LSTE_19852_006_48QVF_20220105T145736_0712_01_LST_LST_s2_footprint_water_mask.tif,,,,,462190,462190,461140,461140,2023420,2023420,2022300,2022300,Laos,65,,60,2.3,Nam Ngouang,01/01/2013,420.782196,18.29596425,104.6364779,,,,TRUE,enquiries@thpclaos.com,Y,2022-01-05T14:57:36Z,2022,1,5,14.96,21.93576519333333,335,,,FALSE,FALSE,FALSE,FALSE,,,,,FALSE,,,,,,,,,,,18.29596425,104.6364779,,,FALSE,none,,,paired,kept_main_paired_dropped_additional,1,0,,,NamNgouang8,namngouang8
554,NamNgouang8,2022-12-31T02:50:06Z,336,main_s2mask,336,ECOSTRESS,paired,TRUE,TRUE,TRUE,19.55352783,18.39,-1.163527832,51,,21.42999267578125,,19.529998779296875,,18.709991455078125,,0.538259804,,70,,70,,,,,,/scratch/mr3882/SEA_dam/LST_processed/sentinel2_water_masks/NamNgouang8/ECOSTRESS/NamNgouang8_ECOv002_L2T_LSTE_25436_002_48QVF_20221231T025006_0710_01_LST_LST_s2_footprint_water_mask.tif,,,,,,462190,,461140,,2023420,,2022300,,Laos,65,,60,2.3,Nam Ngouang,01/01/2013,420.782196,18.29596425,104.6364779,,,,TRUE,enquiries@thpclaos.com,Y,2022-12-31T02:50:06Z,2022,12,365,2.835,9.810765193333332,336,,,FALSE,FALSE,FALSE,FALSE,,,,,FALSE,,,,,,10,18.2948,104.6362,1.32,0b1001101011000000,18.29596425,104.6364779,,1.32,TRUE,outlet,Tm_o;ID_o;Latitude_o;Longitude_o;ECO2LSTE_001_SDS_LST_err_o;QC_bitmask_o;LSTerr_o;Latitude_ref;Longitude_ref,9235,lake_only,kept_main_filled_outlet_from_additional,1,1,,,NamNgouang8,namngouang8
555,NamNgouang8,2023-01-18T09:41:37Z,337,main_s2mask,337,ECOSTRESS,paired,TRUE,TRUE,TRUE,17.84118652,16.86999512,-0.971191406,68,1,18.850006103515625,16.86999512,17.920013427734375,16.86999512,16.63000488,16.86999512,0.519934952,,70,70,70,70,,,,,/scratch/mr3882/SEA_dam/LST_processed/sentinel2_water_masks/NamNgouang8/ECOSTRESS/NamNgouang8_ECOv002_L2T_LSTE_25720_003_48QVF_20230118T094137_0712_02_LST_LST_s2_footprint_water_mask.tif,/scratch/mr3882/SEA_dam/LST_processed/sentinel2_water_masks/NamNgouang8/ECOSTRESS/NamNgouang8_ECOv002_L2T_LSTE_25720_003_48QVF_20230118T094137_0712_02_LST_LST_s2_footprint_water_mask.tif,,,,,462190,462190,461140,461140,2023420,2023420,2022300,2022300,Laos,65,,60,2.3,Nam Ngouang,01/01/2013,420.782196,18.29596425,104.6364779,,,,TRUE,enquiries@thpclaos.com,Y,2023-01-18T09:41:37Z,2023,1,18,9.693611111111112,16.669376304444445,337,,,FALSE,FALSE,FALSE,FALSE,,,,,FALSE,,,,,,,,,,,18.29596425,104.6364779,,,FALSE,none,,,paired,kept_main_paired_dropped_additional,1,0,,,NamNgouang8,namngouang8
556,NamNgouang8,2023-01-22T08:05:14Z,338,main_s2mask,338,ECOSTRESS,paired,TRUE,TRUE,TRUE,23.21850586,26.39001465,3.171508789,66,1,24.89001465,26.39001465,23.089996337890625,26.39001465,22.110015869140625,26.39001465,0.614920497,,70,70,70,70,,,,,/scratch/mr3882/SEA_dam/LST_processed/sentinel2_water_masks/NamNgouang8/ECOSTRESS/NamNgouang8_ECOv002_L2T_LSTE_25781_005_48QVF_20230122T080514_0710_01_LST_LST_s2_footprint_water_mask.tif,/scratch/mr3882/SEA_dam/LST_processed/sentinel2_water_masks/NamNgouang8/ECOSTRESS/NamNgouang8_ECOv002_L2T_LSTE_25781_005_48QVF_20230122T080514_0710_01_LST_LST_s2_footprint_water_mask.tif,,,,,462190,462190,461140,461140,2023420,2023420,2022300,2022300,Laos,65,,60,2.3,Nam Ngouang,01/01/2013,420.782196,18.29596425,104.6364779,,,,TRUE,enquiries@thpclaos.com,Y,2023-01-22T08:05:14Z,2023,1,22,8.087222222222223,15.062987415555558,338,,,FALSE,FALSE,FALSE,FALSE,,,,,FALSE,,,,,,,,,,,18.29596425,104.6364779,,,FALSE,none,,,paired,kept_main_paired_dropped_additional,1,0,,,NamNgouang8,namngouang8
557,NamNgouang8,2023-01-22T17:56:48Z,339,main_s2mask,339,ECOSTRESS,paired,TRUE,TRUE,TRUE,20.15518188,15.25,-4.905181885,66,1,21.95001220703125,15.25,20.120025634765625,15.25,18.490020751953125,15.25,0.680896282,,70,70,70,70,,,,,/scratch/mr3882/SEA_dam/LST_processed/sentinel2_water_masks/NamNgouang8/ECOSTRESS/NamNgouang8_ECOv002_L2T_LSTE_25787_010_48QVF_20230122T175648_0710_01_LST_LST_s2_footprint_water_mask.tif,/scratch/mr3882/SEA_dam/LST_processed/sentinel2_water_masks/NamNgouang8/ECOSTRESS/NamNgouang8_ECOv002_L2T_LSTE_25787_010_48QVF_20230122T175648_0710_01_LST_LST_s2_footprint_water_mask.tif,,,,,462190,462190,461140,461140,2023420,2023420,2022300,2022300,Laos,65,,60,2.3,Nam Ngouang,01/01/2013,420.782196,18.29596425,104.6364779,,,,TRUE,enquiries@thpclaos.com,Y,2023-01-22T17:56:48Z,2023,1,22,17.946666666666665,0.9224318599999995,339,,,FALSE,FALSE,FALSE,FALSE,,,,,FALSE,,,,,,,,,,,18.29596425,104.6364779,,,FALSE,none,,,paired,kept_main_paired_dropped_additional,1,0,,,NamNgouang8,namngouang8
558,Nam Ngum,2023-01-14T21:10:56Z,340,main_s2mask,340,ECOSTRESS,paired,TRUE,TRUE,TRUE,22.04522705,20.62124634,-1.423980713,46,16,23.41000366210937,22.350006103515625,22.370025634765625,20.51000977,19.51000977,19.050018310546875,1.15894556,0.860975385,70,70,70,70,,,,,/scratch/mr3882/SEA_dam/LST_processed/sentinel2_water_masks/NamNgum/ECOSTRESS/NamNgum_ECOv002_L2T_LSTE_25665_009_48QTF_20230114T211056_0710_01_LST_LST_s2_footprint_water_mask.tif,/scratch/mr3882/SEA_dam/LST_processed/sentinel2_water_masks/NamNgum/ECOSTRESS/NamNgum_ECOv002_L2T_LSTE_25665_009_48QTF_20230114T211056_0710_01_LST_LST_s2_footprint_water_mask.tif,,,,,241560,241560,240510,240510,2051350,2051350,2050300,2050300,,,,,,,,420.782196,18.29596425,104.6364779,,,,,,,2023-01-14T21:10:56Z,2023,1,14,21.182222222222222,21.182222222222222,340,,,FALSE,FALSE,FALSE,FALSE,,,,,FALSE,,,,,,,,,,,18.532917,102.54875,,,FALSE,none,,,paired,kept_main_paired_dropped_additional,1,0,,,NamNgum,namngum
559,Nam Ngum,2023-01-22T08:05:14Z,341,main_s2mask,341,ECOSTRESS,paired,TRUE,TRUE,TRUE,27.54226685,27.99429321,0.452026367,44,14,29.550018310546875,31.790008544921875,27.529998779296875,27.17001342773437,26.029998779296875,26.550018310546875,0.792551339,1.670599103,70,70,70,70,,,,,/scratch/mr3882/SEA_dam/LST_processed/sentinel2_water_masks/NamNgum/ECOSTRESS/NamNgum_ECOv002_L2T_LSTE_25781_005_48QTF_20230122T080514_0710_01_LST_LST_s2_footprint_water_mask.tif,/scratch/mr3882/SEA_dam/LST_processed/sentinel2_water_masks/NamNgum/ECOSTRESS/NamNgum_ECOv002_L2T_LSTE_25781_005_48QTF_20230122T080514_0710_01_LST_LST_s2_footprint_water_mask.tif,,,,,241560,241560,240510,240510,2051350,2051350,2050300,2050300,,,,,,,,420.782196,18.29596425,104.6364779,,,,,,,2023-01-22T08:05:14Z,2023,1,22,8.087222222222223,8.087222222222223,341,,,FALSE,FALSE,FALSE,FALSE,,,,,FALSE,,,,,,,,,,,18.532917,102.54875,,,FALSE,none,,,paired,kept_main_paired_dropped_additional,1,0,,,NamNgum,namngum
560,Nam Ngum,2023-01-22T17:56:48Z,342,main_s2mask,342,ECOSTRESS,paired,TRUE,TRUE,TRUE,24.00735474,22.97238159,-1.034973145,45,17,25.39001465,24.69000244140625,24.17001342773437,23.050018310546875,21.529998779296875,21.63000488,0.776563168,0.820666254,70,70,70,70,,,,,/scratch/mr3882/SEA_dam/LST_processed/sentinel2_water_masks/NamNgum/ECOSTRESS/NamNgum_ECOv002_L2T_LSTE_25787_010_47QRA_20230122T175648_0711_02_LST_LST_s2_footprint_water_mask.tif,/scratch/mr3882/SEA_dam/LST_processed/sentinel2_water_masks/NamNgum/ECOSTRESS/NamNgum_ECOv002_L2T_LSTE_25787_010_47QRA_20230122T175648_0711_02_LST_LST_s2_footprint_water_mask.tif,,,,,875090,875090,874040,874040,2053310,2053310,2052260,2052260,,,,,,,,420.782196,18.29596425,104.6364779,,,,,,,2023-01-22T17:56:48Z,2023,1,22,17.946666666666665,17.946666666666665,342,,,FALSE,FALSE,FALSE,FALSE,,,,,FALSE,,,,,,,,,,,18.532917,102.54875,,,FALSE,none,,,paired,kept_main_paired_dropped_additional,1,0,,,NamNgum,namngum
561,Nam Ngum2,2019-12-07T13:48:17Z,343,main_s2mask,343,ECOSTRESS,lake_only,TRUE,FALSE,FALSE,15.73202515,,,10,,17.57000732421875,,15.459991455078123,,14.990020751953123,,0.882389128,,70,,70,,,,,,/scratch/mr3882/SEA_dam/LST_processed/sentinel2_water_masks/NamNgum2/ECOSTRESS/NamNgum2_ECOv002_L2T_LSTE_08058_009_48QTF_20191207T134817_0712_01_LST_LST_s2_footprint_water_mask.tif,,,,,,265920,,264870,,2075500,,2074450,,,,,,,,,420.782196,18.29596425,104.6364779,,,,,,,2019-12-07T13:48:17Z,2019,12,341,13.804722222222225,13.804722222222225,343,,,FALSE,FALSE,FALSE,FALSE,,,,,FALSE,,,,,,,,,,,18.75210723,102.77519,,,FALSE,none,,,lake_only,kept_unique_main,1,0,,,NamNgum2,namngum2
562,Nam Ngum2,2020-01-10T14:18:17Z,344,main_s2mask,344,ECOSTRESS,lake_only,TRUE,FALSE,FALSE,22.72338867,,,30,,23.529998779296875,,22.800018310546875,,21.42999267578125,,0.490416735,,70,,70,,,,,,/scratch/mr3882/SEA_dam/LST_processed/sentinel2_water_masks/NamNgum2/ECOSTRESS/NamNgum2_ECOv002_L2T_LSTE_08586_003_48QTF_20200110T141817_0712_01_LST_LST_s2_footprint_water_mask.tif,,,,,,265920,,264870,,2075500,,2074450,,,,,,,,,420.782196,18.29596425,104.6364779,,,,,,,2020-01-10T14:18:17Z,2020,1,10,14.304722222222225,14.304722222222225,344,,,FALSE,FALSE,FALSE,FALSE,,,,,FALSE,,,,,,,,,,,18.75210723,102.77519,,,FALSE,none,,,lake_only,kept_unique_main,1,0,,,NamNgum2,namngum2
563,Nam Ngum2,2021-01-24T08:17:39Z,345,main_s2mask,345,ECOSTRESS,lake_only,TRUE,FALSE,FALSE,26.18759155,,,25,,28.69000244140625,,25.95001220703125,,25.13000488,,0.923623979,,70,,70,,,,,,/scratch/mr3882/SEA_dam/LST_processed/sentinel2_water_masks/NamNgum2/ECOSTRESS/NamNgum2_ECOv002_L2T_LSTE_14473_005_48QTF_20210124T081739_0712_01_LST_LST_s2_footprint_water_mask.tif,,,,,,265920,,264870,,2075500,,2074450,,,,,,,,,420.782196,18.29596425,104.6364779,,,,,,,2021-01-24T08:17:39Z,2021,1,24,8.294166666666667,8.294166666666667,345,,,FALSE,FALSE,FALSE,FALSE,,,,,FALSE,,,,,,,,,,,18.75210723,102.77519,,,FALSE,none,,,lake_only,kept_unique_main,1,0,,,NamNgum2,namngum2
564,Nam Ngum2,2022-01-24T07:47:46Z,346,main_s2mask,346,ECOSTRESS,lake_only,TRUE,FALSE,FALSE,26.67218018,,,36,,31.36999512,,26.250030517578125,,25.25,,1.370125413,,70,,70,,,,,,/scratch/mr3882/SEA_dam/LST_processed/sentinel2_water_masks/NamNgum2/ECOSTRESS/NamNgum2_ECOv002_L2T_LSTE_20142_005_48QTF_20220124T074746_0711_02_LST_LST_s2_footprint_water_mask.tif,,,,,,265920,,264870,,2075500,,2074450,,,,,,,,,420.782196,18.29596425,104.6364779,,,,,,,2022-01-24T07:47:46Z,2022,1,24,7.796111111111111,7.796111111111111,346,,,FALSE,FALSE,FALSE,FALSE,,,,,FALSE,,,,,,,,,,,18.75210723,102.77519,,,FALSE,none,,,lake_only,kept_unique_main,1,0,,,NamNgum2,namngum2
565,Nam Ngum2,2022-01-24T17:39:02Z,347,main_s2mask,347,ECOSTRESS,lake_only,TRUE,FALSE,FALSE,21.44555664,,,36,,22.89001465,,21.740020751953125,,18.550018310546875,,1.156310081,,70,,70,,,,,,/scratch/mr3882/SEA_dam/LST_processed/sentinel2_water_masks/NamNgum2/ECOSTRESS/NamNgum2_ECOv002_L2T_LSTE_20148_002_48QTF_20220124T173902_0712_02_LST_LST_s2_footprint_water_mask.tif,,,,,,265920,,264870,,2075500,,2074450,,,,,,,,,420.782196,18.29596425,104.6364779,,,,,,,2022-01-24T17:39:02Z,2022,1,24,17.650555555555552,17.650555555555552,347,,,FALSE,FALSE,FALSE,FALSE,,,,,FALSE,,,,,,,,,,,18.75210723,102.77519,,,FALSE,none,,,lake_only,kept_unique_main,1,0,,,NamNgum2,namngum2
566,Nam Ngum2,2023-01-14T21:10:56Z,348,main_s2mask,348,ECOSTRESS,lake_only,TRUE,FALSE,FALSE,20.96310425,,,29,,22.45001220703125,,21.209991455078125,,17.209991455078125,,1.29701364,,70,,70,,,,,,/scratch/mr3882/SEA_dam/LST_processed/sentinel2_water_masks/NamNgum2/ECOSTRESS/NamNgum2_ECOv002_L2T_LSTE_25665_009_48QTF_20230114T211056_0712_02_LST_LST_s2_footprint_water_mask.tif,,,,,,265920,,264870,,2075500,,2074450,,,,,,,,,420.782196,18.29596425,104.6364779,,,,,,,2023-01-14T21:10:56Z,2023,1,14,21.182222222222222,21.182222222222222,348,,,FALSE,FALSE,FALSE,FALSE,,,,,FALSE,,,,,,,,,,,18.75210723,102.77519,,,FALSE,none,,,lake_only,kept_unique_main,1,0,,,NamNgum2,namngum2
567,Nam Ngum2,2023-01-22T08:05:14Z,349,main_s2mask,349,ECOSTRESS,lake_only,TRUE,FALSE,FALSE,26.89709473,,,31,,30.86999512,,26.64999389648437,,25.589996337890625,,1.135998607,,70,,70,,,,,,/scratch/mr3882/SEA_dam/LST_processed/sentinel2_water_masks/NamNgum2/ECOSTRESS/NamNgum2_ECOv002_L2T_LSTE_25781_005_47QRA_20230122T080514_0710_01_LST_LST_s2_footprint_water_mask.tif,,,,,,898610,,897560,,2078230,,2077180,,,,,,,,,420.782196,18.29596425,104.6364779,,,,,,,2023-01-22T08:05:14Z,2023,1,22,8.087222222222223,8.087222222222223,349,,,FALSE,FALSE,FALSE,FALSE,,,,,FALSE,,,,,,,,,,,18.75210723,102.77519,,,FALSE,none,,,lake_only,kept_unique_main,1,0,,,NamNgum2,namngum2
568,Nam Ngum2,2023-01-22T17:56:48Z,350,main_s2mask,350,ECOSTRESS,lake_only,TRUE,FALSE,FALSE,21.92871094,,,31,,22.990020751953125,,22.529998779296875,,18.42999267578125,,1.369643688,,70,,70,,,,,,/scratch/mr3882/SEA_dam/LST_processed/sentinel2_water_masks/NamNgum2/ECOSTRESS/NamNgum2_ECOv002_L2T_LSTE_25787_010_47QRA_20230122T175648_0710_01_LST_LST_s2_footprint_water_mask.tif,,,,,,898610,,897560,,2078230,,2077180,,,,,,,,,420.782196,18.29596425,104.6364779,,,,,,,2023-01-22T17:56:48Z,2023,1,22,17.946666666666665,17.946666666666665,350,,,FALSE,FALSE,FALSE,FALSE,,,,,FALSE,,,,,,,,,,,18.75210723,102.77519,,,FALSE,none,,,lake_only,kept_unique_main,1,0,,,NamNgum2,namngum2
569,NamTheun1,2020-02-22T21:04:33Z,9236,additional_ecostress,377,ECOSTRESS,paired,TRUE,TRUE,TRUE,15.89,16.41,0.5199999999999996,,,,,,,,,,,,,,,,,,,,,,,,,,,,,,,,,Laos,177,,93,2.3,Nam Kading,01/01/2022,181.4749146,18.35507067,104.147198,,,,TRUE,enquiries@thpclaos.com,Y,2020-02-22T21:04:33Z,2020,2,53,21.07583333333333,4.018979866666665,,377,0,FALSE,FALSE,FALSE,FALSE,,,,,FALSE,11,18.3563,104.1478,1.12,0b1010111011000000,11,18.3535,104.1467,1.12,0b1010111011000000,18.35507067,104.147198,1.12,1.12,FALSE,none,,,paired,kept_unique_additional,0,1,additional_ecostress__377,TRUE,NamTheun1,namtheun1
570,NamTheun1,2020-12-09T02:15:21Z,9237,additional_ecostress,378,ECOSTRESS,paired,TRUE,TRUE,TRUE,22.91,24.33,1.4199999999999982,,,,,,,,,,,,,,,,,,,,,,,,,,,,,,,,,Laos,177,,93,2.3,Nam Kading,01/01/2022,181.4749146,18.35507067,104.147198,,,,TRUE,enquiries@thpclaos.com,Y,2020-12-09T02:15:21Z,2020,12,344,2.255833333333334,9.198979866666669,,378,0,FALSE,FALSE,FALSE,FALSE,,,,,FALSE,11,18.3563,104.1478,1.16,0b1001101011000000,11,18.3535,104.1467,1.16,0b1001101011000000,18.35507067,104.147198,1.16,1.16,FALSE,none,,,paired,kept_unique_additional,0,1,additional_ecostress__378,TRUE,NamTheun1,namtheun1
571,NamTheun1,2021-02-10T01:19:22Z,9238,additional_ecostress,379,ECOSTRESS,paired,TRUE,TRUE,TRUE,16.05,15.49,-0.56,,,,,,,,,,,,,,,,,,,,,,,,,,,,,,,,,Laos,177,,93,2.3,Nam Kading,01/01/2022,181.4749146,18.35507067,104.147198,,,,TRUE,enquiries@thpclaos.com,Y,2021-02-10T01:19:22Z,2021,2,41,1.3227777777777778,8.265924311111112,,379,0,FALSE,FALSE,FALSE,FALSE,,,,,FALSE,11,18.3563,104.1478,1.28,0b1001101011000000,11,18.3535,104.1467,1.28,0b1001101011000000,18.35507067,104.147198,1.28,1.28,FALSE,none,,,paired,kept_unique_additional,0,1,additional_ecostress__379,TRUE,NamTheun1,namtheun1
572,NamTheun1,2021-12-13T00:25:18Z,9239,additional_ecostress,380,ECOSTRESS,paired,TRUE,TRUE,TRUE,20.35,20.29,-0.06,,,,,,,,,,,,,,,,,,,,,,,,,,,,,,,,,Laos,177,,93,2.3,Nam Kading,01/01/2022,181.4749146,18.35507067,104.147198,,,,TRUE,enquiries@thpclaos.com,Y,2021-12-13T00:25:18Z,2021,12,347,0.4216666666666667,7.3648132,,380,0,FALSE,FALSE,FALSE,FALSE,,,,,FALSE,11,18.3563,104.1478,1.28,0b1001101011000000,11,18.3535,104.1467,1.28,0b1001111011000000,18.35507067,104.147198,1.28,1.28,FALSE,none,,,paired,kept_unique_additional,0,1,additional_ecostress__380,TRUE,NamTheun1,namtheun1
573,NamTheun1,2023-01-22T08:05:14Z,9240,additional_ecostress,381,ECOSTRESS,paired,TRUE,TRUE,TRUE,27.29,30.31,3.02,,,,,,,,,,,,,,,,,,,,,,,,,,,,,,,,,Laos,177,,93,2.3,Nam Kading,01/01/2022,181.4749146,18.35507067,104.147198,,,,TRUE,enquiries@thpclaos.com,Y,2023-01-22T08:05:14Z,2023,1,22,8.087222222222223,15.030368755555555,,381,0,FALSE,FALSE,FALSE,FALSE,,,,,FALSE,11,18.3563,104.1478,1,0b1010111011000000,11,18.3535,104.1467,1,0b1010101011000000,18.35507067,104.147198,1,1,FALSE,none,,,paired,kept_unique_additional,0,1,additional_ecostress__381,TRUE,NamTheun1,namtheun1
574,NamTheun1,2023-01-22T17:56:48Z,9241,additional_ecostress,382,ECOSTRESS,paired,TRUE,TRUE,TRUE,21.13,19.53,-1.6,,,,,,,,,,,,,,,,,,,,,,,,,,,,,,,,,Laos,177,,93,2.3,Nam Kading,01/01/2022,181.4749146,18.35507067,104.147198,,,,TRUE,enquiries@thpclaos.com,Y,2023-01-22T17:56:48Z,2023,1,22,17.946666666666665,0.8898132,,382,0,FALSE,FALSE,FALSE,FALSE,,,,,FALSE,11,18.3563,104.1478,1.04,0b1010101011000000,11,18.3535,104.1467,1.04,0b1010101011000000,18.35507067,104.147198,1.04,1.04,FALSE,none,,,paired,kept_unique_additional,0,1,additional_ecostress__382,TRUE,NamTheun1,namtheun1
575,NamTheun2,2019-12-07T13:48:17Z,9242,additional_ecostress,383,ECOSTRESS,lake_only,TRUE,FALSE,FALSE,7.97,,,,,,,,,,,,,,,,,,,,,,,,,,,,,,,,,,,Laos,39,,450,3.53,Nam Kading,01/01/2022,600,18.35507067,104.147198,,,,TRUE,enquiries@thpclaos.com,Y,2019-12-07T13:48:17Z,2019,12,341,13.804722222222225,20.74786875555556,,383,0,FALSE,FALSE,FALSE,FALSE,,,,,FALSE,12,17.9957,104.9521,0.8,0b1111111011000000,,,,,,18.35507067,104.147198,0.8,,FALSE,none,,,lake_only,kept_unique_additional,0,1,additional_ecostress__383,TRUE,NamTheun2,namtheun2
576,NamTheun2,2019-12-22T21:27:45Z,351,main_s2mask,351,ECOSTRESS,paired,TRUE,TRUE,TRUE,19.74465942,16.84332275,-2.90133667,15,3,20.30999755859375,17.550018310546875,19.75,17.089996337890625,18.850006103515625,15.89001465,0.411161929,0.857048094,70,70,70,70,,,,,/scratch/mr3882/SEA_dam/LST_processed/sentinel2_water_masks/NamTheun2/ECOSTRESS/NamTheun2_ECOv002_L2T_LSTE_08296_005_48QVE_20191222T212745_0712_01_LST_LST_s2_footprint_water_mask.tif,/scratch/mr3882/SEA_dam/LST_processed/sentinel2_water_masks/NamTheun2/ECOSTRESS/NamTheun2_ECOv002_L2T_LSTE_08296_005_48QVE_20191222T212745_0712_01_LST_LST_s2_footprint_water_mask.tif,,,,,496280,496280,495160,495160,1990170,1990170,1989120,1989120,Laos,39,,450,3.53,Nam Kading,01/01/2022,600,18.35507067,104.147198,,,,TRUE,enquiries@thpclaos.com,Y,2019-12-22T21:27:45Z,2019,12,356,21.4625,4.405646533333332,351,,,FALSE,FALSE,FALSE,FALSE,,,,,FALSE,,,,,,,,,,,18.35507067,104.147198,,,FALSE,none,,,paired,kept_main_paired_dropped_additional,1,0,,,NamTheun2,namtheun2
577,NamTheun2,2020-01-10T14:18:17Z,352,main_s2mask,352,ECOSTRESS,paired,TRUE,TRUE,TRUE,21.54998779,18.44329834,-3.106689453,28,3,22.089996337890625,18.92999267578125,21.64001465,18.30999755859375,20.610015869140625,18.089996337890625,0.351674587,0.435581654,70,70,70,70,,,,,/scratch/mr3882/SEA_dam/LST_processed/sentinel2_water_masks/NamTheun2/ECOSTRESS/NamTheun2_ECOv002_L2T_LSTE_08586_003_48QVE_20200110T141817_0712_01_LST_LST_s2_footprint_water_mask.tif,/scratch/mr3882/SEA_dam/LST_processed/sentinel2_water_masks/NamTheun2/ECOSTRESS/NamTheun2_ECOv002_L2T_LSTE_08586_003_48QVE_20200110T141817_0712_01_LST_LST_s2_footprint_water_mask.tif,,,,,496280,496280,495160,495160,1990170,1990170,1989120,1989120,Laos,39,,450,3.53,Nam Kading,01/01/2022,600,18.35507067,104.147198,,,,TRUE,enquiries@thpclaos.com,Y,2020-01-10T14:18:17Z,2020,1,10,14.304722222222225,21.24786875555556,352,,,FALSE,FALSE,FALSE,FALSE,,,,,FALSE,,,,,,,,,,,18.35507067,104.147198,,,FALSE,none,,,paired,kept_main_paired_dropped_additional,1,0,,,NamTheun2,namtheun2
578,NamTheun2,2020-02-22T21:04:33Z,353,main_s2mask,353,ECOSTRESS,paired,TRUE,TRUE,TRUE,17.37741089,16.63000488,-0.747406006,27,3,19.07000732421875,17.33001708984375,17.19000244140625,16.51000977,15.410003662109377,16.050018310546875,1.130420208,0.648382723,70,70,70,70,,,,,/scratch/mr3882/SEA_dam/LST_processed/sentinel2_water_masks/NamTheun2/ECOSTRESS/NamTheun2_ECOv002_L2T_LSTE_09257_004_48QVE_20200222T210433_0712_01_LST_LST_s2_footprint_water_mask.tif,/scratch/mr3882/SEA_dam/LST_processed/sentinel2_water_masks/NamTheun2/ECOSTRESS/NamTheun2_ECOv002_L2T_LSTE_09257_004_48QVE_20200222T210433_0712_01_LST_LST_s2_footprint_water_mask.tif,,,,,496280,496280,495160,495160,1990170,1990170,1989120,1989120,Laos,39,,450,3.53,Nam Kading,01/01/2022,600,18.35507067,104.147198,,,,TRUE,enquiries@thpclaos.com,Y,2020-02-22T21:04:33Z,2020,2,53,21.07583333333333,4.018979866666665,353,,,FALSE,FALSE,FALSE,FALSE,,,,,FALSE,,,,,,,,,,,18.35507067,104.147198,,,FALSE,none,,,paired,kept_main_paired_dropped_additional,1,0,,,NamTheun2,namtheun2
579,NamTheun2,2020-12-09T02:15:22Z,354,main_s2mask,354,ECOSTRESS,paired,TRUE,TRUE,TRUE,19.65786743,19.15002441,-0.507843018,28,3,20.730010986328125,19.290008544921875,19.68002319335937,19.209991455078125,18.230010986328125,18.95001220703125,0.528990984,0.177758932,70,70,70,70,,,,,/scratch/mr3882/SEA_dam/LST_processed/sentinel2_water_masks/NamTheun2/ECOSTRESS/NamTheun2_ECOv002_L2T_LSTE_13756_003_48QVE_20201209T021522_0712_01_LST_LST_s2_footprint_water_mask.tif,/scratch/mr3882/SEA_dam/LST_processed/sentinel2_water_masks/NamTheun2/ECOSTRESS/NamTheun2_ECOv002_L2T_LSTE_13756_003_48QVE_20201209T021522_0712_01_LST_LST_s2_footprint_water_mask.tif,,,,,496280,496280,495160,495160,1990170,1990170,1989120,1989120,Laos,39,,450,3.53,Nam Kading,01/01/2022,600,18.35507067,104.147198,,,,TRUE,enquiries@thpclaos.com,Y,2020-12-09T02:15:22Z,2020,12,344,2.256111111111111,9.199257644444444,354,,,FALSE,FALSE,FALSE,FALSE,,,,,FALSE,,,,,,,,,,,18.35507067,104.147198,,,FALSE,none,,,paired,kept_main_paired_dropped_additional,1,0,,,NamTheun2,namtheun2
580,NamTheun2,2021-02-10T01:19:23Z,355,main_s2mask,355,ECOSTRESS,paired,TRUE,TRUE,TRUE,18.35562134,17.95666504,-0.398956299,25,3,18.790008544921875,18.30999755859375,18.41000366210937,17.790008544921875,17.709991455078125,17.77001953,0.260034949,0.306149304,70,70,70,70,,,,,/scratch/mr3882/SEA_dam/LST_processed/sentinel2_water_masks/NamTheun2/ECOSTRESS/NamTheun2_ECOv002_L2T_LSTE_14732_002_48QVE_20210210T011923_0712_01_LST_LST_s2_footprint_water_mask.tif,/scratch/mr3882/SEA_dam/LST_processed/sentinel2_water_masks/NamTheun2/ECOSTRESS/NamTheun2_ECOv002_L2T_LSTE_14732_002_48QVE_20210210T011923_0712_01_LST_LST_s2_footprint_water_mask.tif,,,,,496280,496280,495160,495160,1990170,1990170,1989120,1989120,Laos,39,,450,3.53,Nam Kading,01/01/2022,600,18.35507067,104.147198,,,,TRUE,enquiries@thpclaos.com,Y,2021-02-10T01:19:23Z,2021,2,41,1.3230555555555557,8.266202088888889,355,,,FALSE,FALSE,FALSE,FALSE,,,,,FALSE,,,,,,,,,,,18.35507067,104.147198,,,FALSE,none,,,paired,kept_main_paired_dropped_additional,1,0,,,NamTheun2,namtheun2
581,NamTheun2,2022-01-05T14:57:36Z,356,main_s2mask,356,ECOSTRESS,paired,TRUE,TRUE,TRUE,20.15759277,17.52334595,-2.634246826,29,3,21.290008544921875,17.75,20.209991455078125,17.529998779296875,18.36999512,17.290008544921875,0.727569342,0.230068102,70,70,70,70,,,,,/scratch/mr3882/SEA_dam/LST_processed/sentinel2_water_masks/NamTheun2/ECOSTRESS/NamTheun2_ECOv002_L2T_LSTE_19852_006_48QVE_20220105T145736_0712_01_LST_LST_s2_footprint_water_mask.tif,/scratch/mr3882/SEA_dam/LST_processed/sentinel2_water_masks/NamTheun2/ECOSTRESS/NamTheun2_ECOv002_L2T_LSTE_19852_006_48QVE_20220105T145736_0712_01_LST_LST_s2_footprint_water_mask.tif,,,,,496280,496280,495160,495160,1990170,1990170,1989120,1989120,Laos,39,,450,3.53,Nam Kading,01/01/2022,600,18.35507067,104.147198,,,,TRUE,enquiries@thpclaos.com,Y,2022-01-05T14:57:36Z,2022,1,5,14.96,21.90314653333333,356,,,FALSE,FALSE,FALSE,FALSE,,,,,FALSE,,,,,,,,,,,18.35507067,104.147198,,,FALSE,none,,,paired,kept_main_paired_dropped_additional,1,0,,,NamTheun2,namtheun2
582,NamTheun2,2022-11-03T15:28:11Z,357,main_s2mask,357,ECOSTRESS,outlet_only,FALSE,TRUE,FALSE,,18.77667236,,,3,,19.110015869140625,,18.77001953,,18.45001220703125,,0.330052286,,70,,70,,,,,,/scratch/mr3882/SEA_dam/LST_processed/sentinel2_water_masks/NamTheun2/ECOSTRESS/NamTheun2_ECOv002_L2T_LSTE_24545_006_48QVE_20221103T152811_0712_02_LST_LST_s2_footprint_water_mask.tif,,,,,,496280,,495160,,1990170,,1989120,Laos,39,,450,3.53,Nam Kading,01/01/2022,600,18.35507067,104.147198,,,,TRUE,enquiries@thpclaos.com,Y,2022-11-03T15:28:11Z,2022,11,307,15.469722222222222,22.41286875555556,357,,,FALSE,FALSE,FALSE,FALSE,,,,,FALSE,,,,,,,,,,,18.35507067,104.147198,,,FALSE,none,,,outlet_only,kept_unique_main,1,0,,,NamTheun2,namtheun2
583,NamTheun2,2022-11-07T13:52:13Z,358,main_s2mask,358,ECOSTRESS,paired,TRUE,TRUE,TRUE,20.95959473,18.93667603,-2.022918701,25,3,21.709991455078125,19.110015869140625,21.01000977,19.089996337890625,20.350006103515625,18.610015869140625,0.354029238,0.283073038,70,70,70,70,,,,,/scratch/mr3882/SEA_dam/LST_processed/sentinel2_water_masks/NamTheun2/ECOSTRESS/NamTheun2_ECOv002_L2T_LSTE_24606_006_48QVE_20221107T135213_0710_01_LST_LST_s2_footprint_water_mask.tif,/scratch/mr3882/SEA_dam/LST_processed/sentinel2_water_masks/NamTheun2/ECOSTRESS/NamTheun2_ECOv002_L2T_LSTE_24606_006_48QVE_20221107T135213_0710_01_LST_LST_s2_footprint_water_mask.tif,,,,,496280,496280,495160,495160,1990170,1990170,1989120,1989120,Laos,39,,450,3.53,Nam Kading,01/01/2022,600,18.35507067,104.147198,,,,TRUE,enquiries@thpclaos.com,Y,2022-11-07T13:52:13Z,2022,11,311,13.870277777777778,20.813424311111117,358,,,FALSE,FALSE,FALSE,FALSE,,,,,FALSE,,,,,,,,,,,18.35507067,104.147198,,,FALSE,none,,,paired,kept_main_paired_dropped_additional,1,0,,,NamTheun2,namtheun2
584,NamTheun2,2022-12-31T02:50:06Z,359,main_s2mask,359,ECOSTRESS,paired,TRUE,TRUE,TRUE,16.86199951,16.74334717,-0.118652344,25,3,18.209991455078125,17.27001953,17.07000732421875,16.970001220703125,15.529998779296877,15.990020751953123,0.76284498,0.669423819,70,70,70,70,,,,,/scratch/mr3882/SEA_dam/LST_processed/sentinel2_water_masks/NamTheun2/ECOSTRESS/NamTheun2_ECOv002_L2T_LSTE_25436_002_48QVE_20221231T025006_0712_02_LST_LST_s2_footprint_water_mask.tif,/scratch/mr3882/SEA_dam/LST_processed/sentinel2_water_masks/NamTheun2/ECOSTRESS/NamTheun2_ECOv002_L2T_LSTE_25436_002_48QVE_20221231T025006_0712_02_LST_LST_s2_footprint_water_mask.tif,,,,,496280,496280,495160,495160,1990170,1990170,1989120,1989120,Laos,39,,450,3.53,Nam Kading,01/01/2022,600,18.35507067,104.147198,,,,TRUE,enquiries@thpclaos.com,Y,2022-12-31T02:50:06Z,2022,12,365,2.835,9.778146533333334,359,,,FALSE,FALSE,FALSE,FALSE,,,,,FALSE,,,,,,,,,,,18.35507067,104.147198,,,FALSE,none,,,paired,kept_main_paired_dropped_additional,1,0,,,NamTheun2,namtheun2
585,NamTheun2,2023-01-22T08:05:14Z,360,main_s2mask,360,ECOSTRESS,paired,TRUE,TRUE,TRUE,23.51501465,24.69000244,1.174987793,24,3,25.730010986328125,25.110015869140625,23.290008544921875,25.07000732421875,22.25,23.89001465,0.93084687,0.693107307,70,70,70,70,,,,,/scratch/mr3882/SEA_dam/LST_processed/sentinel2_water_masks/NamTheun2/ECOSTRESS/NamTheun2_ECOv002_L2T_LSTE_25781_005_48QVE_20230122T080514_0711_02_LST_LST_s2_footprint_water_mask.tif,/scratch/mr3882/SEA_dam/LST_processed/sentinel2_water_masks/NamTheun2/ECOSTRESS/NamTheun2_ECOv002_L2T_LSTE_25781_005_48QVE_20230122T080514_0711_02_LST_LST_s2_footprint_water_mask.tif,,,,,496280,496280,495160,495160,1990170,1990170,1989120,1989120,Laos,39,,450,3.53,Nam Kading,01/01/2022,600,18.35507067,104.147198,,,,TRUE,enquiries@thpclaos.com,Y,2023-01-22T08:05:14Z,2023,1,22,8.087222222222223,15.030368755555555,360,,,FALSE,FALSE,FALSE,FALSE,,,,,FALSE,,,,,,,,,,,18.35507067,104.147198,,,FALSE,none,,,paired,kept_main_paired_dropped_additional,1,0,,,NamTheun2,namtheun2
586,NamTheun2,2023-01-22T17:56:48Z,361,main_s2mask,361,ECOSTRESS,paired,TRUE,TRUE,TRUE,16.52749634,14.57000732,-1.957489014,24,3,18.290008544921875,15.149993896484377,16.339996337890625,14.39001465,14.029998779296877,14.170013427734377,1.017011285,0.514187157,70,70,70,70,,,,,/scratch/mr3882/SEA_dam/LST_processed/sentinel2_water_masks/NamTheun2/ECOSTRESS/NamTheun2_ECOv002_L2T_LSTE_25787_010_48QVE_20230122T175648_0711_02_LST_LST_s2_footprint_water_mask.tif,/scratch/mr3882/SEA_dam/LST_processed/sentinel2_water_masks/NamTheun2/ECOSTRESS/NamTheun2_ECOv002_L2T_LSTE_25787_010_48QVE_20230122T175648_0711_02_LST_LST_s2_footprint_water_mask.tif,,,,,496280,496280,495160,495160,1990170,1990170,1989120,1989120,Laos,39,,450,3.53,Nam Kading,01/01/2022,600,18.35507067,104.147198,,,,TRUE,enquiries@thpclaos.com,Y,2023-01-22T17:56:48Z,2023,1,22,17.946666666666665,0.8898132,361,,,FALSE,FALSE,FALSE,FALSE,,,,,FALSE,,,,,,,,,,,18.35507067,104.147198,,,FALSE,none,,,paired,kept_main_paired_dropped_additional,1,0,,,NamTheun2,namtheun2
587,Pak Mun,2021-02-13T23:45:58Z,9243,additional_ecostress,394,ECOSTRESS,paired,TRUE,TRUE,TRUE,18.59,17.13,-1.46,,,,,,,,,,,,,,,,,,,,,,,,,,,,,,,,,Thailand,17,1073.67,86.9,229,Mun,01/01/1990,100.7037277,15.279583,105.467083,,,,,,,2021-02-13T23:45:58Z,2021,2,44,23.766111111111112,6.797249977777778,,394,0,FALSE,FALSE,FALSE,FALSE,,,,,FALSE,50,15.281,105.4679,1.36,0b1001101011000000,50,15.2827,105.4681,1.36,0b1001101011000000,15.279583,105.467083,1.36,1.36,FALSE,none,,,paired,kept_unique_additional,0,1,additional_ecostress__394,TRUE,Pak Mun,pakmun
588,Pantabangan,2020-02-21T20:17:37Z,9244,additional_ecostress,395,ECOSTRESS,paired,TRUE,TRUE,TRUE,18.37,18.69,0.3200000000000003,,,,,,,,,,,,,,,,,,,,,,,,,,,,,,,,,Philippines,107,468.26,37.9,2996,Upper Papanga,01/01/1974,140.4788055,15.81625,121.10875,,,,,,,2020-02-21T20:17:37Z,2020,2,52,20.29361111111111,4.367527777777781,,395,1,TRUE,FALSE,FALSE,FALSE,1,362,,,FALSE,36,15.8101,121.1166,1.12,0b1001111011000000,36,15.8101,121.1092,1.12,0b1001111011000000,15.81625,121.10875,1.12,1.12,FALSE,none,,,paired,kept_unique_additional,0,1,additional_ecostress__395,TRUE,Pantabangan,pantabangan
589,Pantabangan,2020-02-21T20:17:38Z,362,main_s2mask,362,ECOSTRESS,lake_only,TRUE,FALSE,FALSE,19.03097534,,,41,,19.610015869140625,,19.110015869140625,,18.17001342773437,,0.345310092,,70,,70,,,,,,/scratch/mr3882/SEA_dam/LST_processed/sentinel2_water_masks/Pantabangan/ECOSTRESS/Pantabangan_ECOv002_L2T_LSTE_09241_006_51PTT_20200221T201738_0712_01_LST_LST_s2_footprint_water_mask.tif,,,,,,298190,,297210,,1749740,,1748620,,Philippines,107,468.26,37.9,2996,Upper Papanga,01/01/1974,140.4788055,15.81625,121.10875,,,,,,,2020-02-21T20:17:38Z,2020,2,52,20.29388888888889,4.367805555555556,362,,,FALSE,FALSE,FALSE,FALSE,,,,,FALSE,,,,,,,,,,,15.81625,121.10875,,,FALSE,none,,,lake_only,kept_unique_main,1,0,,,Pantabangan,pantabangan
590,Pantabangan,2021-12-31T02:28:11Z,363,main_s2mask,363,ECOSTRESS,paired,TRUE,TRUE,TRUE,30.62142944,28.23,-2.391429443,7,,32.36999512,,30.51000977,,28.91000366210937,,1.29299736,,70,,70,,,,,,/scratch/mr3882/SEA_dam/LST_processed/sentinel2_water_masks/Pantabangan/ECOSTRESS/Pantabangan_ECOv002_L2T_LSTE_19766_016_51PTT_20211231T022811_0712_02_LST_LST_s2_footprint_water_mask.tif,,,,,,298190,,297210,,1749740,,1748620,,Philippines,107,468.26,37.9,2996,Upper Papanga,01/01/1974,140.4788055,15.81625,121.10875,,,,,,,2021-12-31T02:28:11Z,2021,12,365,2.4697222222222224,10.54363888888889,363,,,FALSE,FALSE,FALSE,FALSE,,,,,FALSE,,,,,,36,15.8101,121.1092,1.36,0b1001111011000000,15.81625,121.10875,,1.36,TRUE,outlet,Tm_o;ID_o;Latitude_o;Longitude_o;ECO2LSTE_001_SDS_LST_err_o;QC_bitmask_o;LSTerr_o;Latitude_ref;Longitude_ref,9245,lake_only,kept_main_filled_outlet_from_additional,1,1,,,Pantabangan,pantabangan
591,Pantabangan,2023-02-13T21:38:59Z,9246,additional_ecostress,397,ECOSTRESS,paired,TRUE,TRUE,TRUE,18.37,18.71,0.3399999999999998,,,,,,,,,,,,,,,,,,,,,,,,,,,,,,,,,Philippines,107,468.26,37.9,2996,Upper Papanga,01/01/1974,140.4788055,15.81625,121.10875,,,,,,,2023-02-13T21:38:59Z,2023,2,44,21.649722222222223,5.7236388888888925,,397,0,FALSE,FALSE,FALSE,FALSE,,,,,FALSE,36,15.8101,121.1166,1.2,0b1001111011000000,36,15.8101,121.1092,1.2,0b1001111011000000,15.81625,121.10875,1.2,1.2,FALSE,none,,,paired,kept_unique_additional,0,1,additional_ecostress__397,TRUE,Pantabangan,pantabangan
592,Phyu,2020-01-13T13:29:54Z,364,main_s2mask,364,ECOSTRESS,paired,TRUE,TRUE,TRUE,23.40176392,18.31,-5.091763916,17,,24.45001220703125,,23.350006103515625,,22.209991455078125,,0.660382748,,70,,70,,,,,,/scratch/mr3882/SEA_dam/LST_processed/sentinel2_water_masks/Phyu/ECOSTRESS/Phyu_ECOv002_L2T_LSTE_08632_001_47QKA_20200113T132954_0712_01_LST_LST_s2_footprint_water_mask.tif,,,,,,220980,,219860,,2048760,,2047850,,Myanmar,74.7,1200.93,24,727,Pyu Chaung,01/01/2013,85.2789917,18.506214,96.351028,,,,,procurement.dhpi@moep.gov.mm,,2020-01-13T13:29:54Z,2020,1,13,13.498333333333331,19.9217352,364,,,FALSE,FALSE,FALSE,FALSE,,,,,FALSE,,,,,,61,18.5077,96.3568,1.36,0b1001111011000000,18.506214,96.351028,,1.36,TRUE,outlet,Tm_o;ID_o;Latitude_o;Longitude_o;ECO2LSTE_001_SDS_LST_err_o;QC_bitmask_o;LSTerr_o;Latitude_ref;Longitude_ref,9247,lake_only,kept_main_filled_outlet_from_additional,1,1,,,Phyu,phyu
593,Phyu,2020-11-21T10:03:13Z,9248,additional_ecostress,399,ECOSTRESS,paired,TRUE,TRUE,TRUE,26.63,24.43,-2.2,,,,,,,,,,,,,,,,,,,,,,,,,,,,,,,,,Myanmar,74.7,1200.93,24,727,Pyu Chaung,01/01/2013,85.2789917,18.506214,96.351028,,,,,procurement.dhpi@moep.gov.mm,,2020-11-21T10:03:13Z,2020,11,326,10.053611111111111,16.47701297777778,,399,1,TRUE,FALSE,FALSE,FALSE,1,365,,,FALSE,61,18.5048,96.3514,1.28,0b1001111011000000,61,18.5077,96.3568,1.28,0b1001111011000000,18.506214,96.351028,1.28,1.28,FALSE,none,,,paired,kept_unique_additional,0,1,additional_ecostress__399,TRUE,Phyu,phyu
594,Phyu,2020-11-21T10:03:14Z,365,main_s2mask,365,ECOSTRESS,lake_only,TRUE,FALSE,FALSE,27.20333862,,,18,,27.86999512,,27.07000732421875,,26.42999267578125,,0.454827458,,70,,70,,,,,,/scratch/mr3882/SEA_dam/LST_processed/sentinel2_water_masks/Phyu/ECOSTRESS/Phyu_ECOv002_L2T_LSTE_13482_002_46QHF_20201121T100314_0712_01_LST_LST_s2_footprint_water_mask.tif,,,,,,854510,,853460,,2050020,,2049040,,Myanmar,74.7,1200.93,24,727,Pyu Chaung,01/01/2013,85.2789917,18.506214,96.351028,,,,,procurement.dhpi@moep.gov.mm,,2020-11-21T10:03:14Z,2020,11,326,10.05388888888889,16.477290755555558,365,,,FALSE,FALSE,FALSE,FALSE,,,,,FALSE,,,,,,,,,,,18.506214,96.351028,,,FALSE,none,,,lake_only,kept_unique_main,1,0,,,Phyu,phyu
595,Phyu,2020-12-11T02:15:26Z,9249,additional_ecostress,400,ECOSTRESS,paired,TRUE,TRUE,TRUE,24.91,22.71,-2.2,,,,,,,,,,,,,,,,,,,,,,,,,,,,,,,,,Myanmar,74.7,1200.93,24,727,Pyu Chaung,01/01/2013,85.2789917,18.506214,96.351028,,,,,procurement.dhpi@moep.gov.mm,,2020-12-11T02:15:26Z,2020,12,346,2.257222222222222,8.680624088888889,,400,1,TRUE,FALSE,FALSE,FALSE,1,366,,,FALSE,61,18.5048,96.3514,1.36,0b1001111011000000,61,18.5077,96.3568,1.36,0b1001101011000000,18.506214,96.351028,1.36,1.36,FALSE,none,,,paired,kept_unique_additional,0,1,additional_ecostress__400,TRUE,Phyu,phyu
596,Phyu,2020-12-11T02:15:27Z,366,main_s2mask,366,ECOSTRESS,lake_only,TRUE,FALSE,FALSE,25.20748901,,,16,,25.80999755859375,,25.220001220703125,,24.290008544921875,,0.448159993,,70,,70,,,,,,/scratch/mr3882/SEA_dam/LST_processed/sentinel2_water_masks/Phyu/ECOSTRESS/Phyu_ECOv002_L2T_LSTE_13787_001_46QHF_20201211T021527_0712_01_LST_LST_s2_footprint_water_mask.tif,,,,,,854510,,853460,,2050020,,2049040,,Myanmar,74.7,1200.93,24,727,Pyu Chaung,01/01/2013,85.2789917,18.506214,96.351028,,,,,procurement.dhpi@moep.gov.mm,,2020-12-11T02:15:27Z,2020,12,346,2.2575,8.680901866666666,366,,,FALSE,FALSE,FALSE,FALSE,,,,,FALSE,,,,,,,,,,,18.506214,96.351028,,,FALSE,none,,,lake_only,kept_unique_main,1,0,,,Phyu,phyu
597,Phyu,2021-01-15T12:11:29Z,367,main_s2mask,367,ECOSTRESS,paired,TRUE,TRUE,TRUE,23.13131714,19.65,-3.481317139,15,,24.33001708984375,,23.25,,21.709991455078125,,0.766570747,,70,,70,,,,,,/scratch/mr3882/SEA_dam/LST_processed/sentinel2_water_masks/Phyu/ECOSTRESS/Phyu_ECOv002_L2T_LSTE_14336_003_47QKA_20210115T121129_0712_01_LST_LST_s2_footprint_water_mask.tif,,,,,,220980,,219860,,2048760,,2047850,,Myanmar,74.7,1200.93,24,727,Pyu Chaung,01/01/2013,85.2789917,18.506214,96.351028,,,,,procurement.dhpi@moep.gov.mm,,2021-01-15T12:11:29Z,2021,1,15,12.19138888888889,18.61479075555556,367,,,FALSE,FALSE,FALSE,FALSE,,,,,FALSE,,,,,,61,18.5077,96.3568,1.28,0b1001101011000000,18.506214,96.351028,,1.28,TRUE,outlet,Tm_o;ID_o;Latitude_o;Longitude_o;ECO2LSTE_001_SDS_LST_err_o;QC_bitmask_o;LSTerr_o;Latitude_ref;Longitude_ref,9250,lake_only,kept_main_filled_outlet_from_additional,1,1,,,Phyu,phyu
598,Phyu,2021-02-04T04:25:59Z,9251,additional_ecostress,402,ECOSTRESS,paired,TRUE,TRUE,TRUE,27.89,29.19,1.3000000000000007,,,,,,,,,,,,,,,,,,,,,,,,,,,,,,,,,Myanmar,74.7,1200.93,24,727,Pyu Chaung,01/01/2013,85.2789917,18.506214,96.351028,,,,,procurement.dhpi@moep.gov.mm,,2021-02-04T04:25:59Z,2021,2,35,4.433055555555556,10.856457422222222,,402,1,TRUE,FALSE,FALSE,FALSE,1,368,,,FALSE,61,18.5048,96.3514,1.28,0b1001111011000000,61,18.5077,96.3568,1.28,0b1001101011000000,18.506214,96.351028,1.28,1.28,FALSE,none,,,paired,kept_unique_additional,0,1,additional_ecostress__402,TRUE,Phyu,phyu
599,Phyu,2021-02-04T04:26:00Z,368,main_s2mask,368,ECOSTRESS,lake_only,TRUE,FALSE,FALSE,27.30691528,,,13,,30.19000244140625,,27.029998779296875,,26.089996337890625,,1.043068886,,70,,70,,,,,,/scratch/mr3882/SEA_dam/LST_processed/sentinel2_water_masks/Phyu/ECOSTRESS/Phyu_ECOv002_L2T_LSTE_14641_001_47QKA_20210204T042600_0712_01_LST_LST_s2_footprint_water_mask.tif,,,,,,220980,,219860,,2048760,,2047850,,Myanmar,74.7,1200.93,24,727,Pyu Chaung,01/01/2013,85.2789917,18.506214,96.351028,,,,,procurement.dhpi@moep.gov.mm,,2021-02-04T04:26:00Z,2021,2,35,4.433333333333334,10.8567352,368,,,FALSE,FALSE,FALSE,FALSE,,,,,FALSE,,,,,,,,,,,18.506214,96.351028,,,FALSE,none,,,lake_only,kept_unique_main,1,0,,,Phyu,phyu
600,Phyu,2021-02-27T19:08:48Z,9252,additional_ecostress,403,ECOSTRESS,paired,TRUE,TRUE,TRUE,23.55,20.19,-3.36,,,,,,,,,,,,,,,,,,,,,,,,,,,,,,,,,Myanmar,74.7,1200.93,24,727,Pyu Chaung,01/01/2013,85.2789917,18.506214,96.351028,,,,,procurement.dhpi@moep.gov.mm,,2021-02-27T19:08:48Z,2021,2,58,19.146666666666665,1.5700685333333304,,403,1,TRUE,FALSE,FALSE,FALSE,1,369,,,FALSE,61,18.5048,96.3514,1.36,0b1001101011000000,61,18.5077,96.3568,1.36,0b1001111011000000,18.506214,96.351028,1.36,1.36,FALSE,none,,,paired,kept_unique_additional,0,1,additional_ecostress__403,TRUE,Phyu,phyu
601,Phyu,2021-02-27T19:08:49Z,369,main_s2mask,369,ECOSTRESS,lake_only,TRUE,FALSE,FALSE,23.20385742,,,13,,24.41000366210937,,23.470001220703125,,21.45001220703125,,0.756456256,,70,,70,,,,,,/scratch/mr3882/SEA_dam/LST_processed/sentinel2_water_masks/Phyu/ECOSTRESS/Phyu_ECOv002_L2T_LSTE_15007_002_46QHF_20210227T190849_0712_01_LST_LST_s2_footprint_water_mask.tif,,,,,,854510,,853460,,2050020,,2049040,,Myanmar,74.7,1200.93,24,727,Pyu Chaung,01/01/2013,85.2789917,18.506214,96.351028,,,,,procurement.dhpi@moep.gov.mm,,2021-02-27T19:08:49Z,2021,2,58,19.146944444444443,1.5703463111111091,369,,,FALSE,FALSE,FALSE,FALSE,,,,,FALSE,,,,,,,,,,,18.506214,96.351028,,,FALSE,none,,,lake_only,kept_unique_main,1,0,,,Phyu,phyu
602,Phyu,2022-01-27T06:59:16Z,370,main_s2mask,370,ECOSTRESS,paired,TRUE,TRUE,TRUE,28.64456177,33.15,4.505438232421898,11,,31.110015869140625,,28.39001465,,27.850006103515625,,0.913199723,,70,,70,,,,,,/scratch/mr3882/SEA_dam/LST_processed/sentinel2_water_masks/Phyu/ECOSTRESS/Phyu_ECOv002_L2T_LSTE_20188_003_47QKA_20220127T065916_0712_01_LST_LST_s2_footprint_water_mask.tif,,,,,,220980,,219860,,2048760,,2047850,,Myanmar,74.7,1200.93,24,727,Pyu Chaung,01/01/2013,85.2789917,18.506214,96.351028,,,,,procurement.dhpi@moep.gov.mm,,2022-01-27T06:59:16Z,2022,1,27,6.987777777777778,13.411179644444443,370,,,FALSE,FALSE,FALSE,FALSE,,,,,FALSE,,,,,,61,18.5077,96.3568,1.32,0b1001101011000000,18.506214,96.351028,,1.32,TRUE,outlet,Tm_o;ID_o;Latitude_o;Longitude_o;ECO2LSTE_001_SDS_LST_err_o;QC_bitmask_o;LSTerr_o;Latitude_ref;Longitude_ref,9253,lake_only,kept_main_filled_outlet_from_additional,1,1,,,Phyu,phyu
603,Phyu,2022-01-31T05:23:41Z,9254,additional_ecostress,405,ECOSTRESS,paired,TRUE,TRUE,TRUE,25.55,26.21,0.6600000000000001,,,,,,,,,,,,,,,,,,,,,,,,,,,,,,,,,Myanmar,74.7,1200.93,24,727,Pyu Chaung,01/01/2013,85.2789917,18.506214,96.351028,,,,,procurement.dhpi@moep.gov.mm,,2022-01-31T05:23:41Z,2022,1,31,5.394722222222223,11.81812408888889,,405,1,TRUE,FALSE,FALSE,FALSE,1,371,,,FALSE,61,18.5048,96.3514,1.16,0b1010111011000000,61,18.5077,96.3568,1.16,0b1010101011000000,18.506214,96.351028,1.16,1.16,FALSE,none,,,paired,kept_unique_additional,0,1,additional_ecostress__405,TRUE,Phyu,phyu
604,Phyu,2022-01-31T05:23:42Z,371,main_s2mask,371,ECOSTRESS,lake_only,TRUE,FALSE,FALSE,25.67498779,,,12,,28.209991455078125,,25.38998413085937,,24.14999389648437,,1.317660093,,70,,70,,,,,,/scratch/mr3882/SEA_dam/LST_processed/sentinel2_water_masks/Phyu/ECOSTRESS/Phyu_ECOv002_L2T_LSTE_20249_001_46QHF_20220131T052342_0712_01_LST_LST_s2_footprint_water_mask.tif,,,,,,854510,,853460,,2050020,,2049040,,Myanmar,74.7,1200.93,24,727,Pyu Chaung,01/01/2013,85.2789917,18.506214,96.351028,,,,,procurement.dhpi@moep.gov.mm,,2022-01-31T05:23:42Z,2022,1,31,5.3950000000000005,11.818401866666669,371,,,FALSE,FALSE,FALSE,FALSE,,,,,FALSE,,,,,,,,,,,18.506214,96.351028,,,FALSE,none,,,lake_only,kept_unique_main,1,0,,,Phyu,phyu
605,Phyu,2022-02-11T01:24:26Z,372,main_s2mask,372,ECOSTRESS,paired,TRUE,TRUE,TRUE,21.13406372,18.31,-2.824063721,15,,22.27001953,,21.41000366210937,,20.19000244140625,,0.666515052,,70,,70,,,,,,/scratch/mr3882/SEA_dam/LST_processed/sentinel2_water_masks/Phyu/ECOSTRESS/Phyu_ECOv002_L2T_LSTE_20417_001_46QHF_20220211T012426_0712_01_LST_LST_s2_footprint_water_mask.tif,,,,,,854510,,853460,,2050020,,2049040,,Myanmar,74.7,1200.93,24,727,Pyu Chaung,01/01/2013,85.2789917,18.506214,96.351028,,,,,procurement.dhpi@moep.gov.mm,,2022-02-11T01:24:26Z,2022,2,42,1.4072222222222222,7.830624088888888,372,,,FALSE,FALSE,FALSE,FALSE,,,,,FALSE,,,,,,61,18.5077,96.3568,1.04,0b1010101011000000,18.506214,96.351028,,1.04,TRUE,outlet,Tm_o;ID_o;Latitude_o;Longitude_o;ECO2LSTE_001_SDS_LST_err_o;QC_bitmask_o;LSTerr_o;Latitude_ref;Longitude_ref,9255,lake_only,kept_main_filled_outlet_from_additional,1,1,,,Phyu,phyu
606,Phyu,2022-02-26T19:00:13Z,373,main_s2mask,373,ECOSTRESS,paired,TRUE,TRUE,TRUE,21.94287109,17.23,-4.712871094,14,,23.029998779296875,,22.240020751953125,,19.790008544921875,,1.027694345,,70,,70,,,,,,/scratch/mr3882/SEA_dam/LST_processed/sentinel2_water_masks/Phyu/ECOSTRESS/Phyu_ECOv002_L2T_LSTE_20661_003_46QHF_20220226T190013_0712_01_LST_LST_s2_footprint_water_mask.tif,,,,,,854510,,853460,,2050020,,2049040,,Myanmar,74.7,1200.93,24,727,Pyu Chaung,01/01/2013,85.2789917,18.506214,96.351028,,,,,procurement.dhpi@moep.gov.mm,,2022-02-26T19:00:13Z,2022,2,57,19.003611111111116,1.4270129777777782,373,,,FALSE,FALSE,FALSE,FALSE,,,,,FALSE,,,,,,61,18.5077,96.3568,1.12,0b1001111011000000,18.506214,96.351028,,1.12,TRUE,outlet,Tm_o;ID_o;Latitude_o;Longitude_o;ECO2LSTE_001_SDS_LST_err_o;QC_bitmask_o;LSTerr_o;Latitude_ref;Longitude_ref,9256,lake_only,kept_main_filled_outlet_from_additional,1,1,,,Phyu,phyu
607,Phyu,2023-01-13T12:07:17Z,9257,additional_ecostress,408,ECOSTRESS,paired,TRUE,TRUE,TRUE,24.95,20.17,-4.78,,,,,,,,,,,,,,,,,,,,,,,,,,,,,,,,,Myanmar,74.7,1200.93,24,727,Pyu Chaung,01/01/2013,85.2789917,18.506214,96.351028,,,,,procurement.dhpi@moep.gov.mm,,2023-01-13T12:07:17Z,2023,1,13,12.12138888888889,18.54479075555556,,408,1,TRUE,FALSE,FALSE,FALSE,1,374,,,FALSE,61,18.5048,96.3514,1.08,0b1010101011000000,61,18.5077,96.3568,1.08,0b1010111011000000,18.506214,96.351028,1.08,1.08,FALSE,none,,,paired,kept_unique_additional,0,1,additional_ecostress__408,TRUE,Phyu,phyu
608,Phyu,2023-01-13T12:07:18Z,374,main_s2mask,374,ECOSTRESS,lake_only,TRUE,FALSE,FALSE,24.23355103,,,17,,24.91000366210937,,24.27001953,,23.36999512,,0.474461824,,70,,70,,,,,,/scratch/mr3882/SEA_dam/LST_processed/sentinel2_water_masks/Phyu/ECOSTRESS/Phyu_ECOv002_L2T_LSTE_25644_003_47QKA_20230113T120718_0710_01_LST_LST_s2_footprint_water_mask.tif,,,,,,220980,,219860,,2048760,,2047850,,Myanmar,74.7,1200.93,24,727,Pyu Chaung,01/01/2013,85.2789917,18.506214,96.351028,,,,,procurement.dhpi@moep.gov.mm,,2023-01-13T12:07:18Z,2023,1,13,12.121666666666668,18.545068533333332,374,,,FALSE,FALSE,FALSE,FALSE,,,,,FALSE,,,,,,,,,,,18.506214,96.351028,,,FALSE,none,,,lake_only,kept_unique_main,1,0,,,Phyu,phyu
609,Phyu,2023-01-17T10:29:20Z,375,main_s2mask,375,ECOSTRESS,paired,TRUE,TRUE,TRUE,25.58880615,23.99,-1.598806152,17,,27.01000977,,25.39001465,,24.36999512,,0.656828761,,70,,70,,,,,,/scratch/mr3882/SEA_dam/LST_processed/sentinel2_water_masks/Phyu/ECOSTRESS/Phyu_ECOv002_L2T_LSTE_25705_003_46QHF_20230117T102920_0712_01_LST_LST_s2_footprint_water_mask.tif,,,,,,854510,,853460,,2050020,,2049040,,Myanmar,74.7,1200.93,24,727,Pyu Chaung,01/01/2013,85.2789917,18.506214,96.351028,,,,,procurement.dhpi@moep.gov.mm,,2023-01-17T10:29:20Z,2023,1,17,10.488888888888887,16.912290755555556,375,,,FALSE,FALSE,FALSE,FALSE,,,,,FALSE,,,,,,61,18.5077,96.3568,1.16,0b1001111011000000,18.506214,96.351028,,1.16,TRUE,outlet,Tm_o;ID_o;Latitude_o;Longitude_o;ECO2LSTE_001_SDS_LST_err_o;QC_bitmask_o;LSTerr_o;Latitude_ref;Longitude_ref,9258,lake_only,kept_main_filled_outlet_from_additional,1,1,,,Phyu,phyu
610,Phyu,2023-02-09T01:36:36Z,376,main_s2mask,376,ECOSTRESS,lake_only,TRUE,FALSE,FALSE,22.0453186,,,17,,22.91000366210937,,22.13000488,,21.110015869140625,,0.537886977,,70,,70,,,,,,/scratch/mr3882/SEA_dam/LST_processed/sentinel2_water_masks/Phyu/ECOSTRESS/Phyu_ECOv002_L2T_LSTE_26056_002_47QKA_20230209T013636_0710_01_LST_LST_s2_footprint_water_mask.tif,,,,,,220980,,219860,,2048760,,2047850,,Myanmar,74.7,1200.93,24,727,Pyu Chaung,01/01/2013,85.2789917,18.506214,96.351028,,,,,procurement.dhpi@moep.gov.mm,,2023-02-09T01:36:36Z,2023,2,40,1.61,8.033401866666667,376,,,FALSE,FALSE,FALSE,FALSE,,,,,FALSE,,,,,,,,,,,18.506214,96.351028,,,FALSE,none,,,lake_only,kept_unique_main,1,0,,,Phyu,phyu
611,Pulangi 4,2020-04-11T00:04:04Z,9259,additional_ecostress,411,ECOSTRESS,paired,TRUE,TRUE,TRUE,27.33,30.09,2.7600000000000016,,,,,,,,,,,,,,,,,,,,,,,,,,,,,,,,,Philippines,17,128.49,10.4,100,Pulangi,01/01/1986,273.2290649,7.787083,125.025417,,,,,,,2020-04-11T00:04:04Z,2020,4,102,0.067777778,8.402805577777778,,411,0,FALSE,FALSE,FALSE,FALSE,,,,,FALSE,40,7.789,125.0246,1.2,0b1001111011000000,40,7.7858,125.0246,1.2,0b1001111011000000,7.787083,125.025417,1.2,1.2,FALSE,none,,,paired,kept_unique_additional,0,1,additional_ecostress__411,TRUE,Pulangi 4,pulangi4
612,Pulangi 4,2020-03-11T23:11:05Z,377,main_s2mask,377,ECOSTRESS,outlet_only,FALSE,TRUE,FALSE,,18.62503052,,,16,,19.14999389648437,,18.39999389648437,,18.089996337890625,,0.377464652,,70,,70,,,,,,/scratch/mr3882/SEA_dam/LST_processed/sentinel2_water_masks/Pulangi4/ECOSTRESS/Pulangi4_ECOv002_L2T_LSTE_09537_005_51NYJ_20200311T231105_0712_01_LST_LST_s2_footprint_water_mask.tif,,,,,,723690,,722640,,861710,,860660,,,,,,,,273.2290649,7.787083,125.025417,,,,,,,2020-03-11T23:11:05Z,2020,3,71,23.184722222222224,23.184722222222224,377,,,FALSE,FALSE,FALSE,FALSE,,,,,FALSE,,,,,,,,,,,7.787083,125.025417,,,FALSE,none,,,outlet_only,kept_unique_main,1,0,,,Pulangi4,pulangi4
613,Pulangi 4,2020-04-11T00:04:05Z,378,main_s2mask,378,ECOSTRESS,outlet_only,FALSE,TRUE,FALSE,,28.78286743,,,45,,30.69000244140625,,28.57000732421875,,27.33001708984375,,0.770667434,,70,,70,,,,,,/scratch/mr3882/SEA_dam/LST_processed/sentinel2_water_masks/Pulangi4/ECOSTRESS/Pulangi4_ECOv002_L2T_LSTE_10003_003_51NYJ_20200411T000405_0712_01_LST_LST_s2_footprint_water_mask.tif,,,,,,723690,,722640,,861710,,860660,,,,,,,,273.2290649,7.787083,125.025417,,,,,,,2020-04-11T00:04:05Z,2020,4,102,0.068055556,0.068055556,378,,,FALSE,FALSE,FALSE,FALSE,,,,,FALSE,,,,,,,,,,,7.787083,125.025417,,,FALSE,none,,,outlet_only,kept_unique_main,1,0,,,Pulangi4,pulangi4
614,Saguling,2019-06-17T22:33:58Z,9260,additional_ecostress,412,ECOSTRESS,paired,TRUE,TRUE,TRUE,16.53,15.61,-0.92,,,,,,,,,,,,,,,,,,,,,,,,,,,,,,,,,Indonesia,99,395.37,32,875,Citarum,01/01/1986,597.8286133,-6.912917,107.367083,,,,,,,2019-06-17T22:33:58Z,2019,6,168,22.566111111111116,5.723916644444444,,412,0,FALSE,FALSE,FALSE,FALSE,,,,,FALSE,8,-6.914,107.3666,1.2,0b1001101011000000,8,-6.9104,107.3645,1.2,0b1001111011000000,-6.912917,107.367083,1.2,1.2,FALSE,none,,,paired,kept_unique_additional,0,1,additional_ecostress__412,TRUE,Saguling,saguling
615,Saguling,2019-08-30T17:14:46Z,9261,additional_ecostress,413,ECOSTRESS,paired,TRUE,TRUE,TRUE,17.13,16.55,-0.58,,,,,,,,,,,,,,,,,,,,,,,,,,,,,,,,,Indonesia,99,395.37,32,875,Citarum,01/01/1986,597.8286133,-6.912917,107.367083,,,,,,,2019-08-30T17:14:46Z,2019,8,242,17.246111111111112,0.4039166444444433,,413,0,FALSE,FALSE,FALSE,FALSE,,,,,FALSE,8,-6.914,107.3666,1.12,0b1010111011000000,8,-6.9104,107.3645,1.12,0b1001111011000000,-6.912917,107.367083,1.12,1.12,FALSE,none,,,paired,kept_unique_additional,0,1,additional_ecostress__413,TRUE,Saguling,saguling
616,Saguling,2019-09-13T00:46:03Z,9262,additional_ecostress,414,ECOSTRESS,paired,TRUE,TRUE,TRUE,20.59,19.65,-0.94,,,,,,,,,,,,,,,,,,,,,,,,,,,,,,,,,Indonesia,99,395.37,32,875,Citarum,01/01/1986,597.8286133,-6.912917,107.367083,,,,,,,2019-09-13T00:46:03Z,2019,9,256,0.7675000000000001,7.925305533333333,,414,0,FALSE,FALSE,FALSE,FALSE,,,,,FALSE,8,-6.914,107.3666,1.24,0b1001101011000000,8,-6.9104,107.3645,1.24,0b1001101011000000,-6.912917,107.367083,1.24,1.24,FALSE,none,,,paired,kept_unique_additional,0,1,additional_ecostress__414,TRUE,Saguling,saguling
617,Saguling,2022-06-29T05:02:31Z,9263,additional_ecostress,415,ECOSTRESS,paired,TRUE,TRUE,TRUE,28.09,27.65,-0.44,,,,,,,,,,,,,,,,,,,,,,,,,,,,,,,,,Indonesia,99,395.37,32,875,Citarum,01/01/1986,597.8286133,-6.912917,107.367083,,,,,,,2022-06-29T05:02:31Z,2022,6,180,5.041944444444444,12.199749977777778,,415,0,FALSE,FALSE,FALSE,FALSE,,,,,FALSE,8,-6.914,107.3666,1.36,0b1001101011000000,8,-6.9104,107.3645,1.36,0b1001101011000000,-6.912917,107.367083,1.36,1.36,FALSE,none,,,paired,kept_unique_additional,0,1,additional_ecostress__415,TRUE,Saguling,saguling
618,Sedawgyi,2019-12-09T03:56:17Z,379,main_s2mask,379,ECOSTRESS,paired,TRUE,TRUE,TRUE,24.38458252,25.71,1.3254174804688006,85,,27.529998779296875,,24.230010986328125,,23.730010986328125,,0.64149636,,70,,70,,,,,,/scratch/mr3882/SEA_dam/LST_processed/sentinel2_water_masks/Sedawgyi/ECOSTRESS/Sedawgyi_ECOv002_L2T_LSTE_08083_002_47QKE_20191209T035617_0712_01_LST_LST_s2_footprint_water_mask.tif,,,,,,225110,,224060,,2474400,,2473350,,Myanmar,41,383.01,31,450,Chaungmagyi,01/01/1989,95.85847473,22.349583,96.325417,,,,,procurement.dhpi@moep.gov.mm,,2019-12-09T03:56:17Z,2019,12,343,3.938055555555555,10.359750022222222,379,,,FALSE,FALSE,FALSE,FALSE,,,,,FALSE,,,,,,67,22.3445,96.3246,1.16,0b1001111011000000,22.349583,96.325417,,1.16,TRUE,outlet,Tm_o;ID_o;Latitude_o;Longitude_o;ECO2LSTE_001_SDS_LST_err_o;QC_bitmask_o;LSTerr_o;Latitude_ref;Longitude_ref,9264,lake_only,kept_main_filled_outlet_from_additional,1,1,,,Sedawgyi,sedawgyi
619,Sedawgyi,2019-12-13T02:19:00Z,380,main_s2mask,380,ECOSTRESS,paired,TRUE,TRUE,TRUE,23.03765869,20.49,-2.547658691,47,,23.39001465,,23.029998779296875,,22.77001953,,0.150623932,,70,,70,,,,,,/scratch/mr3882/SEA_dam/LST_processed/sentinel2_water_masks/Sedawgyi/ECOSTRESS/Sedawgyi_ECOv002_L2T_LSTE_08144_002_47QKE_20191213T021900_0712_01_LST_LST_s2_footprint_water_mask.tif,,,,,,225110,,224060,,2474400,,2473350,,Myanmar,41,383.01,31,450,Chaungmagyi,01/01/1989,95.85847473,22.349583,96.325417,,,,,procurement.dhpi@moep.gov.mm,,2019-12-13T02:19:00Z,2019,12,347,2.3166666666666664,8.738361133333333,380,,,FALSE,FALSE,FALSE,FALSE,,,,,FALSE,,,,,,67,22.3445,96.3246,1.2,0b1001111011000000,22.349583,96.325417,,1.2,TRUE,outlet,Tm_o;ID_o;Latitude_o;Longitude_o;ECO2LSTE_001_SDS_LST_err_o;QC_bitmask_o;LSTerr_o;Latitude_ref;Longitude_ref,9265,lake_only,kept_main_filled_outlet_from_additional,1,1,,,Sedawgyi,sedawgyi
620,Sedawgyi,2019-12-17T00:41:33Z,381,main_s2mask,381,ECOSTRESS,paired,TRUE,TRUE,TRUE,22.25762939,17.61,-4.647629395,84,,22.970001220703125,,22.279998779296875,,21.14999389648437,,0.293789744,,70,,70,,,,,,/scratch/mr3882/SEA_dam/LST_processed/sentinel2_water_masks/Sedawgyi/ECOSTRESS/Sedawgyi_ECOv002_L2T_LSTE_08205_002_47QKE_20191217T004133_0712_01_LST_LST_s2_footprint_water_mask.tif,,,,,,225110,,224060,,2474400,,2473350,,Myanmar,41,383.01,31,450,Chaungmagyi,01/01/1989,95.85847473,22.349583,96.325417,,,,,procurement.dhpi@moep.gov.mm,,2019-12-17T00:41:33Z,2019,12,351,0.6925,7.1141944666666665,381,,,FALSE,FALSE,FALSE,FALSE,,,,,FALSE,,,,,,67,22.3445,96.3246,1.2,0b1001101011000000,22.349583,96.325417,,1.2,TRUE,outlet,Tm_o;ID_o;Latitude_o;Longitude_o;ECO2LSTE_001_SDS_LST_err_o;QC_bitmask_o;LSTerr_o;Latitude_ref;Longitude_ref,9266,lake_only,kept_main_filled_outlet_from_additional,1,1,,,Sedawgyi,sedawgyi
621,Sedawgyi,2020-01-12T14:19:08Z,382,main_s2mask,382,ECOSTRESS,lake_only,TRUE,FALSE,FALSE,21.13549805,,,80,,21.550018310546875,,21.16000366210937,,20.350006103515625,,0.186777398,,70,,70,,,,,,/scratch/mr3882/SEA_dam/LST_processed/sentinel2_water_masks/Sedawgyi/ECOSTRESS/Sedawgyi_ECOv002_L2T_LSTE_08617_002_47QKE_20200112T141908_0712_01_LST_LST_s2_footprint_water_mask.tif,,,,,,225110,,224060,,2474400,,2473350,,Myanmar,41,383.01,31,450,Chaungmagyi,01/01/1989,95.85847473,22.349583,96.325417,,,,,procurement.dhpi@moep.gov.mm,,2020-01-12T14:19:08Z,2020,1,12,14.318888888888887,20.74058335555556,382,,,FALSE,FALSE,FALSE,FALSE,,,,,FALSE,,,,,,,,,,,22.349583,96.325417,,,FALSE,none,,,lake_only,kept_unique_main,1,0,,,Sedawgyi,sedawgyi
622,Sedawgyi,2020-01-20T11:08:47Z,383,main_s2mask,383,ECOSTRESS,lake_only,TRUE,FALSE,FALSE,22.91110229,,,71,,23.589996337890625,,22.86999512,,22.39001465,,0.243659586,,70,,70,,,,,,/scratch/mr3882/SEA_dam/LST_processed/sentinel2_water_masks/Sedawgyi/ECOSTRESS/Sedawgyi_ECOv002_L2T_LSTE_08739_002_47QKE_20200120T110847_0712_01_LST_LST_s2_footprint_water_mask.tif,,,,,,225110,,224060,,2474400,,2473350,,Myanmar,41,383.01,31,450,Chaungmagyi,01/01/1989,95.85847473,22.349583,96.325417,,,,,procurement.dhpi@moep.gov.mm,,2020-01-20T11:08:47Z,2020,1,20,11.146388888888888,17.568083355555554,383,,,FALSE,FALSE,FALSE,FALSE,,,,,FALSE,,,,,,,,,,,22.349583,96.325417,,,FALSE,none,,,lake_only,kept_unique_main,1,0,,,Sedawgyi,sedawgyi
623,Sedawgyi,2020-01-21T20:10:39Z,384,main_s2mask,384,ECOSTRESS,paired,TRUE,TRUE,TRUE,21.13879395,20.95001221,-0.188781738,84,1,22.209991455078125,20.95001220703125,21.13000488,20.95001220703125,20.550018310546875,20.95001220703125,0.24190633,,70,70,70,70,,,,,/scratch/mr3882/SEA_dam/LST_processed/sentinel2_water_masks/Sedawgyi/ECOSTRESS/Sedawgyi_ECOv002_L2T_LSTE_08760_009_47QKE_20200121T201039_0712_01_LST_LST_s2_footprint_water_mask.tif,/scratch/mr3882/SEA_dam/LST_processed/sentinel2_water_masks/Sedawgyi/ECOSTRESS/Sedawgyi_ECOv002_L2T_LSTE_08760_009_47QKE_20200121T201039_0712_01_LST_LST_s2_footprint_water_mask.tif,,,,,225110,225110,224060,224060,2474400,2474400,2473350,2473350,Myanmar,41,383.01,31,450,Chaungmagyi,01/01/1989,95.85847473,22.349583,96.325417,,,,,procurement.dhpi@moep.gov.mm,,2020-01-21T20:10:39Z,2020,1,21,20.1775,2.599194466666667,384,,,FALSE,FALSE,FALSE,FALSE,,,,,FALSE,,,,,,,,,,,22.349583,96.325417,,,FALSE,none,,,paired,kept_main_paired_dropped_additional,1,0,,,Sedawgyi,sedawgyi
624,Sedawgyi,2020-02-01T06:26:50Z,385,main_s2mask,385,ECOSTRESS,paired,TRUE,TRUE,TRUE,31.9666748,31.85,-0.116674805,6,,33.89001465,,32.680023193359375,,29.30999755859375,,2.127216339,,70,,70,,,,,,/scratch/mr3882/SEA_dam/LST_processed/sentinel2_water_masks/Sedawgyi/ECOSTRESS/Sedawgyi_ECOv002_L2T_LSTE_08922_002_47QKE_20200201T062650_0712_01_LST_LST_s2_footprint_water_mask.tif,,,,,,225110,,224060,,2474400,,2473350,,Myanmar,41,383.01,31,450,Chaungmagyi,01/01/1989,95.85847473,22.349583,96.325417,,,,,procurement.dhpi@moep.gov.mm,,2020-02-01T06:26:50Z,2020,2,32,6.447222222222223,12.86891668888889,385,,,FALSE,FALSE,FALSE,FALSE,,,,,FALSE,,,,,,67,22.3445,96.3246,1.2,0b1001111011000000,22.349583,96.325417,,1.2,TRUE,outlet,Tm_o;ID_o;Latitude_o;Longitude_o;ECO2LSTE_001_SDS_LST_err_o;QC_bitmask_o;LSTerr_o;Latitude_ref;Longitude_ref,9267,lake_only,kept_main_filled_outlet_from_additional,1,1,,,Sedawgyi,sedawgyi
625,Sedawgyi,2020-02-13T01:46:17Z,386,main_s2mask,386,ECOSTRESS,paired,TRUE,TRUE,TRUE,20.2739563,20.16000366,-0.113952637,86,2,21.290008544921875,20.27001953,20.449981689453125,20.16000366210937,18.850006103515625,20.050018310546875,0.548494339,0.155564353,70,70,70,70,,,,,/scratch/mr3882/SEA_dam/LST_processed/sentinel2_water_masks/Sedawgyi/ECOSTRESS/Sedawgyi_ECOv002_L2T_LSTE_09105_002_47QKE_20200213T014617_0712_01_LST_LST_s2_footprint_water_mask.tif,/scratch/mr3882/SEA_dam/LST_processed/sentinel2_water_masks/Sedawgyi/ECOSTRESS/Sedawgyi_ECOv002_L2T_LSTE_09105_002_47QKE_20200213T014617_0712_01_LST_LST_s2_footprint_water_mask.tif,,,,,225110,225110,224060,224060,2474400,2474400,2473350,2473350,Myanmar,41,383.01,31,450,Chaungmagyi,01/01/1989,95.85847473,22.349583,96.325417,,,,,procurement.dhpi@moep.gov.mm,,2020-02-13T01:46:17Z,2020,2,44,1.771388888888889,8.193083355555556,386,,,FALSE,FALSE,FALSE,FALSE,,,,,FALSE,,,,,,,,,,,22.349583,96.325417,,,FALSE,none,,,paired,kept_main_paired_dropped_additional,1,0,,,Sedawgyi,sedawgyi
626,Sedawgyi,2020-02-28T19:31:32Z,387,main_s2mask,387,ECOSTRESS,paired,TRUE,TRUE,TRUE,21.18225098,17.53,-3.652250977,80,,21.75,,21.19000244140625,,20.64999389648437,,0.212099567,,70,,70,,,,,,/scratch/mr3882/SEA_dam/LST_processed/sentinel2_water_masks/Sedawgyi/ECOSTRESS/Sedawgyi_ECOv002_L2T_LSTE_09349_002_47QKE_20200228T193132_0712_01_LST_LST_s2_footprint_water_mask.tif,,,,,,225110,,224060,,2474400,,2473350,,Myanmar,41,383.01,31,450,Chaungmagyi,01/01/1989,95.85847473,22.349583,96.325417,,,,,procurement.dhpi@moep.gov.mm,,2020-02-28T19:31:32Z,2020,2,59,19.52555555555556,1.9472500222222209,387,,,FALSE,FALSE,FALSE,FALSE,,,,,FALSE,,,,,,67,22.3445,96.3246,1.24,0b1001111011000000,22.349583,96.325417,,1.24,TRUE,outlet,Tm_o;ID_o;Latitude_o;Longitude_o;ECO2LSTE_001_SDS_LST_err_o;QC_bitmask_o;LSTerr_o;Latitude_ref;Longitude_ref,9268,lake_only,kept_main_filled_outlet_from_additional,1,1,,,Sedawgyi,sedawgyi
627,Sedawgyi,2020-03-19T11:42:21Z,9269,additional_ecostress,425,ECOSTRESS,paired,TRUE,TRUE,TRUE,23.55,24.75,1.1999999999999993,,,,,,,,,,,,,,,,,,,,,,,,,,,,,,,,,Myanmar,41,383.01,31,450,Chaungmagyi,01/01/1989,95.85847473,22.349583,96.325417,,,,,procurement.dhpi@moep.gov.mm,,2020-03-19T11:42:21Z,2020,3,79,11.705833333333333,18.1275278,,425,0,FALSE,FALSE,FALSE,FALSE,,,,,FALSE,67,22.3509,96.3237,1.16,0b1001111011000000,67,22.3445,96.3246,1.12,0b1001111011000000,22.349583,96.325417,1.16,1.12,FALSE,none,,,paired,kept_unique_additional,0,1,additional_ecostress__425,TRUE,Sedawgyi,sedawgyi
628,Sedawgyi,2020-03-23T10:09:34Z,388,main_s2mask,388,ECOSTRESS,paired,TRUE,TRUE,TRUE,28.91000366,28.91000366,0,1,1,28.91000366210937,28.91000366210937,28.91000366210937,28.91000366210937,28.91000366210937,28.91000366210937,,,70,70,70,70,,,,,/scratch/mr3882/SEA_dam/LST_processed/sentinel2_water_masks/Sedawgyi/ECOSTRESS/Sedawgyi_ECOv002_L2T_LSTE_09715_001_47QKE_20200323T100934_0712_01_LST_LST_s2_footprint_water_mask.tif,/scratch/mr3882/SEA_dam/LST_processed/sentinel2_water_masks/Sedawgyi/ECOSTRESS/Sedawgyi_ECOv002_L2T_LSTE_09715_001_47QKE_20200323T100934_0712_01_LST_LST_s2_footprint_water_mask.tif,,,,,225110,225110,224060,224060,2474400,2474400,2473350,2473350,Myanmar,41,383.01,31,450,Chaungmagyi,01/01/1989,95.85847473,22.349583,96.325417,,,,,procurement.dhpi@moep.gov.mm,,2020-03-23T10:09:34Z,2020,3,83,10.159444444444444,16.58113891111111,388,,,FALSE,FALSE,FALSE,FALSE,,,,,FALSE,,,,,,,,,,,22.349583,96.325417,,,FALSE,none,,,paired,kept_main_paired_dropped_additional,1,0,,,Sedawgyi,sedawgyi
629,Sedawgyi,2020-12-26T20:01:44Z,389,main_s2mask,389,ECOSTRESS,paired,TRUE,TRUE,TRUE,21.88098145,17.71,-4.170981445,80,,22.36999512,,21.89001465,,21.14999389648437,,0.256262958,,70,,70,,,,,,/scratch/mr3882/SEA_dam/LST_processed/sentinel2_water_masks/Sedawgyi/ECOSTRESS/Sedawgyi_ECOv002_L2T_LSTE_14031_003_47QKE_20201226T200144_0712_01_LST_LST_s2_footprint_water_mask.tif,,,,,,225110,,224060,,2474400,,2473350,,Myanmar,41,383.01,31,450,Chaungmagyi,01/01/1989,95.85847473,22.349583,96.325417,,,,,procurement.dhpi@moep.gov.mm,,2020-12-26T20:01:44Z,2020,12,361,20.028888888888886,2.450583355555551,389,,,FALSE,FALSE,FALSE,FALSE,,,,,FALSE,,,,,,67,22.3445,96.3246,1.16,0b1001111011000000,22.349583,96.325417,,1.16,TRUE,outlet,Tm_o;ID_o;Latitude_o;Longitude_o;ECO2LSTE_001_SDS_LST_err_o;QC_bitmask_o;LSTerr_o;Latitude_ref;Longitude_ref,9270,lake_only,kept_main_filled_outlet_from_additional,1,1,,,Sedawgyi,sedawgyi
630,Sedawgyi,2021-01-15T12:12:21Z,390,main_s2mask,390,ECOSTRESS,paired,TRUE,TRUE,TRUE,21.89852905,19.17,-2.728529053,82,,22.41000366210937,,21.92999267578125,,20.990020751953125,,0.265906096,,70,,70,,,,,,/scratch/mr3882/SEA_dam/LST_processed/sentinel2_water_masks/Sedawgyi/ECOSTRESS/Sedawgyi_ECOv002_L2T_LSTE_14336_004_47QKE_20210115T121221_0712_01_LST_LST_s2_footprint_water_mask.tif,,,,,,225110,,224060,,2474400,,2473350,,Myanmar,41,383.01,31,450,Chaungmagyi,01/01/1989,95.85847473,22.349583,96.325417,,,,,procurement.dhpi@moep.gov.mm,,2021-01-15T12:12:21Z,2021,1,15,12.205833333333333,18.6275278,390,,,FALSE,FALSE,FALSE,FALSE,,,,,FALSE,,,,,,67,22.3445,96.3246,1.2,0b1001111011000000,22.349583,96.325417,,1.2,TRUE,outlet,Tm_o;ID_o;Latitude_o;Longitude_o;ECO2LSTE_001_SDS_LST_err_o;QC_bitmask_o;LSTerr_o;Latitude_ref;Longitude_ref,9271,lake_only,kept_main_filled_outlet_from_additional,1,1,,,Sedawgyi,sedawgyi
631,Sedawgyi,2021-02-27T19:09:41Z,391,main_s2mask,391,ECOSTRESS,paired,TRUE,TRUE,TRUE,21.56066895,20.65499878,-0.905670166,60,4,22.83001708984375,21.64999389648437,21.550018310546875,20.480010986328125,20.64999389648437,20.01000977,0.375315547,0.712993026,70,70,70,70,,,,,/scratch/mr3882/SEA_dam/LST_processed/sentinel2_water_masks/Sedawgyi/ECOSTRESS/Sedawgyi_ECOv002_L2T_LSTE_15007_003_46QHK_20210227T190941_0712_01_LST_LST_s2_footprint_water_mask.tif,/scratch/mr3882/SEA_dam/LST_processed/sentinel2_water_masks/Sedawgyi/ECOSTRESS/Sedawgyi_ECOv002_L2T_LSTE_15007_003_46QHK_20210227T190941_0712_01_LST_LST_s2_footprint_water_mask.tif,,,,,843100,843100,842050,842050,2475730,2475730,2474680,2474680,Myanmar,41,383.01,31,450,Chaungmagyi,01/01/1989,95.85847473,22.349583,96.325417,,,,,procurement.dhpi@moep.gov.mm,,2021-02-27T19:09:41Z,2021,2,58,19.161388888888887,1.5830833555555517,391,,,FALSE,FALSE,FALSE,FALSE,,,,,FALSE,,,,,,,,,,,22.349583,96.325417,,,FALSE,none,,,paired,kept_main_paired_dropped_additional,1,0,,,Sedawgyi,sedawgyi
632,Sedawgyi,2021-03-05T02:38:52Z,392,main_s2mask,392,ECOSTRESS,paired,TRUE,TRUE,TRUE,23.9034729,25.82998657,1.926513672,86,2,28.01000977,25.95001220703125,23.209991455078125,25.829986572265625,22.57000732421875,25.709991455078125,1.36440587,0.169720307,70,70,70,70,,,,,/scratch/mr3882/SEA_dam/LST_processed/sentinel2_water_masks/Sedawgyi/ECOSTRESS/Sedawgyi_ECOv002_L2T_LSTE_15089_006_47QKE_20210305T023852_0712_01_LST_LST_s2_footprint_water_mask.tif,/scratch/mr3882/SEA_dam/LST_processed/sentinel2_water_masks/Sedawgyi/ECOSTRESS/Sedawgyi_ECOv002_L2T_LSTE_15089_006_47QKE_20210305T023852_0712_01_LST_LST_s2_footprint_water_mask.tif,,,,,225110,225110,224060,224060,2474400,2474400,2473350,2473350,Myanmar,41,383.01,31,450,Chaungmagyi,01/01/1989,95.85847473,22.349583,96.325417,,,,,procurement.dhpi@moep.gov.mm,,2021-03-05T02:38:52Z,2021,3,64,2.647777777777778,9.069472244444444,392,,,FALSE,FALSE,FALSE,FALSE,,,,,FALSE,,,,,,,,,,,22.349583,96.325417,,,FALSE,none,,,paired,kept_main_paired_dropped_additional,1,0,,,Sedawgyi,sedawgyi
633,Sedawgyi,2021-03-07T16:03:32Z,9272,additional_ecostress,431,ECOSTRESS,paired,TRUE,TRUE,TRUE,20.95,19.71,-1.24,,,,,,,,,,,,,,,,,,,,,,,,,,,,,,,,,Myanmar,41,383.01,31,450,Chaungmagyi,01/01/1989,95.85847473,22.349583,96.325417,,,,,procurement.dhpi@moep.gov.mm,,2021-03-07T16:03:32Z,2021,3,66,16.05888888888889,22.48058335555556,,431,0,FALSE,FALSE,FALSE,FALSE,,,,,FALSE,67,22.3509,96.3237,1.24,0b1001111011000000,67,22.3445,96.3246,1.24,0b1001111011000000,22.349583,96.325417,1.24,1.24,FALSE,none,,,paired,kept_unique_additional,0,1,additional_ecostress__431,TRUE,Sedawgyi,sedawgyi
634,Sedawgyi,2021-03-11T14:30:20Z,9273,additional_ecostress,432,ECOSTRESS,paired,TRUE,TRUE,TRUE,21.63,21.47,-0.16,,,,,,,,,,,,,,,,,,,,,,,,,,,,,,,,,Myanmar,41,383.01,31,450,Chaungmagyi,01/01/1989,95.85847473,22.349583,96.325417,,,,,procurement.dhpi@moep.gov.mm,,2021-03-11T14:30:20Z,2021,3,70,14.505555555555556,20.927250022222225,,432,0,FALSE,FALSE,FALSE,FALSE,,,,,FALSE,67,22.3509,96.3237,1.32,0b1001111011000000,67,22.3445,96.3246,1.32,0b1001111011000000,22.349583,96.325417,1.32,1.32,FALSE,none,,,paired,kept_unique_additional,0,1,additional_ecostress__432,TRUE,Sedawgyi,sedawgyi
635,Sedawgyi,2021-03-19T11:24:29Z,9274,additional_ecostress,433,ECOSTRESS,paired,TRUE,TRUE,TRUE,23.65,26.81,3.16,,,,,,,,,,,,,,,,,,,,,,,,,,,,,,,,,Myanmar,41,383.01,31,450,Chaungmagyi,01/01/1989,95.85847473,22.349583,96.325417,,,,,procurement.dhpi@moep.gov.mm,,2021-03-19T11:24:29Z,2021,3,78,11.408055555555556,17.82975002222222,,433,0,FALSE,FALSE,FALSE,FALSE,,,,,FALSE,67,22.3509,96.3237,1.2,0b1001111011000000,67,22.3445,96.3246,1.2,0b1001111011000000,22.349583,96.325417,1.2,1.2,FALSE,none,,,paired,kept_unique_additional,0,1,additional_ecostress__433,TRUE,Sedawgyi,sedawgyi
636,Sedawgyi,2021-12-15T00:26:47Z,393,main_s2mask,393,ECOSTRESS,paired,TRUE,TRUE,TRUE,23.63949585,20.86999512,-2.769500732,84,1,23.990020751953125,20.86999512,23.64999389648437,20.86999512,23.050018310546875,20.86999512,0.186546311,,70,70,70,70,,,,,/scratch/mr3882/SEA_dam/LST_processed/sentinel2_water_masks/Sedawgyi/ECOSTRESS/Sedawgyi_ECOv002_L2T_LSTE_19517_002_47QKE_20211215T002647_0712_01_LST_LST_s2_footprint_water_mask.tif,/scratch/mr3882/SEA_dam/LST_processed/sentinel2_water_masks/Sedawgyi/ECOSTRESS/Sedawgyi_ECOv002_L2T_LSTE_19517_002_47QKE_20211215T002647_0712_01_LST_LST_s2_footprint_water_mask.tif,,,,,225110,225110,224060,224060,2474400,2474400,2473350,2473350,Myanmar,41,383.01,31,450,Chaungmagyi,01/01/1989,95.85847473,22.349583,96.325417,,,,,procurement.dhpi@moep.gov.mm,,2021-12-15T00:26:47Z,2021,12,349,0.4463888888888889,6.868083355555555,393,,,FALSE,FALSE,FALSE,FALSE,,,,,FALSE,,,,,,,,,,,22.349583,96.325417,,,FALSE,none,,,paired,kept_main_paired_dropped_additional,1,0,,,Sedawgyi,sedawgyi
637,Sedawgyi,2022-01-03T16:34:11Z,394,main_s2mask,394,ECOSTRESS,paired,TRUE,TRUE,TRUE,21.96832275,17.63,-4.338322754,83,,22.45001220703125,,22.01000977,,21.30999755859375,,0.242127985,,70,,70,,,,,,/scratch/mr3882/SEA_dam/LST_processed/sentinel2_water_masks/Sedawgyi/ECOSTRESS/Sedawgyi_ECOv002_L2T_LSTE_19822_004_47QKE_20220103T163411_0712_01_LST_LST_s2_footprint_water_mask.tif,,,,,,225110,,224060,,2474400,,2473350,,Myanmar,41,383.01,31,450,Chaungmagyi,01/01/1989,95.85847473,22.349583,96.325417,,,,,procurement.dhpi@moep.gov.mm,,2022-01-03T16:34:11Z,2022,1,3,16.56972222222222,22.99141668888889,394,,,FALSE,FALSE,FALSE,FALSE,,,,,FALSE,,,,,,67,22.3445,96.3246,1.32,0b1001111011000000,22.349583,96.325417,,1.32,TRUE,outlet,Tm_o;ID_o;Latitude_o;Longitude_o;ECO2LSTE_001_SDS_LST_err_o;QC_bitmask_o;LSTerr_o;Latitude_ref;Longitude_ref,9275,lake_only,kept_main_filled_outlet_from_additional,1,1,,,Sedawgyi,sedawgyi
638,Sedawgyi,2022-01-05T01:35:01Z,9276,additional_ecostress,436,ECOSTRESS,paired,TRUE,TRUE,TRUE,21.95,18.79,-3.16,,,,,,,,,,,,,,,,,,,,,,,,,,,,,,,,,Myanmar,41,383.01,31,450,Chaungmagyi,01/01/1989,95.85847473,22.349583,96.325417,,,,,procurement.dhpi@moep.gov.mm,,2022-01-05T01:35:01Z,2022,1,5,1.5836111111111113,8.005305577777778,,436,1,TRUE,FALSE,FALSE,FALSE,1,395,,,FALSE,67,22.3509,96.3237,1,0b1010111011000000,67,22.3445,96.3246,1,0b1010111011000000,22.349583,96.325417,1,1,FALSE,none,,,paired,kept_unique_additional,0,1,additional_ecostress__436,TRUE,Sedawgyi,sedawgyi
639,Sedawgyi,2022-01-05T01:35:02Z,395,main_s2mask,395,ECOSTRESS,lake_only,TRUE,FALSE,FALSE,22.7220459,,,83,,23.07000732421875,,22.730010986328125,,22.350006103515625,,0.169070989,,70,,70,,,,,,/scratch/mr3882/SEA_dam/LST_processed/sentinel2_water_masks/Sedawgyi/ECOSTRESS/Sedawgyi_ECOv002_L2T_LSTE_19843_019_47QKE_20220105T013502_0712_01_LST_LST_s2_footprint_water_mask.tif,,,,,,225110,,224060,,2474400,,2473350,,Myanmar,41,383.01,31,450,Chaungmagyi,01/01/1989,95.85847473,22.349583,96.325417,,,,,procurement.dhpi@moep.gov.mm,,2022-01-05T01:35:02Z,2022,1,5,1.5838888888888891,8.005583355555556,395,,,FALSE,FALSE,FALSE,FALSE,,,,,FALSE,,,,,,,,,,,22.349583,96.325417,,,FALSE,none,,,lake_only,kept_unique_main,1,0,,,Sedawgyi,sedawgyi
640,Sedawgyi,2022-01-22T09:23:45Z,396,main_s2mask,396,ECOSTRESS,paired,TRUE,TRUE,TRUE,22.89492798,24.69000244,1.795074463,73,2,24.589996337890625,24.790008544921875,22.850006103515625,24.69000244140625,22.14999389648437,24.589996337890625,0.431840569,0.141429991,70,70,70,70,,,,,/scratch/mr3882/SEA_dam/LST_processed/sentinel2_water_masks/Sedawgyi/ECOSTRESS/Sedawgyi_ECOv002_L2T_LSTE_20112_004_46QHK_20220122T092345_0712_01_LST_LST_s2_footprint_water_mask.tif,/scratch/mr3882/SEA_dam/LST_processed/sentinel2_water_masks/Sedawgyi/ECOSTRESS/Sedawgyi_ECOv002_L2T_LSTE_20112_004_46QHK_20220122T092345_0712_01_LST_LST_s2_footprint_water_mask.tif,,,,,843100,843100,842050,842050,2475730,2475730,2474680,2474680,Myanmar,41,383.01,31,450,Chaungmagyi,01/01/1989,95.85847473,22.349583,96.325417,,,,,procurement.dhpi@moep.gov.mm,,2022-01-22T09:23:45Z,2022,1,22,9.395833333333332,15.8175278,396,,,FALSE,FALSE,FALSE,FALSE,,,,,FALSE,,,,,,,,,,,22.349583,96.325417,,,FALSE,none,,,paired,kept_main_paired_dropped_additional,1,0,,,Sedawgyi,sedawgyi
641,Sedawgyi,2022-02-07T03:01:05Z,397,main_s2mask,397,ECOSTRESS,paired,TRUE,TRUE,TRUE,21.51412964,23.69000244,2.175872803,78,2,23.850006103515625,23.730010986328125,21.27001953,23.69000244140625,20.80999755859375,23.64999389648437,0.669518173,0.056580625,70,70,70,70,,,,,/scratch/mr3882/SEA_dam/LST_processed/sentinel2_water_masks/Sedawgyi/ECOSTRESS/Sedawgyi_ECOv002_L2T_LSTE_20356_002_46QHK_20220207T030105_0712_01_LST_LST_s2_footprint_water_mask.tif,/scratch/mr3882/SEA_dam/LST_processed/sentinel2_water_masks/Sedawgyi/ECOSTRESS/Sedawgyi_ECOv002_L2T_LSTE_20356_002_46QHK_20220207T030105_0712_01_LST_LST_s2_footprint_water_mask.tif,,,,,843100,843100,842050,842050,2475730,2475730,2474680,2474680,Myanmar,41,383.01,31,450,Chaungmagyi,01/01/1989,95.85847473,22.349583,96.325417,,,,,procurement.dhpi@moep.gov.mm,,2022-02-07T03:01:05Z,2022,2,38,3.018055555555556,9.439750022222222,397,,,FALSE,FALSE,FALSE,FALSE,,,,,FALSE,,,,,,,,,,,22.349583,96.325417,,,FALSE,none,,,paired,kept_main_paired_dropped_additional,1,0,,,Sedawgyi,sedawgyi
642,Sedawgyi,2022-02-12T10:26:57Z,9277,additional_ecostress,439,ECOSTRESS,paired,TRUE,TRUE,TRUE,21.41,24.87,3.460000000000001,,,,,,,,,,,,,,,,,,,,,,,,,,,,,,,,,Myanmar,41,383.01,31,450,Chaungmagyi,01/01/1989,95.85847473,22.349583,96.325417,,,,,procurement.dhpi@moep.gov.mm,,2022-02-12T10:26:57Z,2022,2,43,10.449166666666668,16.870861133333335,,439,0,FALSE,FALSE,FALSE,FALSE,,,,,FALSE,67,22.3509,96.3237,1.08,0b1001111011000000,67,22.3445,96.3246,1.08,0b1001111011000000,22.349583,96.325417,1.08,1.08,FALSE,none,,,paired,kept_unique_additional,0,1,additional_ecostress__439,TRUE,Sedawgyi,sedawgyi
643,Sedawgyi,2022-02-14T23:49:37Z,398,main_s2mask,398,ECOSTRESS,paired,TRUE,TRUE,TRUE,20.21899414,14.89,-5.328994141,80,,20.990020751953125,,20.209991455078125,,19.290008544921875,,0.230221152,,70,,70,,,,,,/scratch/mr3882/SEA_dam/LST_processed/sentinel2_water_masks/Sedawgyi/ECOSTRESS/Sedawgyi_ECOv002_L2T_LSTE_20478_001_47QKE_20220214T234937_0712_01_LST_LST_s2_footprint_water_mask.tif,,,,,,225110,,224060,,2474400,,2473350,,Myanmar,41,383.01,31,450,Chaungmagyi,01/01/1989,95.85847473,22.349583,96.325417,,,,,procurement.dhpi@moep.gov.mm,,2022-02-14T23:49:37Z,2022,2,45,23.826944444444443,6.248638911111108,398,,,FALSE,FALSE,FALSE,FALSE,,,,,FALSE,,,,,,67,22.3445,96.3246,0.84,0b1110111011000000,22.349583,96.325417,,0.84,TRUE,outlet,Tm_o;ID_o;Latitude_o;Longitude_o;ECO2LSTE_001_SDS_LST_err_o;QC_bitmask_o;LSTerr_o;Latitude_ref;Longitude_ref,9278,lake_only,kept_main_filled_outlet_from_additional,1,1,,,Sedawgyi,sedawgyi
644,Sedawgyi,2022-02-18T22:14:06Z,399,main_s2mask,399,ECOSTRESS,paired,TRUE,TRUE,TRUE,17.20062256,17.44000244,0.239379883,81,2,18.39001465,17.790008544921875,17.209991455078125,17.44000244140625,15.910003662109377,17.089996337890625,0.465469629,0.494983375,70,70,70,70,,,,,/scratch/mr3882/SEA_dam/LST_processed/sentinel2_water_masks/Sedawgyi/ECOSTRESS/Sedawgyi_ECOv002_L2T_LSTE_20539_004_46QHK_20220218T221406_0712_01_LST_LST_s2_footprint_water_mask.tif,/scratch/mr3882/SEA_dam/LST_processed/sentinel2_water_masks/Sedawgyi/ECOSTRESS/Sedawgyi_ECOv002_L2T_LSTE_20539_004_46QHK_20220218T221406_0712_01_LST_LST_s2_footprint_water_mask.tif,,,,,843100,843100,842050,842050,2475730,2475730,2474680,2474680,Myanmar,41,383.01,31,450,Chaungmagyi,01/01/1989,95.85847473,22.349583,96.325417,,,,,procurement.dhpi@moep.gov.mm,,2022-02-18T22:14:06Z,2022,2,49,22.235,4.656694466666664,399,,,FALSE,FALSE,FALSE,FALSE,,,,,FALSE,,,,,,,,,,,22.349583,96.325417,,,FALSE,none,,,paired,kept_main_paired_dropped_additional,1,0,,,Sedawgyi,sedawgyi
645,Sedawgyi,2022-03-01T18:14:15Z,9279,additional_ecostress,442,ECOSTRESS,paired,TRUE,TRUE,TRUE,20.83,18.95,-1.88,,,,,,,,,,,,,,,,,,,,,,,,,,,,,,,,,Myanmar,41,383.01,31,450,Chaungmagyi,01/01/1989,95.85847473,22.349583,96.325417,,,,,procurement.dhpi@moep.gov.mm,,2022-03-01T18:14:15Z,2022,3,60,18.2375,0.6591944666666691,,442,1,TRUE,FALSE,FALSE,FALSE,1,400,,,FALSE,67,22.3509,96.3237,1.16,0b1001111011000000,67,22.3445,96.3246,1.16,0b1001111011000000,22.349583,96.325417,1.16,1.16,FALSE,none,,,paired,kept_unique_additional,0,1,additional_ecostress__442,TRUE,Sedawgyi,sedawgyi
646,Sedawgyi,2022-03-01T18:14:16Z,400,main_s2mask,400,ECOSTRESS,lake_only,TRUE,FALSE,FALSE,21.54968262,,,59,,21.970001220703125,,21.529998779296875,,21.089996337890625,,0.197589949,,70,,70,,,,,,/scratch/mr3882/SEA_dam/LST_processed/sentinel2_water_masks/Sedawgyi/ECOSTRESS/Sedawgyi_ECOv002_L2T_LSTE_20707_003_47QKE_20220301T181416_0712_01_LST_LST_s2_footprint_water_mask.tif,,,,,,225110,,224060,,2474400,,2473350,,Myanmar,41,383.01,31,450,Chaungmagyi,01/01/1989,95.85847473,22.349583,96.325417,,,,,procurement.dhpi@moep.gov.mm,,2022-03-01T18:14:16Z,2022,3,60,18.23777777777778,0.6594722444444443,400,,,FALSE,FALSE,FALSE,FALSE,,,,,FALSE,,,,,,,,,,,22.349583,96.325417,,,FALSE,none,,,lake_only,kept_unique_main,1,0,,,Sedawgyi,sedawgyi
647,Sedawgyi,2023-01-03T01:59:53Z,9280,additional_ecostress,443,ECOSTRESS,paired,TRUE,TRUE,TRUE,21.57,18.67,-2.9,,,,,,,,,,,,,,,,,,,,,,,,,,,,,,,,,Myanmar,41,383.01,31,450,Chaungmagyi,01/01/1989,95.85847473,22.349583,96.325417,,,,,procurement.dhpi@moep.gov.mm,,2023-01-03T01:59:53Z,2023,1,3,1.998055555555556,8.419750022222223,,443,1,TRUE,FALSE,FALSE,FALSE,1,401,,,FALSE,67,22.3509,96.3237,1.32,0b1001111011000000,67,22.3445,96.3246,1.32,0b1001111011000000,22.349583,96.325417,1.32,1.32,FALSE,none,,,paired,kept_unique_additional,0,1,additional_ecostress__443,TRUE,Sedawgyi,sedawgyi
648,Sedawgyi,2023-01-03T01:59:54Z,401,main_s2mask,401,ECOSTRESS,lake_only,TRUE,FALSE,FALSE,22.51950073,,,82,,23.63000488,,22.36999512,,21.69000244140625,,0.472339749,,70,,70,,,,,,/scratch/mr3882/SEA_dam/LST_processed/sentinel2_water_masks/Sedawgyi/ECOSTRESS/Sedawgyi_ECOv002_L2T_LSTE_25482_009_47QKE_20230103T015954_0712_02_LST_LST_s2_footprint_water_mask.tif,,,,,,225110,,224060,,2474400,,2473350,,Myanmar,41,383.01,31,450,Chaungmagyi,01/01/1989,95.85847473,22.349583,96.325417,,,,,procurement.dhpi@moep.gov.mm,,2023-01-03T01:59:54Z,2023,1,3,1.9983333333333333,8.4200278,401,,,FALSE,FALSE,FALSE,FALSE,,,,,FALSE,,,,,,,,,,,22.349583,96.325417,,,FALSE,none,,,lake_only,kept_unique_main,1,0,,,Sedawgyi,sedawgyi
649,Sedawgyi,2023-01-05T15:22:03Z,402,main_s2mask,402,ECOSTRESS,paired,TRUE,TRUE,TRUE,22.11541748,21.89001465,-0.225402832,81,1,24.029998779296875,21.89001465,22.110015869140625,21.89001465,21.01000977,21.89001465,0.389395356,,70,70,70,70,,,,,/scratch/mr3882/SEA_dam/LST_processed/sentinel2_water_masks/Sedawgyi/ECOSTRESS/Sedawgyi_ECOv002_L2T_LSTE_25522_003_46QHK_20230105T152203_0710_01_LST_LST_s2_footprint_water_mask.tif,/scratch/mr3882/SEA_dam/LST_processed/sentinel2_water_masks/Sedawgyi/ECOSTRESS/Sedawgyi_ECOv002_L2T_LSTE_25522_003_46QHK_20230105T152203_0710_01_LST_LST_s2_footprint_water_mask.tif,,,,,843100,843100,842050,842050,2475730,2475730,2474680,2474680,Myanmar,41,383.01,31,450,Chaungmagyi,01/01/1989,95.85847473,22.349583,96.325417,,,,,procurement.dhpi@moep.gov.mm,,2023-01-05T15:22:03Z,2023,1,5,15.3675,21.789194466666665,402,,,FALSE,FALSE,FALSE,FALSE,,,,,FALSE,,,,,,,,,,,22.349583,96.325417,,,FALSE,none,,,paired,kept_main_paired_dropped_additional,1,0,,,Sedawgyi,sedawgyi
650,Sedawgyi,2023-01-09T13:44:42Z,403,main_s2mask,403,ECOSTRESS,paired,TRUE,TRUE,TRUE,22.4914856,19.85,-2.641485596,82,,24.01000977,,22.459991455078125,,21.67001342773437,,0.514652967,,70,,70,,,,,,/scratch/mr3882/SEA_dam/LST_processed/sentinel2_water_masks/Sedawgyi/ECOSTRESS/Sedawgyi_ECOv002_L2T_LSTE_25583_003_47QKE_20230109T134442_0710_01_LST_LST_s2_footprint_water_mask.tif,,,,,,225110,,224060,,2474400,,2473350,,Myanmar,41,383.01,31,450,Chaungmagyi,01/01/1989,95.85847473,22.349583,96.325417,,,,,procurement.dhpi@moep.gov.mm,,2023-01-09T13:44:42Z,2023,1,9,13.745,20.166694466666662,403,,,FALSE,FALSE,FALSE,FALSE,,,,,FALSE,,,,,,67,22.3445,96.3246,1.32,0b1001111011000000,22.349583,96.325417,,1.32,TRUE,outlet,Tm_o;ID_o;Latitude_o;Longitude_o;ECO2LSTE_001_SDS_LST_err_o;QC_bitmask_o;LSTerr_o;Latitude_ref;Longitude_ref,9281,lake_only,kept_main_filled_outlet_from_additional,1,1,,,Sedawgyi,sedawgyi
651,Sedawgyi,2023-01-10T22:46:02Z,404,main_s2mask,404,ECOSTRESS,paired,TRUE,TRUE,TRUE,21.57415771,17.47,-4.104157715,82,,22.25,,21.57000732421875,,21.01000977,,0.270082772,,70,,70,,,,,,/scratch/mr3882/SEA_dam/LST_processed/sentinel2_water_masks/Sedawgyi/ECOSTRESS/Sedawgyi_ECOv002_L2T_LSTE_25604_011_47QKE_20230110T224602_0710_01_LST_LST_s2_footprint_water_mask.tif,,,,,,225110,,224060,,2474400,,2473350,,Myanmar,41,383.01,31,450,Chaungmagyi,01/01/1989,95.85847473,22.349583,96.325417,,,,,procurement.dhpi@moep.gov.mm,,2023-01-10T22:46:02Z,2023,1,10,22.76722222222222,5.188916688888888,404,,,FALSE,FALSE,FALSE,FALSE,,,,,FALSE,,,,,,67,22.3445,96.3246,1.16,0b1001101011000000,22.349583,96.325417,,1.16,TRUE,outlet,Tm_o;ID_o;Latitude_o;Longitude_o;ECO2LSTE_001_SDS_LST_err_o;QC_bitmask_o;LSTerr_o;Latitude_ref;Longitude_ref,9282,lake_only,kept_main_filled_outlet_from_additional,1,1,,,Sedawgyi,sedawgyi
652,Sedawgyi,2023-01-13T12:08:09Z,9283,additional_ecostress,447,ECOSTRESS,paired,TRUE,TRUE,TRUE,11.75,12.01,0.2599999999999998,,,,,,,,,,,,,,,,,,,,,,,,,,,,,,,,,Myanmar,41,383.01,31,450,Chaungmagyi,01/01/1989,95.85847473,22.349583,96.325417,,,,,procurement.dhpi@moep.gov.mm,,2023-01-13T12:08:09Z,2023,1,13,12.135833333333332,18.5575278,,447,0,FALSE,FALSE,FALSE,FALSE,,,,,FALSE,67,22.3509,96.3237,1.08,0b1010101011000000,67,22.3445,96.3246,1.08,0b1010101011000000,22.349583,96.325417,1.08,1.08,FALSE,none,,,paired,kept_unique_additional,0,1,additional_ecostress__447,TRUE,Sedawgyi,sedawgyi
653,Sedawgyi,2023-01-14T21:09:07Z,405,main_s2mask,405,ECOSTRESS,paired,TRUE,TRUE,TRUE,21.24325562,16.73,-4.513255615,80,,21.790008544921875,,21.25,,20.80999755859375,,0.228389204,,70,,70,,,,,,/scratch/mr3882/SEA_dam/LST_processed/sentinel2_water_masks/Sedawgyi/ECOSTRESS/Sedawgyi_ECOv002_L2T_LSTE_25665_007_46QHK_20230114T210907_0710_01_LST_LST_s2_footprint_water_mask.tif,,,,,,843100,,842050,,2475730,,2474680,,Myanmar,41,383.01,31,450,Chaungmagyi,01/01/1989,95.85847473,22.349583,96.325417,,,,,procurement.dhpi@moep.gov.mm,,2023-01-14T21:09:07Z,2023,1,14,21.15194444444444,3.573638911111111,405,,,FALSE,FALSE,FALSE,FALSE,,,,,FALSE,,,,,,67,22.3445,96.3246,1.08,0b1010101011000000,22.349583,96.325417,,1.08,TRUE,outlet,Tm_o;ID_o;Latitude_o;Longitude_o;ECO2LSTE_001_SDS_LST_err_o;QC_bitmask_o;LSTerr_o;Latitude_ref;Longitude_ref,9284,lake_only,kept_main_filled_outlet_from_additional,1,1,,,Sedawgyi,sedawgyi
654,Sedawgyi,2023-01-18T19:31:29Z,406,main_s2mask,406,ECOSTRESS,paired,TRUE,TRUE,TRUE,21.19210815,20.80999756,-0.382110596,84,3,22.029998779296875,21.01000977,21.18002319335937,20.89001465,20.709991455078125,20.529998779296875,0.28377834,0.249806851,70,70,70,70,,,,,/scratch/mr3882/SEA_dam/LST_processed/sentinel2_water_masks/Sedawgyi/ECOSTRESS/Sedawgyi_ECOv002_L2T_LSTE_25726_010_46QHK_20230118T193129_0712_02_LST_LST_s2_footprint_water_mask.tif,/scratch/mr3882/SEA_dam/LST_processed/sentinel2_water_masks/Sedawgyi/ECOSTRESS/Sedawgyi_ECOv002_L2T_LSTE_25726_010_46QHK_20230118T193129_0712_02_LST_LST_s2_footprint_water_mask.tif,,,,,843100,843100,842050,842050,2475730,2475730,2474680,2474680,Myanmar,41,383.01,31,450,Chaungmagyi,01/01/1989,95.85847473,22.349583,96.325417,,,,,procurement.dhpi@moep.gov.mm,,2023-01-18T19:31:29Z,2023,1,18,19.52472222222222,1.9464166888888883,406,,,FALSE,FALSE,FALSE,FALSE,,,,,FALSE,,,,,,,,,,,22.349583,96.325417,,,FALSE,none,,,paired,kept_main_paired_dropped_additional,1,0,,,Sedawgyi,sedawgyi
655,Sedawgyi,2023-01-24T08:04:50Z,407,main_s2mask,407,ECOSTRESS,paired,TRUE,TRUE,TRUE,24.27703857,30.11999512,5.842956543,83,2,27.30999755859375,32.92999267578125,24.050018310546875,30.11999512,23.050018310546875,27.30999755859375,0.846129537,3.973936558,70,70,70,70,,,,,/scratch/mr3882/SEA_dam/LST_processed/sentinel2_water_masks/Sedawgyi/ECOSTRESS/Sedawgyi_ECOv002_L2T_LSTE_25812_004_46QHK_20230124T080450_0711_01_LST_LST_s2_footprint_water_mask.tif,/scratch/mr3882/SEA_dam/LST_processed/sentinel2_water_masks/Sedawgyi/ECOSTRESS/Sedawgyi_ECOv002_L2T_LSTE_25812_004_46QHK_20230124T080450_0711_01_LST_LST_s2_footprint_water_mask.tif,,,,,843100,843100,842050,842050,2475730,2475730,2474680,2474680,Myanmar,41,383.01,31,450,Chaungmagyi,01/01/1989,95.85847473,22.349583,96.325417,,,,,procurement.dhpi@moep.gov.mm,,2023-01-24T08:04:50Z,2023,1,24,8.080555555555556,14.502250022222222,407,,,FALSE,FALSE,FALSE,FALSE,,,,,FALSE,,,,,,,,,,,22.349583,96.325417,,,FALSE,none,,,paired,kept_main_paired_dropped_additional,1,0,,,Sedawgyi,sedawgyi
656,Sedawgyi,2023-02-09T01:37:28Z,408,main_s2mask,408,ECOSTRESS,paired,TRUE,TRUE,TRUE,21.30172729,19.97000122,-1.331726074,82,1,22.290008544921875,19.970001220703125,21.19000244140625,19.970001220703125,20.33001708984375,19.970001220703125,0.39179042,,70,70,70,70,,,,,/scratch/mr3882/SEA_dam/LST_processed/sentinel2_water_masks/Sedawgyi/ECOSTRESS/Sedawgyi_ECOv002_L2T_LSTE_26056_003_46QHK_20230209T013728_0710_01_LST_LST_s2_footprint_water_mask.tif,/scratch/mr3882/SEA_dam/LST_processed/sentinel2_water_masks/Sedawgyi/ECOSTRESS/Sedawgyi_ECOv002_L2T_LSTE_26056_003_46QHK_20230209T013728_0710_01_LST_LST_s2_footprint_water_mask.tif,,,,,843100,843100,842050,842050,2475730,2475730,2474680,2474680,Myanmar,41,383.01,31,450,Chaungmagyi,01/01/1989,95.85847473,22.349583,96.325417,,,,,procurement.dhpi@moep.gov.mm,,2023-02-09T01:37:28Z,2023,2,40,1.6244444444444446,8.046138911111111,408,,,FALSE,FALSE,FALSE,FALSE,,,,,FALSE,,,,,,,,,,,22.349583,96.325417,,,FALSE,none,,,paired,kept_main_paired_dropped_additional,1,0,,,Sedawgyi,sedawgyi
657,Sedawgyi,2023-02-23T20:01:11Z,409,main_s2mask,409,ECOSTRESS,paired,TRUE,TRUE,TRUE,21.6953125,20.96331787,-0.731994629,49,3,22.14999389648437,21.230010986328125,21.67001342773437,20.95001220703125,21.089996337890625,20.709991455078125,0.191648304,0.260265768,70,70,70,70,,,,,/scratch/mr3882/SEA_dam/LST_processed/sentinel2_water_masks/Sedawgyi/ECOSTRESS/Sedawgyi_ECOv002_L2T_LSTE_26285_004_46QHK_20230223T200111_0712_02_LST_LST_s2_footprint_water_mask.tif,/scratch/mr3882/SEA_dam/LST_processed/sentinel2_water_masks/Sedawgyi/ECOSTRESS/Sedawgyi_ECOv002_L2T_LSTE_26285_004_46QHK_20230223T200111_0712_02_LST_LST_s2_footprint_water_mask.tif,,,,,843100,843100,842050,842050,2475730,2475730,2474680,2474680,Myanmar,41,383.01,31,450,Chaungmagyi,01/01/1989,95.85847473,22.349583,96.325417,,,,,procurement.dhpi@moep.gov.mm,,2023-02-23T20:01:11Z,2023,2,54,20.01972222222222,2.4414166888888857,409,,,FALSE,FALSE,FALSE,FALSE,,,,,FALSE,,,,,,,,,,,22.349583,96.325417,,,FALSE,none,,,paired,kept_main_paired_dropped_additional,1,0,,,Sedawgyi,sedawgyi
658,Sedawgyi,2023-03-03T16:52:34Z,9285,additional_ecostress,453,ECOSTRESS,paired,TRUE,TRUE,TRUE,21.59,21.51,-0.08,,,,,,,,,,,,,,,,,,,,,,,,,,,,,,,,,Myanmar,41,383.01,31,450,Chaungmagyi,01/01/1989,95.85847473,22.349583,96.325417,,,,,procurement.dhpi@moep.gov.mm,,2023-03-03T16:52:34Z,2023,3,62,16.87611111111111,23.29780557777778,,453,1,TRUE,FALSE,FALSE,FALSE,1,410,,,FALSE,67,22.3509,96.3237,1.16,0b1001111011000000,67,22.3445,96.3246,1.16,0b1001111011000000,22.349583,96.325417,1.16,1.16,FALSE,none,,,paired,kept_unique_additional,0,1,additional_ecostress__453,TRUE,Sedawgyi,sedawgyi
659,Sedawgyi,2023-03-03T16:52:35Z,410,main_s2mask,410,ECOSTRESS,lake_only,TRUE,FALSE,FALSE,22.41290283,,,76,,22.730010986328125,,22.42999267578125,,22.110015869140625,,0.156281263,,70,,70,,,,,,/scratch/mr3882/SEA_dam/LST_processed/sentinel2_water_masks/Sedawgyi/ECOSTRESS/Sedawgyi_ECOv002_L2T_LSTE_26407_005_47QKE_20230303T165235_0710_01_LST_LST_s2_footprint_water_mask.tif,,,,,,225110,,224060,,2474400,,2473350,,Myanmar,41,383.01,31,450,Chaungmagyi,01/01/1989,95.85847473,22.349583,96.325417,,,,,procurement.dhpi@moep.gov.mm,,2023-03-03T16:52:35Z,2023,3,62,16.87638888888889,23.298083355555555,410,,,FALSE,FALSE,FALSE,FALSE,,,,,FALSE,,,,,,,,,,,22.349583,96.325417,,,FALSE,none,,,lake_only,kept_unique_main,1,0,,,Sedawgyi,sedawgyi
660,Sedawgyi,2023-03-05T01:53:49Z,411,main_s2mask,411,ECOSTRESS,paired,TRUE,TRUE,TRUE,23.00036621,22.25,-0.750366211,79,,24.529998779296875,,22.86999512,,22.13000488,,0.535227776,,70,,70,,,,,,/scratch/mr3882/SEA_dam/LST_processed/sentinel2_water_masks/Sedawgyi/ECOSTRESS/Sedawgyi_ECOv002_L2T_LSTE_26428_019_47QKE_20230305T015349_0711_02_LST_LST_s2_footprint_water_mask.tif,,,,,,225110,,224060,,2474400,,2473350,,Myanmar,41,383.01,31,450,Chaungmagyi,01/01/1989,95.85847473,22.349583,96.325417,,,,,procurement.dhpi@moep.gov.mm,,2023-03-05T01:53:49Z,2023,3,64,1.8969444444444443,8.318638911111112,411,,,FALSE,FALSE,FALSE,FALSE,,,,,FALSE,,,,,,67,22.3445,96.3246,1.2,0b1001111011000000,22.349583,96.325417,,1.2,TRUE,outlet,Tm_o;ID_o;Latitude_o;Longitude_o;ECO2LSTE_001_SDS_LST_err_o;QC_bitmask_o;LSTerr_o;Latitude_ref;Longitude_ref,9286,lake_only,kept_main_filled_outlet_from_additional,1,1,,,Sedawgyi,sedawgyi
661,Shwegyin,2019-12-14T01:29:35Z,412,main_s2mask,412,ECOSTRESS,lake_only,TRUE,FALSE,FALSE,24.95178223,,,56,,25.89001465,,25.089996337890625,,23.470001220703125,,0.577031612,,70,,70,,2.5372288888888885,,1576296109,,/scratch/mr3882/SEA_dam/LST_processed/sentinel2_water_masks/Shwegyin/ECOSTRESS/Shwegyin_ECOv002_L2T_LSTE_08159_001_47QKV_20191214T012935_0712_01_LST_LST_s2_footprint_water_mask.tif,,0.9880552444942142,,0.3478910041060097,,281950,,280830,,1988630,,1987580,,,,,,,,,29.0753727,17.970227,96.935001,,,,,,,2019-12-14T01:29:35Z,2019,12,348,1.4930555555555556,1.4930555555555556,412,,,FALSE,FALSE,FALSE,FALSE,,,,,FALSE,,,,,,,,,,,,,,,FALSE,none,,,lake_only,kept_unique_main,1,0,,,Shwegyin,shwegyin
662,Shwegyin,2020-01-17T11:54:55Z,413,main_s2mask,413,ECOSTRESS,lake_only,TRUE,FALSE,FALSE,25.85421753,,,57,,26.63000488,,25.89001465,,24.790008544921875,,0.466869116,,70,,70,,16.101673333333334,,1579320061,,/scratch/mr3882/SEA_dam/LST_processed/sentinel2_water_masks/Shwegyin/ECOSTRESS/Shwegyin_ECOv002_L2T_LSTE_08693_001_47QKV_20200117T115455_0712_01_LST_LST_s2_footprint_water_mask.tif,,1,,0.3635684957073535,,281950,,280830,,1988630,,1987580,,,,,,,,,29.0753727,17.970227,96.935001,,,,,,,2020-01-17T11:54:55Z,2020,1,17,11.915277777777778,11.915277777777778,413,,,FALSE,FALSE,FALSE,FALSE,,,,,FALSE,,,,,,,,,,,,,,,FALSE,none,,,lake_only,kept_unique_main,1,0,,,Shwegyin,shwegyin
663,Shwegyin,2020-01-25T08:45:26Z,414,main_s2mask,414,ECOSTRESS,lake_only,TRUE,FALSE,FALSE,22.89117432,,,53,,25.470001220703125,,22.63000488,,21.970001220703125,,0.780959427,,70,,70,,52.74638222222222,,1579752039,,/scratch/mr3882/SEA_dam/LST_processed/sentinel2_water_masks/Shwegyin/ECOSTRESS/Shwegyin_ECOv002_L2T_LSTE_08815_001_47QKV_20200125T084526_0712_01_LST_LST_s2_footprint_water_mask.tif,,1,,0.3643150429264651,,281950,,280830,,1988630,,1987580,,,,,,,,,29.0753727,17.970227,96.935001,,,,,,,2020-01-25T08:45:26Z,2020,1,25,8.757222222222222,8.757222222222222,414,,,FALSE,FALSE,FALSE,FALSE,,,,,FALSE,,,,,,,,,,,,,,,FALSE,none,,,lake_only,kept_unique_main,1,0,,,Shwegyin,shwegyin
664,Shwegyin,2021-01-15T12:11:29Z,415,main_s2mask,415,ECOSTRESS,lake_only,TRUE,FALSE,FALSE,25.19729614,,,60,,26.029998779296875,,25.43002319335937,,22.470001220703125,,0.778308153,,70,,70,,39.82778444444445,,1610856069,,/scratch/mr3882/SEA_dam/LST_processed/sentinel2_water_masks/Shwegyin/ECOSTRESS/Shwegyin_ECOv002_L2T_LSTE_14336_003_47QKV_20210115T121129_0712_01_LST_LST_s2_footprint_water_mask.tif,,0.9985069055617768,,0.3695408734602463,,281950,,280830,,1988630,,1987580,,,,,,,,,29.0753727,17.970227,96.935001,,,,,,,2021-01-15T12:11:29Z,2021,1,15,12.19138888888889,12.19138888888889,415,,,FALSE,FALSE,FALSE,FALSE,,,,,FALSE,,,,,,,,,,,,,,,FALSE,none,,,lake_only,kept_unique_main,1,0,,,Shwegyin,shwegyin
665,Shwegyin,2021-01-15T22:03:21Z,416,main_s2mask,416,ECOSTRESS,lake_only,TRUE,FALSE,FALSE,25.32278442,,,61,,25.80999755859375,,25.36999512,,24.42999267578125,,0.261179149,,70,,70,,29.96334,,1610856069,,/scratch/mr3882/SEA_dam/LST_processed/sentinel2_water_masks/Shwegyin/ECOSTRESS/Shwegyin_ECOv002_L2T_LSTE_14342_009_47QKV_20210115T220321_0712_01_LST_LST_s2_footprint_water_mask.tif,,0.9985069055617768,,0.3695408734602463,,281950,,280830,,1988630,,1987580,,,,,,,,,29.0753727,17.970227,96.935001,,,,,,,2021-01-15T22:03:21Z,2021,1,15,22.05583333333333,22.05583333333333,416,,,FALSE,FALSE,FALSE,FALSE,,,,,FALSE,,,,,,,,,,,,,,,FALSE,none,,,lake_only,kept_unique_main,1,0,,,Shwegyin,shwegyin
666,Shwegyin,2021-03-08T15:15:16Z,417,main_s2mask,417,ECOSTRESS,lake_only,TRUE,FALSE,FALSE,26.77737427,,,49,,28.050018310546875,,26.850006103515625,,24.970001220703125,,0.766951561,,70,,70,,11.318604444444444,,1615175769,,/scratch/mr3882/SEA_dam/LST_processed/sentinel2_water_masks/Shwegyin/ECOSTRESS/Shwegyin_ECOv002_L2T_LSTE_15144_004_47QKV_20210308T151516_0712_01_LST_LST_s2_footprint_water_mask.tif,,0.9951474430757744,,0.3747667039940276,,281950,,280830,,1988630,,1987580,,,,,,,,,29.0753727,17.970227,96.935001,,,,,,,2021-03-08T15:15:16Z,2021,3,67,15.254444444444443,15.254444444444443,417,,,FALSE,FALSE,FALSE,FALSE,,,,,FALSE,,,,,,,,,,,,,,,FALSE,none,,,lake_only,kept_unique_main,1,0,,,Shwegyin,shwegyin
667,Shwegyin,2022-01-23T18:26:23Z,418,main_s2mask,418,ECOSTRESS,lake_only,TRUE,FALSE,FALSE,24.12762451,,,51,,25.01000977,,24.470001220703125,,20.089996337890625,,0.963831425,,70,,70,,38.42610444444444,,1642824049,,/scratch/mr3882/SEA_dam/LST_processed/sentinel2_water_masks/Shwegyin/ECOSTRESS/Shwegyin_ECOv002_L2T_LSTE_20133_005_47QKV_20220123T182623_0712_01_LST_LST_s2_footprint_water_mask.tif,,1,,0.3381858902575588,,281950,,280830,,1988630,,1987580,,,,,,,,,29.0753727,17.970227,96.935001,,,,,,,2022-01-23T18:26:23Z,2022,1,23,18.439722222222223,18.439722222222223,418,,,FALSE,FALSE,FALSE,FALSE,,,,,FALSE,,,,,,,,,,,,,,,FALSE,none,,,lake_only,kept_unique_main,1,0,,,Shwegyin,shwegyin
668,Shwegyin,2022-01-31T05:23:42Z,419,main_s2mask,419,ECOSTRESS,lake_only,TRUE,FALSE,FALSE,27.35745239,,,51,,31.30999755859375,,26.990020751953125,,25.91000366210937,,1.170761943,,70,,70,,22.60472888888889,,1643687999,,/scratch/mr3882/SEA_dam/LST_processed/sentinel2_water_masks/Shwegyin/ECOSTRESS/Shwegyin_ECOv002_L2T_LSTE_20249_001_47QKV_20220131T052342_0712_01_LST_LST_s2_footprint_water_mask.tif,,1,,0.3185268134876197,,281950,,280830,,1988630,,1987580,,,,,,,,,29.0753727,17.970227,96.935001,,,,,,,2022-01-31T05:23:42Z,2022,1,31,5.3950000000000005,5.3950000000000005,419,,,FALSE,FALSE,FALSE,FALSE,,,,,FALSE,,,,,,,,,,,,,,,FALSE,none,,,lake_only,kept_unique_main,1,0,,,Shwegyin,shwegyin
669,Shwegyin,2022-02-26T19:00:13Z,420,main_s2mask,420,ECOSTRESS,lake_only,TRUE,FALSE,FALSE,24.50680542,,,50,,25.589996337890625,,24.94000244140625,,22.14999389648437,,0.994082749,,70,,70,,15.044993333333334,,1645847851,,/scratch/mr3882/SEA_dam/LST_processed/sentinel2_water_masks/Shwegyin/ECOSTRESS/Shwegyin_ECOv002_L2T_LSTE_20661_003_47QKV_20220226T190013_0712_01_LST_LST_s2_footprint_water_mask.tif,,1,,0.3119323130521338,,281950,,280830,,1988630,,1987580,,,,,,,,,29.0753727,17.970227,96.935001,,,,,,,2022-02-26T19:00:13Z,2022,2,57,19.003611111111116,19.003611111111116,420,,,FALSE,FALSE,FALSE,FALSE,,,,,FALSE,,,,,,,,,,,,,,,FALSE,none,,,lake_only,kept_unique_main,1,0,,,Shwegyin,shwegyin
670,Shwegyin,2023-01-13T12:07:18Z,421,main_s2mask,421,ECOSTRESS,lake_only,TRUE,FALSE,FALSE,25.57946777,,,59,,26.589996337890625,,25.730010986328125,,23.51000977,,0.692256212,,70,,70,,32.09638222222222,,1673496091,,/scratch/mr3882/SEA_dam/LST_processed/sentinel2_water_masks/Shwegyin/ECOSTRESS/Shwegyin_ECOv002_L2T_LSTE_25644_003_47QKV_20230113T120718_0712_02_LST_LST_s2_footprint_water_mask.tif,,1,,0.3699141470698022,,281950,,280830,,1988630,,1987580,,,,,,,,,29.0753727,17.970227,96.935001,,,,,,,2023-01-13T12:07:18Z,2023,1,13,12.121666666666668,12.121666666666668,421,,,FALSE,FALSE,FALSE,FALSE,,,,,FALSE,,,,,,,,,,,,,,,FALSE,none,,,lake_only,kept_unique_main,1,0,,,Shwegyin,shwegyin
671,Shwegyin,2023-01-17T10:29:20Z,422,main_s2mask,422,ECOSTRESS,lake_only,TRUE,FALSE,FALSE,26.43618774,,,55,,27.27001953,,26.33001708984375,,25.92999267578125,,0.308084369,,70,,70,,6.469715555555555,,1673928069,,/scratch/mr3882/SEA_dam/LST_processed/sentinel2_water_masks/Shwegyin/ECOSTRESS/Shwegyin_ECOv002_L2T_LSTE_25705_003_47QKV_20230117T102920_0712_01_LST_LST_s2_footprint_water_mask.tif,,1,,0.3656837128281697,,281950,,280830,,1988630,,1987580,,,,,,,,,29.0753727,17.970227,96.935001,,,,,,,2023-01-17T10:29:20Z,2023,1,17,10.488888888888887,10.488888888888887,422,,,FALSE,FALSE,FALSE,FALSE,,,,,FALSE,,,,,,,,,,,,,,,FALSE,none,,,lake_only,kept_unique_main,1,0,,,Shwegyin,shwegyin
672,Shwegyin,2023-02-09T01:36:36Z,423,main_s2mask,423,ECOSTRESS,lake_only,TRUE,FALSE,FALSE,24.98901367,,,59,,25.75,,25.27001953,,23.550018310546875,,0.631454587,,70,,70,,50.376395555555554,,1676087951,,/scratch/mr3882/SEA_dam/LST_processed/sentinel2_water_masks/Shwegyin/ECOSTRESS/Shwegyin_ECOv002_L2T_LSTE_26056_002_47QKV_20230209T013636_0710_01_LST_LST_s2_footprint_water_mask.tif,,1,,0.3783750155530671,,281950,,280830,,1988630,,1987580,,,,,,,,,29.0753727,17.970227,96.935001,,,,,,,2023-02-09T01:36:36Z,2023,2,40,1.61,1.61,423,,,FALSE,FALSE,FALSE,FALSE,,,,,FALSE,,,,,,,,,,,,,,,FALSE,none,,,lake_only,kept_unique_main,1,0,,,Shwegyin,shwegyin
673,Shwegyin,2019-12-14T01:29:35Z,9287,additional_ecostress,455,ECOSTRESS,paired,TRUE,TRUE,TRUE,23.63,20.73,-2.9,,,,,,,,,,,,,,,,,,,,,,,,,,,,,,,,,Myanmar,56.5,13886.07,58.4,1450,Shwegyin River,01/01/2013,29.0753727,17.970227,96.935001,,,,,procurement.dhpi@moep.gov.mm,,2019-12-14T01:29:35Z,2019,12,348,1.4930555555555556,7.955388955555556,,455,0,FALSE,FALSE,FALSE,FALSE,,,,,FALSE,58,17.9721,96.9315,1.28,0b1001111011000000,58,17.9678,96.9335,1.28,0b1001111011000000,17.970227,96.935001,1.28,1.28,FALSE,none,,,paired,kept_unique_additional,0,1,additional_ecostress__455,TRUE,Shwegyin (KyaukNaga),shwegyinkyauknaga
674,Shwegyin,2020-01-17T11:54:55Z,9288,additional_ecostress,456,ECOSTRESS,paired,TRUE,TRUE,TRUE,24.19,25.55,1.3599999999999994,,,,,,,,,,,,,,,,,,,,,,,,,,,,,,,,,Myanmar,56.5,13886.07,58.4,1450,Shwegyin River,01/01/2013,29.0753727,17.970227,96.935001,,,,,procurement.dhpi@moep.gov.mm,,2020-01-17T11:54:55Z,2020,1,17,11.915277777777778,18.37761117777778,,456,0,FALSE,FALSE,FALSE,FALSE,,,,,FALSE,58,17.9721,96.9315,1.24,0b1001111011000000,58,17.9678,96.9335,1.24,0b1001111011000000,17.970227,96.935001,1.24,1.24,FALSE,none,,,paired,kept_unique_additional,0,1,additional_ecostress__456,TRUE,Shwegyin (KyaukNaga),shwegyinkyauknaga
675,Shwegyin,2020-01-25T08:45:26Z,9289,additional_ecostress,457,ECOSTRESS,lake_only,TRUE,FALSE,FALSE,23.03,,,,,,,,,,,,,,,,,,,,,,,,,,,,,,,,,,,Myanmar,56.5,13886.07,58.4,1450,Shwegyin River,01/01/2013,29.0753727,17.970227,96.935001,,,,,procurement.dhpi@moep.gov.mm,,2020-01-25T08:45:26Z,2020,1,25,8.757222222222222,15.219555622222222,,457,0,FALSE,FALSE,FALSE,FALSE,,,,,FALSE,58,17.9721,96.9315,0.96,0b1110101011000000,,,,,,17.970227,96.935001,0.96,,FALSE,none,,,lake_only,kept_unique_additional,0,1,additional_ecostress__457,TRUE,Shwegyin (KyaukNaga),shwegyinkyauknaga
676,Shwegyin,2020-02-14T00:57:55Z,9290,additional_ecostress,458,ECOSTRESS,paired,TRUE,TRUE,TRUE,19.41,16.07,-3.34,,,,,,,,,,,,,,,,,,,,,,,,,,,,,,,,,Myanmar,56.5,13886.07,58.4,1450,Shwegyin River,01/01/2013,29.0753727,17.970227,96.935001,,,,,procurement.dhpi@moep.gov.mm,,2020-02-14T00:57:55Z,2020,2,45,0.9652777777777776,7.427611177777778,,458,0,FALSE,FALSE,FALSE,FALSE,,,,,FALSE,58,17.9721,96.9315,0.84,0b1111111011000000,58,17.9678,96.9335,0.84,0b1111111011000000,17.970227,96.935001,0.84,0.84,FALSE,none,,,paired,kept_unique_additional,0,1,additional_ecostress__458,TRUE,Shwegyin (KyaukNaga),shwegyinkyauknaga
677,Shwegyin,2021-01-15T12:11:29Z,9291,additional_ecostress,459,ECOSTRESS,lake_only,TRUE,FALSE,FALSE,21.89,,,,,,,,,,,,,,,,,,,,,,,,,,,,,,,,,,,Myanmar,56.5,13886.07,58.4,1450,Shwegyin River,01/01/2013,29.0753727,17.970227,96.935001,,,,,procurement.dhpi@moep.gov.mm,,2021-01-15T12:11:29Z,2021,1,15,12.19138888888889,18.65372228888889,,459,0,FALSE,FALSE,FALSE,FALSE,,,,,FALSE,58,17.9721,96.9315,1.28,0b1001111011000000,,,,,,17.970227,96.935001,1.28,,FALSE,none,,,lake_only,kept_unique_additional,0,1,additional_ecostress__459,TRUE,Shwegyin (KyaukNaga),shwegyinkyauknaga
678,Shwegyin,2021-01-15T22:03:20Z,9292,additional_ecostress,460,ECOSTRESS,paired,TRUE,TRUE,TRUE,23.75,17.97,-5.78,,,,,,,,,,,,,,,,,,,,,,,,,,,,,,,,,Myanmar,56.5,13886.07,58.4,1450,Shwegyin River,01/01/2013,29.0753727,17.970227,96.935001,,,,,procurement.dhpi@moep.gov.mm,,2021-01-15T22:03:20Z,2021,1,15,22.05555555555556,4.517888955555556,,460,0,FALSE,FALSE,FALSE,FALSE,,,,,FALSE,58,17.9721,96.9315,1.24,0b1001101011000000,58,17.9678,96.9335,1.24,0b1001111011000000,17.970227,96.935001,1.24,1.24,FALSE,none,,,paired,kept_unique_additional,0,1,additional_ecostress__460,TRUE,Shwegyin (KyaukNaga),shwegyinkyauknaga
679,Shwegyin,2021-03-08T15:15:16Z,9293,additional_ecostress,461,ECOSTRESS,paired,TRUE,TRUE,TRUE,24.39,24.27,-0.12,,,,,,,,,,,,,,,,,,,,,,,,,,,,,,,,,Myanmar,56.5,13886.07,58.4,1450,Shwegyin River,01/01/2013,29.0753727,17.970227,96.935001,,,,,procurement.dhpi@moep.gov.mm,,2021-03-08T15:15:16Z,2021,3,67,15.254444444444443,21.716777844444444,,461,0,FALSE,FALSE,FALSE,FALSE,,,,,FALSE,58,17.9721,96.9315,1.36,0b1001111011000000,58,17.9678,96.9335,1.36,0b1001101011000000,17.970227,96.935001,1.36,1.36,FALSE,none,,,paired,kept_unique_additional,0,1,additional_ecostress__461,TRUE,Shwegyin (KyaukNaga),shwegyinkyauknaga
680,Shwegyin,2022-01-23T18:26:23Z,9294,additional_ecostress,462,ECOSTRESS,paired,TRUE,TRUE,TRUE,20.31,18.93,-1.38,,,,,,,,,,,,,,,,,,,,,,,,,,,,,,,,,Myanmar,56.5,13886.07,58.4,1450,Shwegyin River,01/01/2013,29.0753727,17.970227,96.935001,,,,,procurement.dhpi@moep.gov.mm,,2022-01-23T18:26:23Z,2022,1,23,18.439722222222223,0.9020556222222212,,462,0,FALSE,FALSE,FALSE,FALSE,,,,,FALSE,58,17.9721,96.9315,1.24,0b1001101011000000,58,17.9678,96.9335,1.24,0b1001111011000000,17.970227,96.935001,1.24,1.24,FALSE,none,,,paired,kept_unique_additional,0,1,additional_ecostress__462,TRUE,Shwegyin (KyaukNaga),shwegyinkyauknaga
681,Shwegyin,2022-01-31T05:23:41Z,9295,additional_ecostress,463,ECOSTRESS,paired,TRUE,TRUE,TRUE,29.69,33.67,3.98,,,,,,,,,,,,,,,,,,,,,,,,,,,,,,,,,Myanmar,56.5,13886.07,58.4,1450,Shwegyin River,01/01/2013,29.0753727,17.970227,96.935001,,,,,procurement.dhpi@moep.gov.mm,,2022-01-31T05:23:41Z,2022,1,31,5.394722222222223,11.857055622222225,,463,0,FALSE,FALSE,FALSE,FALSE,,,,,FALSE,58,17.9721,96.9315,1.16,0b1001101011000000,58,17.9678,96.9335,1.16,0b1001101011000000,17.970227,96.935001,1.16,1.16,FALSE,none,,,paired,kept_unique_additional,0,1,additional_ecostress__463,TRUE,Shwegyin (KyaukNaga),shwegyinkyauknaga
682,Shwegyin,2022-02-26T19:00:13Z,9296,additional_ecostress,464,ECOSTRESS,paired,TRUE,TRUE,TRUE,21.07,20.85,-0.22,,,,,,,,,,,,,,,,,,,,,,,,,,,,,,,,,Myanmar,56.5,13886.07,58.4,1450,Shwegyin River,01/01/2013,29.0753727,17.970227,96.935001,,,,,procurement.dhpi@moep.gov.mm,,2022-02-26T19:00:13Z,2022,2,57,19.003611111111116,1.4659445111111111,,464,0,FALSE,FALSE,FALSE,FALSE,,,,,FALSE,58,17.9721,96.9315,1.28,0b1001101011000000,58,17.9678,96.9335,1.28,0b1001111011000000,17.970227,96.935001,1.28,1.28,FALSE,none,,,paired,kept_unique_additional,0,1,additional_ecostress__464,TRUE,Shwegyin (KyaukNaga),shwegyinkyauknaga
683,Shwegyin,2023-01-13T12:07:17Z,9297,additional_ecostress,465,ECOSTRESS,paired,TRUE,TRUE,TRUE,23.45,24.71,1.2600000000000016,,,,,,,,,,,,,,,,,,,,,,,,,,,,,,,,,Myanmar,56.5,13886.07,58.4,1450,Shwegyin River,01/01/2013,29.0753727,17.970227,96.935001,,,,,procurement.dhpi@moep.gov.mm,,2023-01-13T12:07:17Z,2023,1,13,12.12138888888889,18.58372228888889,,465,0,FALSE,FALSE,FALSE,FALSE,,,,,FALSE,58,17.9721,96.9315,1.2,0b1001111011000000,58,17.9678,96.9335,1.2,0b1001111011000000,17.970227,96.935001,1.2,1.2,FALSE,none,,,paired,kept_unique_additional,0,1,additional_ecostress__465,TRUE,Shwegyin (KyaukNaga),shwegyinkyauknaga
684,Shwegyin,2023-01-17T10:29:20Z,9298,additional_ecostress,466,ECOSTRESS,paired,TRUE,TRUE,TRUE,25.69,26.67,0.9800000000000004,,,,,,,,,,,,,,,,,,,,,,,,,,,,,,,,,Myanmar,56.5,13886.07,58.4,1450,Shwegyin River,01/01/2013,29.0753727,17.970227,96.935001,,,,,procurement.dhpi@moep.gov.mm,,2023-01-17T10:29:20Z,2023,1,17,10.488888888888887,16.95122228888889,,466,0,FALSE,FALSE,FALSE,FALSE,,,,,FALSE,58,17.9721,96.9315,1.28,0b1001111011000000,58,17.9678,96.9335,1.28,0b1001111011000000,17.970227,96.935001,1.28,1.28,FALSE,none,,,paired,kept_unique_additional,0,1,additional_ecostress__466,TRUE,Shwegyin (KyaukNaga),shwegyinkyauknaga
685,Shwegyin,2023-02-09T01:36:36Z,9299,additional_ecostress,467,ECOSTRESS,paired,TRUE,TRUE,TRUE,23.03,19.99,-3.04,,,,,,,,,,,,,,,,,,,,,,,,,,,,,,,,,Myanmar,56.5,13886.07,58.4,1450,Shwegyin River,01/01/2013,29.0753727,17.970227,96.935001,,,,,procurement.dhpi@moep.gov.mm,,2023-02-09T01:36:36Z,2023,2,40,1.61,8.0723334,,467,0,FALSE,FALSE,FALSE,FALSE,,,,,FALSE,58,17.9721,96.9315,1,0b1110111011000000,58,17.9678,96.9335,1,0b1010111011000000,17.970227,96.935001,1,1,FALSE,none,,,paired,kept_unique_additional,0,1,additional_ecostress__467,TRUE,Shwegyin (KyaukNaga),shwegyinkyauknaga
686,Sirikit,2020-02-14T00:58:47Z,9300,additional_ecostress,468,ECOSTRESS,paired,TRUE,TRUE,TRUE,24.39,22.03,-2.36,,,,,,,,,,,,,,,,,,,,,,,,,,,,,,,,,Thailand,114,3094.99,250.5,9510,Nan,01/01/1974,81.58302307,17.76625,100.55875,,,,,,,2020-02-14T00:58:47Z,2020,2,45,0.9797222222222224,7.683638889,,468,1,TRUE,FALSE,FALSE,FALSE,1,424,,,FALSE,41,17.7663,100.5609,1.24,0b1001111011000000,41,17.7581,100.5635,1.24,0b1001101011000000,17.76625,100.55875,1.24,1.24,FALSE,none,,,paired,kept_unique_additional,0,1,additional_ecostress__468,TRUE,Sirikit,sirikit
687,Sirikit,2020-02-14T00:58:48Z,424,main_s2mask,424,ECOSTRESS,lake_only,TRUE,FALSE,FALSE,23.02218628,,,23,,23.86999512,,22.92999267578125,,22.36999512,,0.391768485,,70,,70,,,,,,/scratch/mr3882/SEA_dam/LST_processed/sentinel2_water_masks/Sirikit/ECOSTRESS/Sirikit_ECOv002_L2T_LSTE_09120_002_47QPV_20200214T005848_0712_01_LST_LST_s2_footprint_water_mask.tif,,,,,,666360,,665310,,1965250,,1964130,,Thailand,114,3094.99,250.5,9510,Nan,01/01/1974,81.58302307,17.76625,100.55875,,,,,,,2020-02-14T00:58:48Z,2020,2,45,0.98,7.683916666666667,424,,,FALSE,FALSE,FALSE,FALSE,,,,,FALSE,,,,,,,,,,,17.76625,100.55875,,,FALSE,none,,,lake_only,kept_unique_main,1,0,,,Sirikit,sirikit
688,Sirikit,2020-12-23T20:47:20Z,425,main_s2mask,425,ECOSTRESS,lake_only,TRUE,FALSE,FALSE,19.98498535,,,40,,20.69000244140625,,20.07000732421875,,17.42999267578125,,0.580112517,,70,,70,,,,,,/scratch/mr3882/SEA_dam/LST_processed/sentinel2_water_masks/Sirikit/ECOSTRESS/Sirikit_ECOv002_L2T_LSTE_13985_004_47QPV_20201223T204720_0712_01_LST_LST_s2_footprint_water_mask.tif,,,,,,666360,,665310,,1965250,,1964130,,Thailand,114,3094.99,250.5,9510,Nan,01/01/1974,81.58302307,17.76625,100.55875,,,,,,,2020-12-23T20:47:20Z,2020,12,358,20.78888888888889,3.4928055555555595,425,,,FALSE,FALSE,FALSE,FALSE,,,,,FALSE,,,,,,,,,,,17.76625,100.55875,,,FALSE,none,,,lake_only,kept_unique_main,1,0,,,Sirikit,sirikit
689,Sirikit,2021-12-04T04:17:32Z,426,main_s2mask,426,ECOSTRESS,paired,TRUE,TRUE,TRUE,28.53683472,28.25,-0.286834717,38,,32.77001953,,28.040008544921875,,27.050018310546875,,1.542788982,,70,,70,,,,,,/scratch/mr3882/SEA_dam/LST_processed/sentinel2_water_masks/Sirikit/ECOSTRESS/Sirikit_ECOv002_L2T_LSTE_19349_004_47QPV_20211204T041732_0712_01_LST_LST_s2_footprint_water_mask.tif,,,,,,666360,,665310,,1965250,,1964130,,Thailand,114,3094.99,250.5,9510,Nan,01/01/1974,81.58302307,17.76625,100.55875,,,,,,,2021-12-04T04:17:32Z,2021,12,338,4.292222222222222,10.99613888888889,426,,,FALSE,FALSE,FALSE,FALSE,,,,,FALSE,,,,,,41,17.7581,100.5635,1.08,0b1010111011000000,17.76625,100.55875,,1.08,TRUE,outlet,Tm_o;ID_o;Latitude_o;Longitude_o;ECO2LSTE_001_SDS_LST_err_o;QC_bitmask_o;LSTerr_o;Latitude_ref;Longitude_ref,9301,lake_only,kept_main_filled_outlet_from_additional,1,1,,,Sirikit,sirikit
690,Sirikit,2023-01-14T21:10:56Z,427,main_s2mask,427,ECOSTRESS,paired,TRUE,TRUE,TRUE,23.36071777,16.71,-6.650717773,43,,24.77001953,,23.57000732421875,,20.63000488,,1.079843998,,70,,70,,,,,,/scratch/mr3882/SEA_dam/LST_processed/sentinel2_water_masks/Sirikit/ECOSTRESS/Sirikit_ECOv002_L2T_LSTE_25665_009_47QPV_20230114T211056_0710_01_LST_LST_s2_footprint_water_mask.tif,,,,,,666360,,665310,,1965250,,1964130,,Thailand,114,3094.99,250.5,9510,Nan,01/01/1974,81.58302307,17.76625,100.55875,,,,,,,2023-01-14T21:10:56Z,2023,1,14,21.182222222222222,3.8861388888888895,427,,,FALSE,FALSE,FALSE,FALSE,,,,,FALSE,,,,,,41,17.7581,100.5635,1,0b1110101011000000,17.76625,100.55875,,1,TRUE,outlet,Tm_o;ID_o;Latitude_o;Longitude_o;ECO2LSTE_001_SDS_LST_err_o;QC_bitmask_o;LSTerr_o;Latitude_ref;Longitude_ref,9302,lake_only,kept_main_filled_outlet_from_additional,1,1,,,Sirikit,sirikit
691,Sirikit,2023-01-22T08:05:14Z,428,main_s2mask,428,ECOSTRESS,paired,TRUE,TRUE,TRUE,31.4631958,31.45,-0.013195801,38,,36.709991455078125,,31.88000488,,26.75,,3.218286037,,70,,70,,,,,,/scratch/mr3882/SEA_dam/LST_processed/sentinel2_water_masks/Sirikit/ECOSTRESS/Sirikit_ECOv002_L2T_LSTE_25781_005_47QPV_20230122T080514_0710_01_LST_LST_s2_footprint_water_mask.tif,,,,,,666360,,665310,,1965250,,1964130,,Thailand,114,3094.99,250.5,9510,Nan,01/01/1974,81.58302307,17.76625,100.55875,,,,,,,2023-01-22T08:05:14Z,2023,1,22,8.087222222222223,14.791138888888892,428,,,FALSE,FALSE,FALSE,FALSE,,,,,FALSE,,,,,,41,17.7581,100.5635,1.2,0b1001111011000000,17.76625,100.55875,,1.2,TRUE,outlet,Tm_o;ID_o;Latitude_o;Longitude_o;ECO2LSTE_001_SDS_LST_err_o;QC_bitmask_o;LSTerr_o;Latitude_ref;Longitude_ref,9303,lake_only,kept_main_filled_outlet_from_additional,1,1,,,Sirikit,sirikit
692,Sirindhorn,2021-02-13T23:45:58Z,9304,additional_ecostress,472,ECOSTRESS,paired,TRUE,TRUE,TRUE,15.13,15.55,0.4199999999999999,,,,,,,,,,,,,,,,,,,,,,,,,,,,,,,,,Thailand,42,2909.66,235.5,1966,Lam Dom Noi,01/01/1971,118.1802673,15.20625,105.430417,,,,,,,2021-02-13T23:45:58Z,2021,2,44,23.766111111111112,6.794805578,,472,1,TRUE,FALSE,FALSE,FALSE,1,429,,,FALSE,51,15.2062,105.4297,1.36,0b1001111011000000,51,15.2067,105.4278,1.36,0b1001101011000000,15.20625,105.430417,1.36,1.36,FALSE,none,,,paired,kept_unique_additional,0,1,additional_ecostress__472,TRUE,Sirindhorn,sirindhorn
693,Sirindhorn,2021-02-13T23:45:59Z,429,main_s2mask,429,ECOSTRESS,lake_only,TRUE,FALSE,FALSE,21.23510742,,,43,,23.490020751953125,,21.07000732421875,,19.69000244140625,,0.936784327,,70,,70,,,,,,/scratch/mr3882/SEA_dam/LST_processed/sentinel2_water_masks/Sirindhorn/ECOSTRESS/Sirindhorn_ECOv002_L2T_LSTE_14793_003_48PWB_20210213T234559_0712_01_LST_LST_s2_footprint_water_mask.tif,,,,,,546530,,545480,,1681700,,1680650,,Thailand,42,2909.66,235.5,1966,Lam Dom Noi,01/01/1971,118.1802673,15.20625,105.430417,,,,,,,2021-02-13T23:45:59Z,2021,2,44,23.76638888888889,6.795083355555558,429,,,FALSE,FALSE,FALSE,FALSE,,,,,FALSE,,,,,,,,,,,15.20625,105.430417,,,FALSE,none,,,lake_only,kept_unique_main,1,0,,,Sirindhorn,sirindhorn
694,Song Hinh 1,2019-12-07T13:48:17Z,9305,additional_ecostress,473,ECOSTRESS,outlet_only,FALSE,TRUE,FALSE,,13.25,,,,,,,,,,,,,,,,,,,,,,,,,,,,,,,,,,Vietnam,42,408.96,33.1,357,Hinh,01/01/2000,207.7900085,12.932917,108.94625,,,,,ree@reecorp.com.vn,,2019-12-07T13:48:17Z,2019,12,341,13.804722222222225,21.067805555555555,,473,0,FALSE,FALSE,FALSE,FALSE,,,,,FALSE,,,,,,53,17.3214,102.7266,1.04,0b1010101011000000,12.932917,108.94625,,1.04,FALSE,none,,,outlet_only,kept_unique_additional,0,1,additional_ecostress__473,TRUE,Song Hinh 1,songhinh1
695,Song Hinh 1,2020-02-22T21:04:33Z,9306,additional_ecostress,474,ECOSTRESS,outlet_only,FALSE,TRUE,FALSE,,15.29,,,,,,,,,,,,,,,,,,,,,,,,,,,,,,,,,,Vietnam,42,408.96,33.1,357,Hinh,01/01/2000,207.7900085,12.932917,108.94625,,,,,ree@reecorp.com.vn,,2020-02-22T21:04:33Z,2020,2,53,21.07583333333333,4.338916666666666,,474,0,FALSE,FALSE,FALSE,FALSE,,,,,FALSE,,,,,,53,17.3214,102.7266,1.36,0b1001111011000000,12.932917,108.94625,,1.36,FALSE,none,,,outlet_only,kept_unique_additional,0,1,additional_ecostress__474,TRUE,Song Hinh 1,songhinh1
696,Song Hinh 1,2020-12-09T02:15:21Z,9307,additional_ecostress,475,ECOSTRESS,outlet_only,FALSE,TRUE,FALSE,,22.63,,,,,,,,,,,,,,,,,,,,,,,,,,,,,,,,,,Vietnam,42,408.96,33.1,357,Hinh,01/01/2000,207.7900085,12.932917,108.94625,,,,,ree@reecorp.com.vn,,2020-12-09T02:15:21Z,2020,12,344,2.255833333333334,9.518916666666666,,475,0,FALSE,FALSE,FALSE,FALSE,,,,,FALSE,,,,,,53,17.3214,102.7266,1.32,0b1001111011000000,12.932917,108.94625,,1.32,FALSE,none,,,outlet_only,kept_unique_additional,0,1,additional_ecostress__475,TRUE,Song Hinh 1,songhinh1
697,Song Hinh 1,2023-01-14T21:10:56Z,9308,additional_ecostress,476,ECOSTRESS,outlet_only,FALSE,TRUE,FALSE,,19.67,,,,,,,,,,,,,,,,,,,,,,,,,,,,,,,,,,Vietnam,42,408.96,33.1,357,Hinh,01/01/2000,207.7900085,12.932917,108.94625,,,,,ree@reecorp.com.vn,,2023-01-14T21:10:56Z,2023,1,14,21.182222222222222,4.4453055555555565,,476,0,FALSE,FALSE,FALSE,FALSE,,,,,FALSE,,,,,,53,17.3214,102.7266,1.08,0b1010101011000000,12.932917,108.94625,,1.08,FALSE,none,,,outlet_only,kept_unique_additional,0,1,additional_ecostress__476,TRUE,Song Hinh 1,songhinh1
698,Song Hinh 1,2023-01-22T08:05:14Z,9309,additional_ecostress,477,ECOSTRESS,outlet_only,FALSE,TRUE,FALSE,,28.71,,,,,,,,,,,,,,,,,,,,,,,,,,,,,,,,,,Vietnam,42,408.96,33.1,357,Hinh,01/01/2000,207.7900085,12.932917,108.94625,,,,,ree@reecorp.com.vn,,2023-01-22T08:05:14Z,2023,1,22,8.087222222222223,15.350305555555558,,477,0,FALSE,FALSE,FALSE,FALSE,,,,,FALSE,,,,,,53,17.3214,102.7266,1,0b1110111011000000,12.932917,108.94625,,1,FALSE,none,,,outlet_only,kept_unique_additional,0,1,additional_ecostress__477,TRUE,Song Hinh 1,songhinh1
699,Song Hinh 1,2023-01-22T17:56:48Z,9310,additional_ecostress,478,ECOSTRESS,outlet_only,FALSE,TRUE,FALSE,,15.89,,,,,,,,,,,,,,,,,,,,,,,,,,,,,,,,,,Vietnam,42,408.96,33.1,357,Hinh,01/01/2000,207.7900085,12.932917,108.94625,,,,,ree@reecorp.com.vn,,2023-01-22T17:56:48Z,2023,1,22,17.946666666666665,1.2097499999999997,,478,0,FALSE,FALSE,FALSE,FALSE,,,,,FALSE,,,,,,53,17.3214,102.7266,1.04,0b1010101011000000,12.932917,108.94625,,1.04,FALSE,none,,,outlet_only,kept_unique_additional,0,1,additional_ecostress__478,TRUE,Song Hinh 1,songhinh1
700,Srinagarind,2019-12-07T03:55:23Z,430,main_s2mask,430,ECOSTRESS,paired,TRUE,TRUE,TRUE,26.67382813,29.63,2.956171874999999,42,,31.41000366210937,,25.600006103515625,,24.69000244140625,,1.912635684,,70,,70,,,,,,/scratch/mr3882/SEA_dam/LST_processed/sentinel2_water_masks/Srinagarind/ECOSTRESS/Srinagarind_ECOv002_L2T_LSTE_08052_004_47PNS_20191207T035523_0712_01_LST_LST_s2_footprint_water_mask.tif,,,,,,514470,,513420,,1593500,,1592450,,Thailand,140,4273.68,345.9,17800,Quae Yai,01/01/1978,63.35174561,14.412083,99.125417,,,,,,,2019-12-07T03:55:23Z,2019,12,341,3.923055555555555,10.53141668888889,430,,,FALSE,FALSE,FALSE,FALSE,,,,,FALSE,,,,,,46,14.4067,99.1308,1.12,0b1010111011000000,14.412083,99.125417,,1.12,TRUE,outlet,Tm_o;ID_o;Latitude_o;Longitude_o;ECO2LSTE_001_SDS_LST_err_o;QC_bitmask_o;LSTerr_o;Latitude_ref;Longitude_ref,9311,lake_only,kept_main_filled_outlet_from_additional,1,1,,,Srinagarind,srinagarind
701,Srinagarind,2020-03-08T15:35:39Z,431,main_s2mask,431,ECOSTRESS,paired,TRUE,TRUE,TRUE,28.22964478,28.61,0.3803552246093993,49,,28.57000732421875,,28.230010986328125,,27.790008544921875,,0.171684176,,70,,70,,,,,,/scratch/mr3882/SEA_dam/LST_processed/sentinel2_water_masks/Srinagarind/ECOSTRESS/Srinagarind_ECOv002_L2T_LSTE_09486_003_47PNR_20200308T153539_0712_01_LST_LST_s2_footprint_water_mask.tif,,,,,,514470,,513420,,1593510,,1592460,,Thailand,140,4273.68,345.9,17800,Quae Yai,01/01/1978,63.35174561,14.412083,99.125417,,,,,,,2020-03-08T15:35:39Z,2020,3,68,15.594166666666668,22.2025278,431,,,FALSE,FALSE,FALSE,FALSE,,,,,FALSE,,,,,,46,14.4067,99.1308,1.36,0b1001101011000000,14.412083,99.125417,,1.36,TRUE,outlet,Tm_o;ID_o;Latitude_o;Longitude_o;ECO2LSTE_001_SDS_LST_err_o;QC_bitmask_o;LSTerr_o;Latitude_ref;Longitude_ref,9312,lake_only,kept_main_filled_outlet_from_additional,1,1,,,Srinagarind,srinagarind
702,Srinagarind,2022-01-24T07:46:53Z,9313,additional_ecostress,481,ECOSTRESS,paired,TRUE,TRUE,TRUE,26.59,34.45,7.860000000000003,,,,,,,,,,,,,,,,,,,,,,,,,,,,,,,,,Thailand,140,4273.68,345.9,17800,Quae Yai,01/01/1978,63.35174561,14.412083,99.125417,,,,,,,2022-01-24T07:46:53Z,2022,1,24,7.781388888888888,14.389750022222222,,481,1,TRUE,FALSE,FALSE,FALSE,1,432,,,FALSE,46,14.4098,99.1235,1.2,0b1001111011000000,46,14.4067,99.1308,1.2,0b1001101011000000,14.412083,99.125417,1.2,1.2,FALSE,none,,,paired,kept_unique_additional,0,1,additional_ecostress__481,TRUE,Srinagarind,srinagarind
703,Srinagarind,2022-01-24T07:46:54Z,432,main_s2mask,432,ECOSTRESS,lake_only,TRUE,FALSE,FALSE,32.74765015,,,51,,37.61001586914063,,33.410003662109375,,27.14999389648437,,3.306302547,,70,,70,,,,,,/scratch/mr3882/SEA_dam/LST_processed/sentinel2_water_masks/Srinagarind/ECOSTRESS/Srinagarind_ECOv002_L2T_LSTE_20142_004_47PNR_20220124T074654_0711_02_LST_LST_s2_footprint_water_mask.tif,,,,,,514470,,513420,,1593510,,1592460,,Thailand,140,4273.68,345.9,17800,Quae Yai,01/01/1978,63.35174561,14.412083,99.125417,,,,,,,2022-01-24T07:46:54Z,2022,1,24,7.781666666666666,14.3900278,432,,,FALSE,FALSE,FALSE,FALSE,,,,,FALSE,,,,,,,,,,,14.412083,99.125417,,,FALSE,none,,,lake_only,kept_unique_main,1,0,,,Srinagarind,srinagarind
704,Srinagarind,2023-01-21T18:44:52Z,433,main_s2mask,433,ECOSTRESS,paired,TRUE,TRUE,TRUE,22.67718506,18.83,-3.847185059,50,,24.550018310546875,,23.14999389648437,,19.550018310546875,,1.44035399,,70,,70,,,,,,/scratch/mr3882/SEA_dam/LST_processed/sentinel2_water_masks/Srinagarind/ECOSTRESS/Srinagarind_ECOv002_L2T_LSTE_25772_010_47PNR_20230121T184452_0711_02_LST_LST_s2_footprint_water_mask.tif,,,,,,514470,,513420,,1593510,,1592460,,Thailand,140,4273.68,345.9,17800,Quae Yai,01/01/1978,63.35174561,14.412083,99.125417,,,,,,,2023-01-21T18:44:52Z,2023,1,21,18.747777777777777,1.3561389111111095,433,,,FALSE,FALSE,FALSE,FALSE,,,,,FALSE,,,,,,46,14.4067,99.1308,1.08,0b1001111011000000,14.412083,99.125417,,1.08,TRUE,outlet,Tm_o;ID_o;Latitude_o;Longitude_o;ECO2LSTE_001_SDS_LST_err_o;QC_bitmask_o;LSTerr_o;Latitude_ref;Longitude_ref,9314,lake_only,kept_main_filled_outlet_from_additional,1,1,,,Srinagarind,srinagarind
705,Srinagarind,2023-01-22T08:03:30Z,434,main_s2mask,434,ECOSTRESS,paired,TRUE,TRUE,TRUE,32.16439819,32.89,0.7256018066405971,50,,37.30999755859375,,32.410003662109375,,27.25,,3.06746006,,70,,70,,,,,,/scratch/mr3882/SEA_dam/LST_processed/sentinel2_water_masks/Srinagarind/ECOSTRESS/Srinagarind_ECOv002_L2T_LSTE_25781_003_47PNR_20230122T080330_0710_01_LST_LST_s2_footprint_water_mask.tif,,,,,,514470,,513420,,1593510,,1592460,,Thailand,140,4273.68,345.9,17800,Quae Yai,01/01/1978,63.35174561,14.412083,99.125417,,,,,,,2023-01-22T08:03:30Z,2023,1,22,8.058333333333334,14.666694466666666,434,,,FALSE,FALSE,FALSE,FALSE,,,,,FALSE,,,,,,46,14.4067,99.1308,1.08,0b1010101011000000,14.412083,99.125417,,1.08,TRUE,outlet,Tm_o;ID_o;Latitude_o;Longitude_o;ECO2LSTE_001_SDS_LST_err_o;QC_bitmask_o;LSTerr_o;Latitude_ref;Longitude_ref,9315,lake_only,kept_main_filled_outlet_from_additional,1,1,,,Srinagarind,srinagarind
706,Srinagarind,2023-04-05T03:27:25Z,435,main_s2mask,435,ECOSTRESS,paired,TRUE,TRUE,TRUE,31.58337402,36.83,5.246625976562498,45,,35.170013427734375,,31.110015869140625,,29.610015869140625,,1.723765373,,70,,70,,,,,,/scratch/mr3882/SEA_dam/LST_processed/sentinel2_water_masks/Srinagarind/ECOSTRESS/Srinagarind_ECOv002_L2T_LSTE_26911_002_47PNS_20230405T032725_0710_01_LST_LST_s2_footprint_water_mask.tif,,,,,,514470,,513420,,1593500,,1592450,,Thailand,140,4273.68,345.9,17800,Quae Yai,01/01/1978,63.35174561,14.412083,99.125417,,,,,,,2023-04-05T03:27:25Z,2023,4,95,3.456944444444445,10.065305577777778,435,,,FALSE,FALSE,FALSE,FALSE,,,,,FALSE,,,,,,46,14.4067,99.1308,1.36,0b1001101011000000,14.412083,99.125417,,1.36,TRUE,outlet,Tm_o;ID_o;Latitude_o;Longitude_o;ECO2LSTE_001_SDS_LST_err_o;QC_bitmask_o;LSTerr_o;Latitude_ref;Longitude_ref,9316,lake_only,kept_main_filled_outlet_from_additional,1,1,,,Srinagarind,srinagarind
707,Taukyekhet2,2019-12-06T04:43:51Z,9317,additional_ecostress,485,ECOSTRESS,paired,TRUE,TRUE,TRUE,26.73,29.13,2.3999999999999986,,,,,,,,,,,,,,,,,,,,,,,,,,,,,,,,,Myanmar,93.8,19837.59,13.8,148,Thauk Ye Khat,01/01/2013,47.97105789,18.914102,96.619907,,,,,procurement.dhpi@moep.gov.mm,,2019-12-06T04:43:51Z,2019,12,340,4.730833333333334,11.172160466666668,,485,0,FALSE,FALSE,FALSE,FALSE,,,,,FALSE,56,18.9144,96.6206,1.36,0b1001101011000000,56,18.9115,96.6134,1.36,0b1001111011000000,18.914102,96.619907,1.36,1.36,FALSE,none,,,paired,kept_unique_additional,0,1,additional_ecostress__485,TRUE,Taukyekhet II,taukyekhetii
708,Taukyekhet2,2019-12-17T00:41:33Z,9318,additional_ecostress,486,ECOSTRESS,lake_only,TRUE,FALSE,FALSE,21.07,,,,,,,,,,,,,,,,,,,,,,,,,,,,,,,,,,,Myanmar,93.8,19837.59,13.8,148,Thauk Ye Khat,01/01/2013,47.97105789,18.914102,96.619907,,,,,procurement.dhpi@moep.gov.mm,,2019-12-17T00:41:33Z,2019,12,351,0.6925,7.133827133333333,,486,0,FALSE,FALSE,FALSE,FALSE,,,,,FALSE,56,18.9144,96.6206,1.36,0b1001111011000000,,,,,,18.914102,96.619907,1.36,,FALSE,none,,,lake_only,kept_unique_additional,0,1,additional_ecostress__486,TRUE,Taukyekhet II,taukyekhetii
709,Taukyekhet2,2020-01-09T15:05:52Z,9319,additional_ecostress,487,ECOSTRESS,paired,TRUE,TRUE,TRUE,22.51,20.81,-1.7,,,,,,,,,,,,,,,,,,,,,,,,,,,,,,,,,Myanmar,93.8,19837.59,13.8,148,Thauk Ye Khat,01/01/2013,47.97105789,18.914102,96.619907,,,,,procurement.dhpi@moep.gov.mm,,2020-01-09T15:05:52Z,2020,1,9,15.09777777777778,21.53910491111111,,487,0,FALSE,FALSE,FALSE,FALSE,,,,,FALSE,56,18.9144,96.6206,1.36,0b1001101011000000,56,18.9115,96.6134,1.36,0b1001111011000000,18.914102,96.619907,1.36,1.36,FALSE,none,,,paired,kept_unique_additional,0,1,additional_ecostress__487,TRUE,Taukyekhet II,taukyekhetii
710,Taukyekhet2,2020-01-13T13:30:46Z,9320,additional_ecostress,488,ECOSTRESS,lake_only,TRUE,FALSE,FALSE,23.33,,,,,,,,,,,,,,,,,,,,,,,,,,,,,,,,,,,Myanmar,93.8,19837.59,13.8,148,Thauk Ye Khat,01/01/2013,47.97105789,18.914102,96.619907,,,,,procurement.dhpi@moep.gov.mm,,2020-01-13T13:30:46Z,2020,1,13,13.512777777777778,19.95410491111111,,488,0,FALSE,FALSE,FALSE,FALSE,,,,,FALSE,56,18.9144,96.6206,1.36,0b1001111011000000,,,,,,18.914102,96.619907,1.36,,FALSE,none,,,lake_only,kept_unique_additional,0,1,additional_ecostress__488,TRUE,Taukyekhet II,taukyekhetii
711,Taukyekhet2,2020-02-13T01:45:25Z,9321,additional_ecostress,489,ECOSTRESS,paired,TRUE,TRUE,TRUE,20.93,20.25,-0.68,,,,,,,,,,,,,,,,,,,,,,,,,,,,,,,,,Myanmar,93.8,19837.59,13.8,148,Thauk Ye Khat,01/01/2013,47.97105789,18.914102,96.619907,,,,,procurement.dhpi@moep.gov.mm,,2020-02-13T01:45:25Z,2020,2,44,1.7569444444444444,8.198271577777778,,489,0,FALSE,FALSE,FALSE,FALSE,,,,,FALSE,56,18.9144,96.6206,1.2,0b1001111011000000,56,18.9115,96.6134,1.2,0b1001111011000000,18.914102,96.619907,1.2,1.2,FALSE,none,,,paired,kept_unique_additional,0,1,additional_ecostress__489,TRUE,Taukyekhet II,taukyekhetii
712,Taukyekhet2,2020-02-13T01:46:17Z,9322,additional_ecostress,490,ECOSTRESS,paired,TRUE,TRUE,TRUE,20.81,21.03,0.2200000000000024,,,,,,,,,,,,,,,,,,,,,,,,,,,,,,,,,Myanmar,93.8,19837.59,13.8,148,Thauk Ye Khat,01/01/2013,47.97105789,18.914102,96.619907,,,,,procurement.dhpi@moep.gov.mm,,2020-02-13T01:46:17Z,2020,2,44,1.771388888888889,8.212716022222223,,490,0,FALSE,FALSE,FALSE,FALSE,,,,,FALSE,56,18.9144,96.6206,1.2,0b1001111011000000,56,18.9115,96.6134,1.2,0b1001111011000000,18.914102,96.619907,1.2,1.2,FALSE,none,,,paired,kept_unique_additional,0,1,additional_ecostress__490,TRUE,Taukyekhet II,taukyekhetii
713,Taukyekhet2,2020-11-21T10:03:13Z,9323,additional_ecostress,491,ECOSTRESS,paired,TRUE,TRUE,TRUE,28.89,27.27,-1.62,,,,,,,,,,,,,,,,,,,,,,,,,,,,,,,,,Myanmar,93.8,19837.59,13.8,148,Thauk Ye Khat,01/01/2013,47.97105789,18.914102,96.619907,,,,,procurement.dhpi@moep.gov.mm,,2020-11-21T10:03:13Z,2020,11,326,10.053611111111111,16.494938244444445,,491,0,FALSE,FALSE,FALSE,FALSE,,,,,FALSE,56,18.9144,96.6206,1.28,0b1001111011000000,56,18.9115,96.6134,1.28,0b1001111011000000,18.914102,96.619907,1.28,1.28,FALSE,none,,,paired,kept_unique_additional,0,1,additional_ecostress__491,TRUE,Taukyekhet II,taukyekhetii
714,Taukyekhet2,2020-12-11T02:16:18Z,9324,additional_ecostress,492,ECOSTRESS,paired,TRUE,TRUE,TRUE,24.27,23.55,-0.72,,,,,,,,,,,,,,,,,,,,,,,,,,,,,,,,,Myanmar,93.8,19837.59,13.8,148,Thauk Ye Khat,01/01/2013,47.97105789,18.914102,96.619907,,,,,procurement.dhpi@moep.gov.mm,,2020-12-11T02:16:18Z,2020,12,346,2.2716666666666665,8.7129938,,492,0,FALSE,FALSE,FALSE,FALSE,,,,,FALSE,56,18.9144,96.6206,1.28,0b1001111011000000,56,18.9115,96.6134,1.32,0b1001111011000000,18.914102,96.619907,1.28,1.32,FALSE,none,,,paired,kept_unique_additional,0,1,additional_ecostress__492,TRUE,Taukyekhet II,taukyekhetii
715,Taukyekhet2,2020-12-22T21:34:40Z,9325,additional_ecostress,493,ECOSTRESS,paired,TRUE,TRUE,TRUE,17.97,17.91,-0.06,,,,,,,,,,,,,,,,,,,,,,,,,,,,,,,,,Myanmar,93.8,19837.59,13.8,148,Thauk Ye Khat,01/01/2013,47.97105789,18.914102,96.619907,,,,,procurement.dhpi@moep.gov.mm,,2020-12-22T21:34:40Z,2020,12,357,21.57777777777778,4.019104911111114,,493,0,FALSE,FALSE,FALSE,FALSE,,,,,FALSE,56,18.9144,96.6206,1.28,0b1001111011000000,56,18.9115,96.6134,1.28,0b1001101011000000,18.914102,96.619907,1.28,1.28,FALSE,none,,,paired,kept_unique_additional,0,1,additional_ecostress__493,TRUE,Taukyekhet II,taukyekhetii
716,Taukyekhet2,2021-01-15T12:11:29Z,9326,additional_ecostress,494,ECOSTRESS,paired,TRUE,TRUE,TRUE,23.35,20.99,-2.36,,,,,,,,,,,,,,,,,,,,,,,,,,,,,,,,,Myanmar,93.8,19837.59,13.8,148,Thauk Ye Khat,01/01/2013,47.97105789,18.914102,96.619907,,,,,procurement.dhpi@moep.gov.mm,,2021-01-15T12:11:29Z,2021,1,15,12.19138888888889,18.632716022222223,,494,0,FALSE,FALSE,FALSE,FALSE,,,,,FALSE,56,18.9144,96.6206,1.28,0b1001111011000000,56,18.9115,96.6134,1.32,0b1001111011000000,18.914102,96.619907,1.28,1.32,FALSE,none,,,paired,kept_unique_additional,0,1,additional_ecostress__494,TRUE,Taukyekhet II,taukyekhetii
717,Taukyekhet2,2021-01-23T09:03:56Z,9327,additional_ecostress,495,ECOSTRESS,lake_only,TRUE,FALSE,FALSE,33.01,,,,,,,,,,,,,,,,,,,,,,,,,,,,,,,,,,,Myanmar,93.8,19837.59,13.8,148,Thauk Ye Khat,01/01/2013,47.97105789,18.914102,96.619907,,,,,procurement.dhpi@moep.gov.mm,,2021-01-23T09:03:56Z,2021,1,23,9.065555555555555,15.50688268888889,,495,0,FALSE,FALSE,FALSE,FALSE,,,,,FALSE,56,18.9144,96.6206,1.32,0b1001101011000000,,,,,,18.914102,96.619907,1.32,,FALSE,none,,,lake_only,kept_unique_additional,0,1,additional_ecostress__495,TRUE,Taukyekhet II,taukyekhetii
718,Taukyekhet2,2021-02-04T04:25:59Z,9328,additional_ecostress,496,ECOSTRESS,paired,TRUE,TRUE,TRUE,29.13,31.33,2.1999999999999997,,,,,,,,,,,,,,,,,,,,,,,,,,,,,,,,,Myanmar,93.8,19837.59,13.8,148,Thauk Ye Khat,01/01/2013,47.97105789,18.914102,96.619907,,,,,procurement.dhpi@moep.gov.mm,,2021-02-04T04:25:59Z,2021,2,35,4.433055555555556,10.87438268888889,,496,0,FALSE,FALSE,FALSE,FALSE,,,,,FALSE,56,18.9144,96.6206,1.12,0b1010101011000000,56,18.9115,96.6134,1.12,0b1010101011000000,18.914102,96.619907,1.12,1.12,FALSE,none,,,paired,kept_unique_additional,0,1,additional_ecostress__496,TRUE,Taukyekhet II,taukyekhetii
719,Taukyekhet2,2021-02-27T19:08:48Z,9329,additional_ecostress,497,ECOSTRESS,paired,TRUE,TRUE,TRUE,22.67,22.01,-0.66,,,,,,,,,,,,,,,,,,,,,,,,,,,,,,,,,Myanmar,93.8,19837.59,13.8,148,Thauk Ye Khat,01/01/2013,47.97105789,18.914102,96.619907,,,,,procurement.dhpi@moep.gov.mm,,2021-02-27T19:08:48Z,2021,2,58,19.146666666666665,1.5879937999999996,,497,0,FALSE,FALSE,FALSE,FALSE,,,,,FALSE,56,18.9144,96.6206,1.32,0b1001111011000000,56,18.9115,96.6134,1.32,0b1001111011000000,18.914102,96.619907,1.32,1.32,FALSE,none,,,paired,kept_unique_additional,0,1,additional_ecostress__497,TRUE,Taukyekhet II,taukyekhetii
720,Taukyekhet2,2021-03-05T02:39:44Z,9330,additional_ecostress,498,ECOSTRESS,paired,TRUE,TRUE,TRUE,26.29,29.99,3.6999999999999993,,,,,,,,,,,,,,,,,,,,,,,,,,,,,,,,,Myanmar,93.8,19837.59,13.8,148,Thauk Ye Khat,01/01/2013,47.97105789,18.914102,96.619907,,,,,procurement.dhpi@moep.gov.mm,,2021-03-05T02:39:44Z,2021,3,64,2.6622222222222223,9.103549355555556,,498,0,FALSE,FALSE,FALSE,FALSE,,,,,FALSE,56,18.9144,96.6206,1.2,0b1001111011000000,56,18.9115,96.6134,1.2,0b1001111011000000,18.914102,96.619907,1.2,1.2,FALSE,none,,,paired,kept_unique_additional,0,1,additional_ecostress__498,TRUE,Taukyekhet II,taukyekhetii
721,Taukyekhet2,2021-03-07T16:02:40Z,9331,additional_ecostress,499,ECOSTRESS,paired,TRUE,TRUE,TRUE,24.09,22.73,-1.36,,,,,,,,,,,,,,,,,,,,,,,,,,,,,,,,,Myanmar,93.8,19837.59,13.8,148,Thauk Ye Khat,01/01/2013,47.97105789,18.914102,96.619907,,,,,procurement.dhpi@moep.gov.mm,,2021-03-07T16:02:40Z,2021,3,66,16.044444444444448,22.485771577777783,,499,0,FALSE,FALSE,FALSE,FALSE,,,,,FALSE,56,18.9144,96.6206,1.16,0b1010111011000000,56,18.9115,96.6134,1.16,0b1010111011000000,18.914102,96.619907,1.16,1.16,FALSE,none,,,paired,kept_unique_additional,0,1,additional_ecostress__499,TRUE,Taukyekhet II,taukyekhetii
722,Taukyekhet2,2021-11-21T09:39:56Z,9332,additional_ecostress,500,ECOSTRESS,paired,TRUE,TRUE,TRUE,31.79,29.41,-2.38,,,,,,,,,,,,,,,,,,,,,,,,,,,,,,,,,Myanmar,93.8,19837.59,13.8,148,Thauk Ye Khat,01/01/2013,47.97105789,18.914102,96.619907,,,,,procurement.dhpi@moep.gov.mm,,2021-11-21T09:39:56Z,2021,11,325,9.665555555555557,16.106882688888888,,500,0,FALSE,FALSE,FALSE,FALSE,,,,,FALSE,56,18.9144,96.6206,1.24,0b1001101011000000,56,18.9115,96.6134,1.24,0b1001101011000000,18.914102,96.619907,1.24,1.24,FALSE,none,,,paired,kept_unique_additional,0,1,additional_ecostress__500,TRUE,Taukyekhet II,taukyekhetii
723,Taukyekhet2,2022-01-23T08:35:27Z,9333,additional_ecostress,501,ECOSTRESS,paired,TRUE,TRUE,TRUE,30.79,31.35,0.5600000000000023,,,,,,,,,,,,,,,,,,,,,,,,,,,,,,,,,Myanmar,93.8,19837.59,13.8,148,Thauk Ye Khat,01/01/2013,47.97105789,18.914102,96.619907,,,,,procurement.dhpi@moep.gov.mm,,2022-01-23T08:35:27Z,2022,1,23,8.590833333333334,15.032160466666667,,501,0,FALSE,FALSE,FALSE,FALSE,,,,,FALSE,56,18.9144,96.6206,1.28,0b1001101011000000,56,18.9115,96.6134,1.28,0b1001111011000000,18.914102,96.619907,1.28,1.28,FALSE,none,,,paired,kept_unique_additional,0,1,additional_ecostress__501,TRUE,Taukyekhet II,taukyekhetii
724,Taukyekhet2,2022-01-23T18:26:23Z,9334,additional_ecostress,502,ECOSTRESS,paired,TRUE,TRUE,TRUE,19.87,18.93,-0.94,,,,,,,,,,,,,,,,,,,,,,,,,,,,,,,,,Myanmar,93.8,19837.59,13.8,148,Thauk Ye Khat,01/01/2013,47.97105789,18.914102,96.619907,,,,,procurement.dhpi@moep.gov.mm,,2022-01-23T18:26:23Z,2022,1,23,18.439722222222223,0.8810493555555539,,502,0,FALSE,FALSE,FALSE,FALSE,,,,,FALSE,56,18.9144,96.6206,1.2,0b1001111011000000,56,18.9115,96.6134,1.2,0b1001111011000000,18.914102,96.619907,1.2,1.2,FALSE,none,,,paired,kept_unique_additional,0,1,additional_ecostress__502,TRUE,Taukyekhet II,taukyekhetii
725,Taukyekhet2,2022-01-31T05:24:33Z,9335,additional_ecostress,503,ECOSTRESS,paired,TRUE,TRUE,TRUE,28.73,31.93,3.1999999999999997,,,,,,,,,,,,,,,,,,,,,,,,,,,,,,,,,Myanmar,93.8,19837.59,13.8,148,Thauk Ye Khat,01/01/2013,47.97105789,18.914102,96.619907,,,,,procurement.dhpi@moep.gov.mm,,2022-01-31T05:24:33Z,2022,1,31,5.409166666666667,11.8504938,,503,0,FALSE,FALSE,FALSE,FALSE,,,,,FALSE,56,18.9144,96.6206,1.04,0b1010101011000000,56,18.9115,96.6134,1.08,0b1010111011000000,18.914102,96.619907,1.04,1.08,FALSE,none,,,paired,kept_unique_additional,0,1,additional_ecostress__503,TRUE,Taukyekhet II,taukyekhetii
726,Taukyekhet2,2022-02-26T19:00:13Z,9336,additional_ecostress,504,ECOSTRESS,paired,TRUE,TRUE,TRUE,21.37,20.15,-1.22,,,,,,,,,,,,,,,,,,,,,,,,,,,,,,,,,Myanmar,93.8,19837.59,13.8,148,Thauk Ye Khat,01/01/2013,47.97105789,18.914102,96.619907,,,,,procurement.dhpi@moep.gov.mm,,2022-02-26T19:00:13Z,2022,2,57,19.003611111111116,1.444938244444444,,504,0,FALSE,FALSE,FALSE,FALSE,,,,,FALSE,56,18.9144,96.6206,1.12,0b1001111011000000,56,18.9115,96.6134,1.12,0b1001111011000000,18.914102,96.619907,1.12,1.12,FALSE,none,,,paired,kept_unique_additional,0,1,additional_ecostress__504,TRUE,Taukyekhet II,taukyekhetii
727,Taukyekhet2,2023-01-13T12:07:17Z,9337,additional_ecostress,505,ECOSTRESS,paired,TRUE,TRUE,TRUE,23.75,20.35,-3.4,,,,,,,,,,,,,,,,,,,,,,,,,,,,,,,,,Myanmar,93.8,19837.59,13.8,148,Thauk Ye Khat,01/01/2013,47.97105789,18.914102,96.619907,,,,,procurement.dhpi@moep.gov.mm,,2023-01-13T12:07:17Z,2023,1,13,12.12138888888889,18.562716022222222,,505,0,FALSE,FALSE,FALSE,FALSE,,,,,FALSE,56,18.9144,96.6206,1.04,0b1010101011000000,56,18.9115,96.6134,1.04,0b1010111011000000,18.914102,96.619907,1.04,1.04,FALSE,none,,,paired,kept_unique_additional,0,1,additional_ecostress__505,TRUE,Taukyekhet II,taukyekhetii
728,Taukyekhet2,2023-01-17T10:29:20Z,9338,additional_ecostress,506,ECOSTRESS,paired,TRUE,TRUE,TRUE,25.29,24.71,-0.58,,,,,,,,,,,,,,,,,,,,,,,,,,,,,,,,,Myanmar,93.8,19837.59,13.8,148,Thauk Ye Khat,01/01/2013,47.97105789,18.914102,96.619907,,,,,procurement.dhpi@moep.gov.mm,,2023-01-17T10:29:20Z,2023,1,17,10.488888888888887,16.930216022222222,,506,0,FALSE,FALSE,FALSE,FALSE,,,,,FALSE,56,18.9144,96.6206,1.08,0b1001101011000000,56,18.9115,96.6134,1.08,0b1001111011000000,18.914102,96.619907,1.08,1.08,FALSE,none,,,paired,kept_unique_additional,0,1,additional_ecostress__506,TRUE,Taukyekhet II,taukyekhetii
729,Taukyekhet2,2023-02-09T01:36:36Z,9339,additional_ecostress,507,ECOSTRESS,paired,TRUE,TRUE,TRUE,20.91,19.19,-1.72,,,,,,,,,,,,,,,,,,,,,,,,,,,,,,,,,Myanmar,93.8,19837.59,13.8,148,Thauk Ye Khat,01/01/2013,47.97105789,18.914102,96.619907,,,,,procurement.dhpi@moep.gov.mm,,2023-02-09T01:36:36Z,2023,2,40,1.61,8.051327133333332,,507,0,FALSE,FALSE,FALSE,FALSE,,,,,FALSE,56,18.9144,96.6206,0.96,0b1110111011000000,56,18.9115,96.6134,0.96,0b1110111011000000,18.914102,96.619907,0.96,0.96,FALSE,none,,,paired,kept_unique_additional,0,1,additional_ecostress__507,TRUE,Taukyekhet II,taukyekhetii
730,Taukyekhet2,2019-12-06T04:43:51Z,436,main_s2mask,436,ECOSTRESS,lake_only,TRUE,FALSE,FALSE,25.27749634,,,40,,27.589996337890625,,25.13000488,,23.91000366210937,,0.953778327,,70,,70,,,,,,/scratch/mr3882/SEA_dam/LST_processed/sentinel2_water_masks/Taukyekhet2/ECOSTRESS/Taukyekhet2_ECOv002_L2T_LSTE_08037_001_46QHF_20191206T044351_0712_01_LST_LST_s2_footprint_water_mask.tif,,,,,,881880,,880830,,2095730,,2094680,,,,,,,,,47.97105789,18.914102,96.619907,,,,,,,2019-12-06T04:43:51Z,2019,12,340,4.730833333333334,4.730833333333334,436,,,FALSE,FALSE,FALSE,FALSE,,,,,FALSE,,,,,,,,,,,,,,,FALSE,none,,,lake_only,kept_unique_main,1,0,,,Taukyekhet2,taukyekhet2
731,Taukyekhet2,2019-12-17T00:41:33Z,437,main_s2mask,437,ECOSTRESS,lake_only,TRUE,FALSE,FALSE,21.55941772,,,36,,23.33001708984375,,21.589996337890625,,20.350006103515625,,0.847119212,,70,,70,,,,,,/scratch/mr3882/SEA_dam/LST_processed/sentinel2_water_masks/Taukyekhet2/ECOSTRESS/Taukyekhet2_ECOv002_L2T_LSTE_08205_002_47QKB_20191217T004133_0712_01_LST_LST_s2_footprint_water_mask.tif,,,,,,249820,,248700,,2093480,,2092430,,,,,,,,,47.97105789,18.914102,96.619907,,,,,,,2019-12-17T00:41:33Z,2019,12,351,0.6925,0.6925,437,,,FALSE,FALSE,FALSE,FALSE,,,,,FALSE,,,,,,,,,,,,,,,FALSE,none,,,lake_only,kept_unique_main,1,0,,,Taukyekhet2,taukyekhet2
732,Taukyekhet2,2020-01-09T15:05:52Z,438,main_s2mask,438,ECOSTRESS,lake_only,TRUE,FALSE,FALSE,23.19314575,,,38,,23.69000244140625,,23.269989013671875,,22.470001220703125,,0.279867053,,70,,70,,,,,,/scratch/mr3882/SEA_dam/LST_processed/sentinel2_water_masks/Taukyekhet2/ECOSTRESS/Taukyekhet2_ECOv002_L2T_LSTE_08571_002_47QKA_20200109T150552_0712_01_LST_LST_s2_footprint_water_mask.tif,,,,,,249820,,248700,,2093490,,2092440,,,,,,,,,47.97105789,18.914102,96.619907,,,,,,,2020-01-09T15:05:52Z,2020,1,9,15.09777777777778,15.09777777777778,438,,,FALSE,FALSE,FALSE,FALSE,,,,,FALSE,,,,,,,,,,,,,,,FALSE,none,,,lake_only,kept_unique_main,1,0,,,Taukyekhet2,taukyekhet2
733,Taukyekhet2,2020-01-13T13:30:46Z,439,main_s2mask,439,ECOSTRESS,lake_only,TRUE,FALSE,FALSE,23.95651245,,,37,,24.80999755859375,,23.92999267578125,,23.27001953,,0.44845292,,70,,70,,,,,,/scratch/mr3882/SEA_dam/LST_processed/sentinel2_water_masks/Taukyekhet2/ECOSTRESS/Taukyekhet2_ECOv002_L2T_LSTE_08632_002_47QKB_20200113T133046_0712_01_LST_LST_s2_footprint_water_mask.tif,,,,,,249820,,248700,,2093480,,2092430,,,,,,,,,47.97105789,18.914102,96.619907,,,,,,,2020-01-13T13:30:46Z,2020,1,13,13.512777777777778,13.512777777777778,439,,,FALSE,FALSE,FALSE,FALSE,,,,,FALSE,,,,,,,,,,,,,,,FALSE,none,,,lake_only,kept_unique_main,1,0,,,Taukyekhet2,taukyekhet2
734,Taukyekhet2,2020-02-13T01:45:25Z,440,main_s2mask,440,ECOSTRESS,lake_only,TRUE,FALSE,FALSE,18.71005249,,,37,,19.470001220703125,,18.67001342773437,,18.14999389648437,,0.33569473,,70,,70,,,,,,/scratch/mr3882/SEA_dam/LST_processed/sentinel2_water_masks/Taukyekhet2/ECOSTRESS/Taukyekhet2_ECOv002_L2T_LSTE_09105_001_46QHF_20200213T014525_0712_01_LST_LST_s2_footprint_water_mask.tif,,,,,,881880,,880830,,2095730,,2094680,,,,,,,,,47.97105789,18.914102,96.619907,,,,,,,2020-02-13T01:45:25Z,2020,2,44,1.7569444444444444,1.7569444444444444,440,,,FALSE,FALSE,FALSE,FALSE,,,,,FALSE,,,,,,,,,,,,,,,FALSE,none,,,lake_only,kept_unique_main,1,0,,,Taukyekhet2,taukyekhet2
735,Taukyekhet2,2020-02-13T01:46:17Z,441,main_s2mask,441,ECOSTRESS,lake_only,TRUE,FALSE,FALSE,19.02276611,,,36,,19.529998779296875,,19.01000977,,18.36999512,,0.233686715,,70,,70,,,,,,/scratch/mr3882/SEA_dam/LST_processed/sentinel2_water_masks/Taukyekhet2/ECOSTRESS/Taukyekhet2_ECOv002_L2T_LSTE_09105_002_47QKB_20200213T014617_0712_01_LST_LST_s2_footprint_water_mask.tif,,,,,,249820,,248700,,2093480,,2092430,,,,,,,,,47.97105789,18.914102,96.619907,,,,,,,2020-02-13T01:46:17Z,2020,2,44,1.771388888888889,1.771388888888889,441,,,FALSE,FALSE,FALSE,FALSE,,,,,FALSE,,,,,,,,,,,,,,,FALSE,none,,,lake_only,kept_unique_main,1,0,,,Taukyekhet2,taukyekhet2
736,Taukyekhet2,2020-11-21T10:03:14Z,442,main_s2mask,442,ECOSTRESS,lake_only,TRUE,FALSE,FALSE,27.79000854,,,38,,28.709991455078125,,27.800018310546875,,26.77001953,,0.580025792,,70,,70,,,,,,/scratch/mr3882/SEA_dam/LST_processed/sentinel2_water_masks/Taukyekhet2/ECOSTRESS/Taukyekhet2_ECOv002_L2T_LSTE_13482_002_47QKB_20201121T100314_0712_01_LST_LST_s2_footprint_water_mask.tif,,,,,,249820,,248700,,2093480,,2092430,,,,,,,,,47.97105789,18.914102,96.619907,,,,,,,2020-11-21T10:03:14Z,2020,11,326,10.05388888888889,10.05388888888889,442,,,FALSE,FALSE,FALSE,FALSE,,,,,FALSE,,,,,,,,,,,,,,,FALSE,none,,,lake_only,kept_unique_main,1,0,,,Taukyekhet2,taukyekhet2
737,Taukyekhet2,2020-12-11T02:16:19Z,443,main_s2mask,443,ECOSTRESS,lake_only,TRUE,FALSE,FALSE,24.36578369,,,38,,25.089996337890625,,24.51000977,,23.07000732421875,,0.559132338,,70,,70,,,,,,/scratch/mr3882/SEA_dam/LST_processed/sentinel2_water_masks/Taukyekhet2/ECOSTRESS/Taukyekhet2_ECOv002_L2T_LSTE_13787_002_47QKA_20201211T021619_0712_01_LST_LST_s2_footprint_water_mask.tif,,,,,,249820,,248700,,2093490,,2092440,,,,,,,,,47.97105789,18.914102,96.619907,,,,,,,2020-12-11T02:16:19Z,2020,12,346,2.2719444444444443,2.2719444444444443,443,,,FALSE,FALSE,FALSE,FALSE,,,,,FALSE,,,,,,,,,,,,,,,FALSE,none,,,lake_only,kept_unique_main,1,0,,,Taukyekhet2,taukyekhet2
738,Taukyekhet2,2020-12-22T21:34:40Z,444,main_s2mask,444,ECOSTRESS,lake_only,TRUE,FALSE,FALSE,20.36026001,,,41,,22.490020751953125,,20.42999267578125,,18.67001342773437,,1.154845595,,70,,70,,,,,,/scratch/mr3882/SEA_dam/LST_processed/sentinel2_water_masks/Taukyekhet2/ECOSTRESS/Taukyekhet2_ECOv002_L2T_LSTE_13970_002_46QHF_20201222T213440_0712_01_LST_LST_s2_footprint_water_mask.tif,,,,,,881880,,880830,,2095730,,2094680,,,,,,,,,47.97105789,18.914102,96.619907,,,,,,,2020-12-22T21:34:40Z,2020,12,357,21.57777777777778,21.57777777777778,444,,,FALSE,FALSE,FALSE,FALSE,,,,,FALSE,,,,,,,,,,,,,,,FALSE,none,,,lake_only,kept_unique_main,1,0,,,Taukyekhet2,taukyekhet2
739,Taukyekhet2,2021-01-15T12:11:29Z,445,main_s2mask,445,ECOSTRESS,lake_only,TRUE,FALSE,FALSE,24.03051758,,,40,,24.790008544921875,,24.01000977,,22.529998779296875,,0.53307873,,70,,70,,,,,,/scratch/mr3882/SEA_dam/LST_processed/sentinel2_water_masks/Taukyekhet2/ECOSTRESS/Taukyekhet2_ECOv002_L2T_LSTE_14336_003_46QHG_20210115T121129_0712_01_LST_LST_s2_footprint_water_mask.tif,,,,,,881880,,880830,,2095720,,2094670,,,,,,,,,47.97105789,18.914102,96.619907,,,,,,,2021-01-15T12:11:29Z,2021,1,15,12.19138888888889,12.19138888888889,445,,,FALSE,FALSE,FALSE,FALSE,,,,,FALSE,,,,,,,,,,,,,,,FALSE,none,,,lake_only,kept_unique_main,1,0,,,Taukyekhet2,taukyekhet2
740,Taukyekhet2,2021-01-23T09:03:56Z,446,main_s2mask,446,ECOSTRESS,lake_only,TRUE,FALSE,FALSE,27.90631104,,,27,,30.95001220703125,,27.63000488,,25.75,,1.157983303,,70,,70,,,,,,/scratch/mr3882/SEA_dam/LST_processed/sentinel2_water_masks/Taukyekhet2/ECOSTRESS/Taukyekhet2_ECOv002_L2T_LSTE_14458_003_47QKA_20210123T090356_0712_01_LST_LST_s2_footprint_water_mask.tif,,,,,,249820,,248700,,2093490,,2092440,,,,,,,,,47.97105789,18.914102,96.619907,,,,,,,2021-01-23T09:03:56Z,2021,1,23,9.065555555555555,9.065555555555555,446,,,FALSE,FALSE,FALSE,FALSE,,,,,FALSE,,,,,,,,,,,,,,,FALSE,none,,,lake_only,kept_unique_main,1,0,,,Taukyekhet2,taukyekhet2
741,Taukyekhet2,2021-02-04T04:26:00Z,447,main_s2mask,447,ECOSTRESS,lake_only,TRUE,FALSE,FALSE,26.80432129,,,39,,29.050018310546875,,26.490020751953125,,25.14999389648437,,1.099888444,,70,,70,,,,,,/scratch/mr3882/SEA_dam/LST_processed/sentinel2_water_masks/Taukyekhet2/ECOSTRESS/Taukyekhet2_ECOv002_L2T_LSTE_14641_001_47QKA_20210204T042600_0712_01_LST_LST_s2_footprint_water_mask.tif,,,,,,249820,,248700,,2093490,,2092440,,,,,,,,,47.97105789,18.914102,96.619907,,,,,,,2021-02-04T04:26:00Z,2021,2,35,4.433333333333334,4.433333333333334,447,,,FALSE,FALSE,FALSE,FALSE,,,,,FALSE,,,,,,,,,,,,,,,FALSE,none,,,lake_only,kept_unique_main,1,0,,,Taukyekhet2,taukyekhet2
742,Taukyekhet2,2021-02-27T19:08:49Z,448,main_s2mask,448,ECOSTRESS,lake_only,TRUE,FALSE,FALSE,23.36502075,,,36,,24.089996337890625,,23.300018310546875,,22.77001953,,0.349570841,,70,,70,,,,,,/scratch/mr3882/SEA_dam/LST_processed/sentinel2_water_masks/Taukyekhet2/ECOSTRESS/Taukyekhet2_ECOv002_L2T_LSTE_15007_002_46QHF_20210227T190849_0712_01_LST_LST_s2_footprint_water_mask.tif,,,,,,881880,,880830,,2095730,,2094680,,,,,,,,,47.97105789,18.914102,96.619907,,,,,,,2021-02-27T19:08:49Z,2021,2,58,19.146944444444443,19.146944444444443,448,,,FALSE,FALSE,FALSE,FALSE,,,,,FALSE,,,,,,,,,,,,,,,FALSE,none,,,lake_only,kept_unique_main,1,0,,,Taukyekhet2,taukyekhet2
743,Taukyekhet2,2021-03-05T02:39:44Z,449,main_s2mask,449,ECOSTRESS,lake_only,TRUE,FALSE,FALSE,26.63412476,,,34,,29.589996337890625,,26.30999755859375,,24.709991455078125,,1.229826808,,70,,70,,,,,,/scratch/mr3882/SEA_dam/LST_processed/sentinel2_water_masks/Taukyekhet2/ECOSTRESS/Taukyekhet2_ECOv002_L2T_LSTE_15089_007_46QHG_20210305T023944_0712_01_LST_LST_s2_footprint_water_mask.tif,,,,,,881880,,880830,,2095720,,2094670,,,,,,,,,47.97105789,18.914102,96.619907,,,,,,,2021-03-05T02:39:44Z,2021,3,64,2.6622222222222223,2.6622222222222223,449,,,FALSE,FALSE,FALSE,FALSE,,,,,FALSE,,,,,,,,,,,,,,,FALSE,none,,,lake_only,kept_unique_main,1,0,,,Taukyekhet2,taukyekhet2
744,Taukyekhet2,2021-03-07T16:02:41Z,450,main_s2mask,450,ECOSTRESS,lake_only,TRUE,FALSE,FALSE,24.887146,,,14,,25.14999389648437,,24.94000244140625,,24.51000977,,0.220746458,,70,,70,,,,,,/scratch/mr3882/SEA_dam/LST_processed/sentinel2_water_masks/Taukyekhet2/ECOSTRESS/Taukyekhet2_ECOv002_L2T_LSTE_15129_002_47QKB_20210307T160241_0712_01_LST_LST_s2_footprint_water_mask.tif,,,,,,249820,,248700,,2093480,,2092430,,,,,,,,,47.97105789,18.914102,96.619907,,,,,,,2021-03-07T16:02:41Z,2021,3,66,16.044722222222223,16.044722222222223,450,,,FALSE,FALSE,FALSE,FALSE,,,,,FALSE,,,,,,,,,,,,,,,FALSE,none,,,lake_only,kept_unique_main,1,0,,,Taukyekhet2,taukyekhet2
745,Taukyekhet2,2021-11-21T09:39:56Z,451,main_s2mask,451,ECOSTRESS,lake_only,TRUE,FALSE,FALSE,30.58712769,,,28,,31.42999267578125,,30.64999389648437,,29.470001220703125,,0.52633369,,70,,70,,,,,,/scratch/mr3882/SEA_dam/LST_processed/sentinel2_water_masks/Taukyekhet2/ECOSTRESS/Taukyekhet2_ECOv002_L2T_LSTE_19151_002_47QKA_20211121T093956_0712_01_LST_LST_s2_footprint_water_mask.tif,,,,,,249820,,248700,,2093490,,2092440,,,,,,,,,47.97105789,18.914102,96.619907,,,,,,,2021-11-21T09:39:56Z,2021,11,325,9.665555555555557,9.665555555555557,451,,,FALSE,FALSE,FALSE,FALSE,,,,,FALSE,,,,,,,,,,,,,,,FALSE,none,,,lake_only,kept_unique_main,1,0,,,Taukyekhet2,taukyekhet2
746,Taukyekhet2,2022-01-23T08:35:27Z,452,main_s2mask,452,ECOSTRESS,lake_only,TRUE,FALSE,FALSE,28.17367554,,,22,,30.63000488,,28.000030517578125,,26.290008544921875,,1.102509379,,70,,70,,,,,,/scratch/mr3882/SEA_dam/LST_processed/sentinel2_water_masks/Taukyekhet2/ECOSTRESS/Taukyekhet2_ECOv002_L2T_LSTE_20127_002_47QKB_20220123T083527_0712_01_LST_LST_s2_footprint_water_mask.tif,,,,,,249820,,248700,,2093480,,2092430,,,,,,,,,47.97105789,18.914102,96.619907,,,,,,,2022-01-23T08:35:27Z,2022,1,23,8.590833333333334,8.590833333333334,452,,,FALSE,FALSE,FALSE,FALSE,,,,,FALSE,,,,,,,,,,,,,,,FALSE,none,,,lake_only,kept_unique_main,1,0,,,Taukyekhet2,taukyekhet2
747,Taukyekhet2,2022-01-23T18:26:23Z,453,main_s2mask,453,ECOSTRESS,lake_only,TRUE,FALSE,FALSE,21.60821533,,,22,,22.45001220703125,,21.57000732421875,,20.730010986328125,,0.606971741,,70,,70,,,,,,/scratch/mr3882/SEA_dam/LST_processed/sentinel2_water_masks/Taukyekhet2/ECOSTRESS/Taukyekhet2_ECOv002_L2T_LSTE_20133_005_47QKB_20220123T182623_0712_01_LST_LST_s2_footprint_water_mask.tif,,,,,,249820,,248700,,2093480,,2092430,,,,,,,,,47.97105789,18.914102,96.619907,,,,,,,2022-01-23T18:26:23Z,2022,1,23,18.439722222222223,18.439722222222223,453,,,FALSE,FALSE,FALSE,FALSE,,,,,FALSE,,,,,,,,,,,,,,,FALSE,none,,,lake_only,kept_unique_main,1,0,,,Taukyekhet2,taukyekhet2
748,Taukyekhet2,2022-01-31T05:24:33Z,454,main_s2mask,454,ECOSTRESS,lake_only,TRUE,FALSE,FALSE,26.76177979,,,22,,29.64999389648437,,26.41000366210937,,24.92999267578125,,1.373663187,,70,,70,,,,,,/scratch/mr3882/SEA_dam/LST_processed/sentinel2_water_masks/Taukyekhet2/ECOSTRESS/Taukyekhet2_ECOv002_L2T_LSTE_20249_002_46QHF_20220131T052433_0712_01_LST_LST_s2_footprint_water_mask.tif,,,,,,881880,,880830,,2095730,,2094680,,,,,,,,,47.97105789,18.914102,96.619907,,,,,,,2022-01-31T05:24:33Z,2022,1,31,5.409166666666667,5.409166666666667,454,,,FALSE,FALSE,FALSE,FALSE,,,,,FALSE,,,,,,,,,,,,,,,FALSE,none,,,lake_only,kept_unique_main,1,0,,,Taukyekhet2,taukyekhet2
749,Taukyekhet2,2022-02-26T19:00:13Z,455,main_s2mask,455,ECOSTRESS,lake_only,TRUE,FALSE,FALSE,21.90356445,,,28,,22.30999755859375,,21.860015869140625,,21.490020751953125,,0.215341195,,70,,70,,,,,,/scratch/mr3882/SEA_dam/LST_processed/sentinel2_water_masks/Taukyekhet2/ECOSTRESS/Taukyekhet2_ECOv002_L2T_LSTE_20661_003_46QHF_20220226T190013_0712_01_LST_LST_s2_footprint_water_mask.tif,,,,,,881880,,880830,,2095730,,2094680,,,,,,,,,47.97105789,18.914102,96.619907,,,,,,,2022-02-26T19:00:13Z,2022,2,57,19.003611111111116,19.003611111111116,455,,,FALSE,FALSE,FALSE,FALSE,,,,,FALSE,,,,,,,,,,,,,,,FALSE,none,,,lake_only,kept_unique_main,1,0,,,Taukyekhet2,taukyekhet2
750,Taukyekhet2,2023-01-09T13:44:42Z,456,main_s2mask,456,ECOSTRESS,lake_only,TRUE,FALSE,FALSE,21.27856445,,,7,,22.67001342773437,,21.529998779296875,,19.790008544921875,,1.105494142,,70,,70,,,,,,/scratch/mr3882/SEA_dam/LST_processed/sentinel2_water_masks/Taukyekhet2/ECOSTRESS/Taukyekhet2_ECOv002_L2T_LSTE_25583_003_47QKA_20230109T134442_0711_02_LST_LST_s2_footprint_water_mask.tif,,,,,,249820,,248700,,2093490,,2092440,,,,,,,,,47.97105789,18.914102,96.619907,,,,,,,2023-01-09T13:44:42Z,2023,1,9,13.745,13.745,456,,,FALSE,FALSE,FALSE,FALSE,,,,,FALSE,,,,,,,,,,,,,,,FALSE,none,,,lake_only,kept_unique_main,1,0,,,Taukyekhet2,taukyekhet2
751,Taukyekhet2,2023-01-13T12:07:18Z,457,main_s2mask,457,ECOSTRESS,lake_only,TRUE,FALSE,FALSE,23.74487305,,,35,,24.470001220703125,,23.86999512,,22.89001465,,0.393963486,,70,,70,,,,,,/scratch/mr3882/SEA_dam/LST_processed/sentinel2_water_masks/Taukyekhet2/ECOSTRESS/Taukyekhet2_ECOv002_L2T_LSTE_25644_003_47QKA_20230113T120718_0712_02_LST_LST_s2_footprint_water_mask.tif,,,,,,249820,,248700,,2093490,,2092440,,,,,,,,,47.97105789,18.914102,96.619907,,,,,,,2023-01-13T12:07:18Z,2023,1,13,12.121666666666668,12.121666666666668,457,,,FALSE,FALSE,FALSE,FALSE,,,,,FALSE,,,,,,,,,,,,,,,FALSE,none,,,lake_only,kept_unique_main,1,0,,,Taukyekhet2,taukyekhet2
752,Taukyekhet2,2023-01-17T10:29:20Z,458,main_s2mask,458,ECOSTRESS,lake_only,TRUE,FALSE,FALSE,24.9597168,,,37,,26.350006103515625,,24.95001220703125,,23.850006103515625,,0.522655189,,70,,70,,,,,,/scratch/mr3882/SEA_dam/LST_processed/sentinel2_water_masks/Taukyekhet2/ECOSTRESS/Taukyekhet2_ECOv002_L2T_LSTE_25705_003_47QKB_20230117T102920_0712_01_LST_LST_s2_footprint_water_mask.tif,,,,,,249820,,248700,,2093480,,2092430,,,,,,,,,47.97105789,18.914102,96.619907,,,,,,,2023-01-17T10:29:20Z,2023,1,17,10.488888888888887,10.488888888888887,458,,,FALSE,FALSE,FALSE,FALSE,,,,,FALSE,,,,,,,,,,,,,,,FALSE,none,,,lake_only,kept_unique_main,1,0,,,Taukyekhet2,taukyekhet2
753,Taukyekhet2,2023-02-09T01:36:36Z,459,main_s2mask,459,ECOSTRESS,lake_only,TRUE,FALSE,FALSE,22.00082397,,,37,,23.029998779296875,,22.17001342773437,,20.95001220703125,,0.528405428,,70,,70,,,,,,/scratch/mr3882/SEA_dam/LST_processed/sentinel2_water_masks/Taukyekhet2/ECOSTRESS/Taukyekhet2_ECOv002_L2T_LSTE_26056_002_47QKA_20230209T013636_0710_01_LST_LST_s2_footprint_water_mask.tif,,,,,,249820,,248700,,2093490,,2092440,,,,,,,,,47.97105789,18.914102,96.619907,,,,,,,2023-02-09T01:36:36Z,2023,2,40,1.61,1.61,459,,,FALSE,FALSE,FALSE,FALSE,,,,,FALSE,,,,,,,,,,,,,,,FALSE,none,,,lake_only,kept_unique_main,1,0,,,Taukyekhet2,taukyekhet2
754,Taukyekhet2,2023-02-13T09:51:23Z,460,main_s2mask,460,ECOSTRESS,lake_only,TRUE,FALSE,FALSE,30.06375122,,,16,,33.57000732421875,,30.19000244140625,,26.970001220703125,,1.750916362,,70,,70,,,,,,/scratch/mr3882/SEA_dam/LST_processed/sentinel2_water_masks/Taukyekhet2/ECOSTRESS/Taukyekhet2_ECOv002_L2T_LSTE_26123_015_47QKB_20230213T095123_0710_01_LST_LST_s2_footprint_water_mask.tif,,,,,,249820,,248700,,2093480,,2092430,,,,,,,,,47.97105789,18.914102,96.619907,,,,,,,2023-02-13T09:51:23Z,2023,2,44,9.856388888888889,9.856388888888889,460,,,FALSE,FALSE,FALSE,FALSE,,,,,FALSE,,,,,,,,,,,,,,,FALSE,none,,,lake_only,kept_unique_main,1,0,,,Taukyekhet2,taukyekhet2
755,Temengor,2020-03-19T21:36:52Z,461,main_s2mask,461,ECOSTRESS,paired,TRUE,TRUE,TRUE,28.30032349,20.83,-7.470323486,29,,32.610015869140625,,28.33001708984375,,25.80999755859375,,1.719250798,,70,,70,,138.1869377777778,,1584156339,,/scratch/mr3882/SEA_dam/LST_processed/sentinel2_water_masks/Temengor/ECOSTRESS/Temengor_ECOv002_L2T_LSTE_09660_012_47NQG_20200319T213652_0712_01_LST_LST_s2_footprint_water_mask.tif,,0.9984736708216738,,0.232892394,,755400,,754350,,598520,,597470,,Malaysia,127,1692.67,137,6168,Perak,01/01/1978,137.6611938,5.407917,101.30125,,,,,,,2020-03-19T21:36:52Z,2020,3,79,21.614444444444445,4.367861111111111,461,,,FALSE,FALSE,FALSE,FALSE,,,,,FALSE,,,,,,27,5.4045,101.2942,1.4,0b1001101011000000,5.407917,101.30125,,1.4,TRUE,outlet,Tm_o;ID_o;Latitude_o;Longitude_o;ECO2LSTE_001_SDS_LST_err_o;QC_bitmask_o;LSTerr_o;Latitude_ref;Longitude_ref,9340,lake_only,kept_main_filled_outlet_from_additional,1,1,,,Temengor,temengor
756,Tha Tung Na,2019-12-07T03:55:23Z,9341,additional_ecostress,509,ECOSTRESS,paired,TRUE,TRUE,TRUE,27.79,28.41,0.62,,,,,,,,,,,,,,,,,,,,,,,,,,,,,,,,,Thailand,30,39.54,3.2,54.8,Quae Yai,01/01/1982,47.02242279,14.237083,99.23375,,,,,,,2019-12-07T03:55:23Z,2019,12,341,3.923055555555555,10.538638888888888,,509,0,FALSE,FALSE,FALSE,FALSE,,,,,FALSE,47,14.2351,99.235,1.16,0b1001111011000000,47,14.233,99.2369,1.16,0b1001111011000000,14.237083,99.23375,1.16,1.16,FALSE,none,,,paired,kept_unique_additional,0,1,additional_ecostress__509,TRUE,Tha Tung Na,thatungna
757,Tha Tung Na,2023-01-21T18:44:52Z,9342,additional_ecostress,510,ECOSTRESS,paired,TRUE,TRUE,TRUE,21.33,20.87,-0.46,,,,,,,,,,,,,,,,,,,,,,,,,,,,,,,,,Thailand,30,39.54,3.2,54.8,Quae Yai,01/01/1982,47.02242279,14.237083,99.23375,,,,,,,2023-01-21T18:44:52Z,2023,1,21,18.747777777777777,1.3633611111111108,,510,0,FALSE,FALSE,FALSE,FALSE,,,,,FALSE,47,14.2351,99.235,1.16,0b1001111011000000,47,14.233,99.2369,1.16,0b1001101011000000,14.237083,99.23375,1.16,1.16,FALSE,none,,,paired,kept_unique_additional,0,1,additional_ecostress__510,TRUE,Tha Tung Na,thatungna
758,Tha Tung Na,2023-01-22T08:03:30Z,9343,additional_ecostress,511,ECOSTRESS,paired,TRUE,TRUE,TRUE,34.93,37.79,2.8599999999999994,,,,,,,,,,,,,,,,,,,,,,,,,,,,,,,,,Thailand,30,39.54,3.2,54.8,Quae Yai,01/01/1982,47.02242279,14.237083,99.23375,,,,,,,2023-01-22T08:03:30Z,2023,1,22,8.058333333333334,14.673916666666669,,511,0,FALSE,FALSE,FALSE,FALSE,,,,,FALSE,47,14.2351,99.235,1.16,0b1001101011000000,47,14.233,99.2369,1.16,0b1001111011000000,14.237083,99.23375,1.16,1.16,FALSE,none,,,paired,kept_unique_additional,0,1,additional_ecostress__511,TRUE,Tha Tung Na,thatungna
759,Tha Tung Na,2019-12-07T03:55:23Z,462,main_s2mask,462,ECOSTRESS,lake_only,TRUE,FALSE,FALSE,26.82485962,,,35,,29.230010986328125,,27.050018310546875,,24.050018310546875,,1.422898293,,70,,70,,,,,,/scratch/mr3882/SEA_dam/LST_processed/sentinel2_water_masks/ThaTungNa/ECOSTRESS/ThaTungNa_ECOv002_L2T_LSTE_08052_004_47PNR_20191207T035523_0712_01_LST_LST_s2_footprint_water_mask.tif,,,,,,526020,,524970,,1574120,,1573070,,,,,,,,,47.02242279,14.237083,99.23375,,,,,,,2019-12-07T03:55:23Z,2019,12,341,3.923055555555555,3.923055555555555,462,,,FALSE,FALSE,FALSE,FALSE,,,,,FALSE,,,,,,,,,,,14.237083,99.23375,,,FALSE,none,,,lake_only,kept_unique_main,1,0,,,ThaTungNa,thatungna
760,Tha Tung Na,2022-01-24T07:46:54Z,463,main_s2mask,463,ECOSTRESS,lake_only,TRUE,FALSE,FALSE,29.34228516,,,31,,33.36999512,,29.14999389648437,,26.470001220703125,,2.288567066,,70,,70,,,,,,/scratch/mr3882/SEA_dam/LST_processed/sentinel2_water_masks/ThaTungNa/ECOSTRESS/ThaTungNa_ECOv002_L2T_LSTE_20142_004_47PNR_20220124T074654_0711_02_LST_LST_s2_footprint_water_mask.tif,,,,,,526020,,524970,,1574120,,1573070,,,,,,,,,47.02242279,14.237083,99.23375,,,,,,,2022-01-24T07:46:54Z,2022,1,24,7.781666666666666,7.781666666666666,463,,,FALSE,FALSE,FALSE,FALSE,,,,,FALSE,,,,,,,,,,,14.237083,99.23375,,,FALSE,none,,,lake_only,kept_unique_main,1,0,,,ThaTungNa,thatungna
761,Tha Tung Na,2023-01-21T18:44:52Z,464,main_s2mask,464,ECOSTRESS,lake_only,TRUE,FALSE,FALSE,21.9185791,,,28,,23.45001220703125,,22.060028076171875,,20.350006103515625,,0.777429879,,70,,70,,,,,,/scratch/mr3882/SEA_dam/LST_processed/sentinel2_water_masks/ThaTungNa/ECOSTRESS/ThaTungNa_ECOv002_L2T_LSTE_25772_010_47PNR_20230121T184452_0711_02_LST_LST_s2_footprint_water_mask.tif,,,,,,526020,,524970,,1574120,,1573070,,,,,,,,,47.02242279,14.237083,99.23375,,,,,,,2023-01-21T18:44:52Z,2023,1,21,18.747777777777777,18.747777777777777,464,,,FALSE,FALSE,FALSE,FALSE,,,,,FALSE,,,,,,,,,,,14.237083,99.23375,,,FALSE,none,,,lake_only,kept_unique_main,1,0,,,ThaTungNa,thatungna
762,Tha Tung Na,2023-01-22T08:03:30Z,465,main_s2mask,465,ECOSTRESS,lake_only,TRUE,FALSE,FALSE,31.99972534,,,31,,37.33001708984375,,32.149993896484375,,26.80999755859375,,3.06071806,,70,,70,,,,,,/scratch/mr3882/SEA_dam/LST_processed/sentinel2_water_masks/ThaTungNa/ECOSTRESS/ThaTungNa_ECOv002_L2T_LSTE_25781_003_47PNR_20230122T080330_0711_02_LST_LST_s2_footprint_water_mask.tif,,,,,,526020,,524970,,1574120,,1573070,,,,,,,,,47.02242279,14.237083,99.23375,,,,,,,2023-01-22T08:03:30Z,2023,1,22,8.058333333333334,8.058333333333334,465,,,FALSE,FALSE,FALSE,FALSE,,,,,FALSE,,,,,,,,,,,14.237083,99.23375,,,FALSE,none,,,lake_only,kept_unique_main,1,0,,,ThaTungNa,thatungna
763,Thaphanseik,2019-12-09T03:56:17Z,466,main_s2mask,466,ECOSTRESS,paired,TRUE,TRUE,TRUE,24.11248779,23.91000366,-0.202484131,65,1,26.029998779296875,23.91000366210937,23.92999267578125,23.91000366210937,23.290008544921875,23.91000366210937,0.662375927,,70,70,70,70,,,,,/scratch/mr3882/SEA_dam/LST_processed/sentinel2_water_masks/Thaphanseik/ECOSTRESS/Thaphanseik_ECOv002_L2T_LSTE_08083_002_46QGL_20191209T035617_0712_01_LST_LST_s2_footprint_water_mask.tif,/scratch/mr3882/SEA_dam/LST_processed/sentinel2_water_masks/Thaphanseik/ECOSTRESS/Thaphanseik_ECOv002_L2T_LSTE_08083_002_46QGL_20191209T035617_0712_01_LST_LST_s2_footprint_water_mask.tif,,,,,741540,741540,740490,740490,2579880,2579880,2578830,2578830,Myanmar,33,4113.06,332.9,3550,Mu,01/01/2001,139.6330261,23.307917,95.354583,,,,,procurement.dhpi@moep.gov.mm,,2019-12-09T03:56:17Z,2019,12,343,3.938055555555555,10.295027755555555,466,,,FALSE,FALSE,FALSE,FALSE,,,,,FALSE,,,,,,,,,,,23.307917,95.354583,,,FALSE,none,,,paired,kept_main_paired_dropped_additional,1,0,,,Thaphanseik,thaphanseik
764,Thaphanseik,2020-01-12T14:19:07Z,9344,additional_ecostress,513,ECOSTRESS,paired,TRUE,TRUE,TRUE,20.99,17.15,-3.84,,,,,,,,,,,,,,,,,,,,,,,,,,,,,,,,,Myanmar,33,4113.06,332.9,3550,Mu,01/01/2001,139.6330261,23.307917,95.354583,,,,,procurement.dhpi@moep.gov.mm,,2020-01-12T14:19:07Z,2020,1,12,14.31861111111111,20.67558331111111,,513,1,TRUE,FALSE,FALSE,FALSE,1,467,,,FALSE,66,23.3106,95.3533,1.32,0b1001111011000000,66,23.3022,95.3536,1.32,0b1001111011000000,23.307917,95.354583,1.32,1.32,FALSE,none,,,paired,kept_unique_additional,0,1,additional_ecostress__513,TRUE,Thaphanseik,thaphanseik
765,Thaphanseik,2020-01-12T14:19:08Z,467,main_s2mask,467,ECOSTRESS,lake_only,TRUE,FALSE,FALSE,21.39556885,,,65,,22.230010986328125,,21.41000366210937,,20.51000977,,0.350063086,,70,,70,,,,,,/scratch/mr3882/SEA_dam/LST_processed/sentinel2_water_masks/Thaphanseik/ECOSTRESS/Thaphanseik_ECOv002_L2T_LSTE_08617_002_46QGL_20200112T141908_0712_01_LST_LST_s2_footprint_water_mask.tif,,,,,,741540,,740490,,2579880,,2578830,,Myanmar,33,4113.06,332.9,3550,Mu,01/01/2001,139.6330261,23.307917,95.354583,,,,,procurement.dhpi@moep.gov.mm,,2020-01-12T14:19:08Z,2020,1,12,14.318888888888887,20.67586108888889,467,,,FALSE,FALSE,FALSE,FALSE,,,,,FALSE,,,,,,,,,,,23.307917,95.354583,,,FALSE,none,,,lake_only,kept_unique_main,1,0,,,Thaphanseik,thaphanseik
766,Thaphanseik,2020-01-21T20:10:39Z,468,main_s2mask,468,ECOSTRESS,paired,TRUE,TRUE,TRUE,21.67926025,16.49,-5.189260254,39,,22.050018310546875,,21.709991455078125,,20.39001465,,0.253473252,,70,,70,,,,,,/scratch/mr3882/SEA_dam/LST_processed/sentinel2_water_masks/Thaphanseik/ECOSTRESS/Thaphanseik_ECOv002_L2T_LSTE_08760_009_46QGL_20200121T201039_0712_01_LST_LST_s2_footprint_water_mask.tif,,,,,,741540,,740490,,2579880,,2578830,,Myanmar,33,4113.06,332.9,3550,Mu,01/01/2001,139.6330261,23.307917,95.354583,,,,,procurement.dhpi@moep.gov.mm,,2020-01-21T20:10:39Z,2020,1,21,20.1775,2.5344722000000037,468,,,FALSE,FALSE,FALSE,FALSE,,,,,FALSE,,,,,,66,23.3022,95.3536,1.24,0b1001111011000000,23.307917,95.354583,,1.24,TRUE,outlet,Tm_o;ID_o;Latitude_o;Longitude_o;ECO2LSTE_001_SDS_LST_err_o;QC_bitmask_o;LSTerr_o;Latitude_ref;Longitude_ref,9345,lake_only,kept_main_filled_outlet_from_additional,1,1,,,Thaphanseik,thaphanseik
767,Thaphanseik,2020-01-25T18:36:20Z,469,main_s2mask,469,ECOSTRESS,paired,TRUE,TRUE,TRUE,20.40689087,13.61,-6.796890869,63,,20.69000244140625,,20.41000366210937,,20.110015869140625,,0.129774272,,70,,70,,,,,,/scratch/mr3882/SEA_dam/LST_processed/sentinel2_water_masks/Thaphanseik/ECOSTRESS/Thaphanseik_ECOv002_L2T_LSTE_08821_005_46QGL_20200125T183620_0712_01_LST_LST_s2_footprint_water_mask.tif,,,,,,741540,,740490,,2579880,,2578830,,Myanmar,33,4113.06,332.9,3550,Mu,01/01/2001,139.6330261,23.307917,95.354583,,,,,procurement.dhpi@moep.gov.mm,,2020-01-25T18:36:20Z,2020,1,25,18.60555555555556,0.9625277555555593,469,,,FALSE,FALSE,FALSE,FALSE,,,,,FALSE,,,,,,66,23.3022,95.3536,0.84,0b1110111011000000,23.307917,95.354583,,0.84,TRUE,outlet,Tm_o;ID_o;Latitude_o;Longitude_o;ECO2LSTE_001_SDS_LST_err_o;QC_bitmask_o;LSTerr_o;Latitude_ref;Longitude_ref,9346,lake_only,kept_main_filled_outlet_from_additional,1,1,,,Thaphanseik,thaphanseik
768,Thaphanseik,2020-12-29T19:15:42Z,470,main_s2mask,470,ECOSTRESS,paired,TRUE,TRUE,TRUE,22.12677002,15.43,-6.69677002,69,,22.990020751953125,,22.230010986328125,,20.80999755859375,,0.449963599,,70,,70,,,,,,/scratch/mr3882/SEA_dam/LST_processed/sentinel2_water_masks/Thaphanseik/ECOSTRESS/Thaphanseik_ECOv002_L2T_LSTE_14077_002_46QGL_20201229T191542_0712_01_LST_LST_s2_footprint_water_mask.tif,,,,,,741540,,740490,,2579880,,2578830,,Myanmar,33,4113.06,332.9,3550,Mu,01/01/2001,139.6330261,23.307917,95.354583,,,,,procurement.dhpi@moep.gov.mm,,2020-12-29T19:15:42Z,2020,12,364,19.261666666666667,1.618638866666668,470,,,FALSE,FALSE,FALSE,FALSE,,,,,FALSE,,,,,,66,23.3022,95.3536,1.4,0b1001111011000000,23.307917,95.354583,,1.4,TRUE,outlet,Tm_o;ID_o;Latitude_o;Longitude_o;ECO2LSTE_001_SDS_LST_err_o;QC_bitmask_o;LSTerr_o;Latitude_ref;Longitude_ref,9347,lake_only,kept_main_filled_outlet_from_additional,1,1,,,Thaphanseik,thaphanseik
769,Thaphanseik,2021-03-05T02:38:52Z,471,main_s2mask,471,ECOSTRESS,paired,TRUE,TRUE,TRUE,25.96133423,25.95715332,-0.004180908,69,14,28.27001953,27.07000732421875,25.64999389648437,25.77001953,24.36999512,25.27001953,1.04405582,0.511863112,70,70,70,70,,,,,/scratch/mr3882/SEA_dam/LST_processed/sentinel2_water_masks/Thaphanseik/ECOSTRESS/Thaphanseik_ECOv002_L2T_LSTE_15089_006_46QGL_20210305T023852_0712_01_LST_LST_s2_footprint_water_mask.tif,/scratch/mr3882/SEA_dam/LST_processed/sentinel2_water_masks/Thaphanseik/ECOSTRESS/Thaphanseik_ECOv002_L2T_LSTE_15089_006_46QGL_20210305T023852_0712_01_LST_LST_s2_footprint_water_mask.tif,,,,,741540,741540,740490,740490,2579880,2579880,2578830,2578830,Myanmar,33,4113.06,332.9,3550,Mu,01/01/2001,139.6330261,23.307917,95.354583,,,,,procurement.dhpi@moep.gov.mm,,2021-03-05T02:38:52Z,2021,3,64,2.647777777777778,9.004749977777777,471,,,FALSE,FALSE,FALSE,FALSE,,,,,FALSE,,,,,,,,,,,23.307917,95.354583,,,FALSE,none,,,paired,kept_main_paired_dropped_additional,1,0,,,Thaphanseik,thaphanseik
770,Thaphanseik,2022-01-05T01:35:01Z,9348,additional_ecostress,518,ECOSTRESS,paired,TRUE,TRUE,TRUE,21.61,18.21,-3.4,,,,,,,,,,,,,,,,,,,,,,,,,,,,,,,,,Myanmar,33,4113.06,332.9,3550,Mu,01/01/2001,139.6330261,23.307917,95.354583,,,,,procurement.dhpi@moep.gov.mm,,2022-01-05T01:35:01Z,2022,1,5,1.5836111111111113,7.940583311111112,,518,1,TRUE,FALSE,FALSE,FALSE,1,472,,,FALSE,66,23.3106,95.3533,1.32,0b1001111011000000,66,23.3022,95.3536,1.32,0b1001111011000000,23.307917,95.354583,1.32,1.32,FALSE,none,,,paired,kept_unique_additional,0,1,additional_ecostress__518,TRUE,Thaphanseik,thaphanseik
771,Thaphanseik,2022-01-05T01:35:02Z,472,main_s2mask,472,ECOSTRESS,lake_only,TRUE,FALSE,FALSE,22.27798462,,,73,,23.13000488,,22.27001953,,21.610015869140625,,0.269271702,,70,,70,,,,,,/scratch/mr3882/SEA_dam/LST_processed/sentinel2_water_masks/Thaphanseik/ECOSTRESS/Thaphanseik_ECOv002_L2T_LSTE_19843_019_46QGL_20220105T013502_0712_01_LST_LST_s2_footprint_water_mask.tif,,,,,,741540,,740490,,2579880,,2578830,,Myanmar,33,4113.06,332.9,3550,Mu,01/01/2001,139.6330261,23.307917,95.354583,,,,,procurement.dhpi@moep.gov.mm,,2022-01-05T01:35:02Z,2022,1,5,1.5838888888888891,7.940861088888889,472,,,FALSE,FALSE,FALSE,FALSE,,,,,FALSE,,,,,,,,,,,23.307917,95.354583,,,FALSE,none,,,lake_only,kept_unique_main,1,0,,,Thaphanseik,thaphanseik
772,Thaphanseik,2022-02-07T03:01:05Z,473,main_s2mask,473,ECOSTRESS,paired,TRUE,TRUE,TRUE,21.6618042,21.99002075,0.328216553,71,1,23.36999512,21.990020751953125,21.529998779296875,21.990020751953125,20.92999267578125,21.990020751953125,0.576633096,,70,70,70,70,,,,,/scratch/mr3882/SEA_dam/LST_processed/sentinel2_water_masks/Thaphanseik/ECOSTRESS/Thaphanseik_ECOv002_L2T_LSTE_20356_002_46QGL_20220207T030105_0712_01_LST_LST_s2_footprint_water_mask.tif,/scratch/mr3882/SEA_dam/LST_processed/sentinel2_water_masks/Thaphanseik/ECOSTRESS/Thaphanseik_ECOv002_L2T_LSTE_20356_002_46QGL_20220207T030105_0712_01_LST_LST_s2_footprint_water_mask.tif,,,,,741540,741540,740490,740490,2579880,2579880,2578830,2578830,Myanmar,33,4113.06,332.9,3550,Mu,01/01/2001,139.6330261,23.307917,95.354583,,,,,procurement.dhpi@moep.gov.mm,,2022-02-07T03:01:05Z,2022,2,38,3.018055555555556,9.375027755555555,473,,,FALSE,FALSE,FALSE,FALSE,,,,,FALSE,,,,,,,,,,,23.307917,95.354583,,,FALSE,none,,,paired,kept_main_paired_dropped_additional,1,0,,,Thaphanseik,thaphanseik
773,Thaphanseik,2022-02-12T10:26:57Z,9349,additional_ecostress,520,ECOSTRESS,paired,TRUE,TRUE,TRUE,21.09,22.45,1.3599999999999994,,,,,,,,,,,,,,,,,,,,,,,,,,,,,,,,,Myanmar,33,4113.06,332.9,3550,Mu,01/01/2001,139.6330261,23.307917,95.354583,,,,,procurement.dhpi@moep.gov.mm,,2022-02-12T10:26:57Z,2022,2,43,10.449166666666668,16.806138866666668,,520,0,FALSE,FALSE,FALSE,FALSE,,,,,FALSE,66,23.3106,95.3533,1.2,0b1001111011000000,66,23.3022,95.3536,1.2,0b1001101011000000,23.307917,95.354583,1.2,1.2,FALSE,none,,,paired,kept_unique_additional,0,1,additional_ecostress__520,TRUE,Thaphanseik,thaphanseik
774,Thaphanseik,2022-02-14T00:38:03Z,474,main_s2mask,474,ECOSTRESS,paired,TRUE,TRUE,TRUE,20.59136963,16.57000732,-4.021362305,72,1,21.19000244140625,16.57000732421875,20.69000244140625,16.57000732421875,19.45001220703125,16.57000732421875,0.392383426,,70,70,70,70,,,,,/scratch/mr3882/SEA_dam/LST_processed/sentinel2_water_masks/Thaphanseik/ECOSTRESS/Thaphanseik_ECOv002_L2T_LSTE_20463_001_46QGL_20220214T003803_0712_01_LST_LST_s2_footprint_water_mask.tif,/scratch/mr3882/SEA_dam/LST_processed/sentinel2_water_masks/Thaphanseik/ECOSTRESS/Thaphanseik_ECOv002_L2T_LSTE_20463_001_46QGL_20220214T003803_0712_01_LST_LST_s2_footprint_water_mask.tif,,,,,741540,741540,740490,740490,2579880,2579880,2578830,2578830,Myanmar,33,4113.06,332.9,3550,Mu,01/01/2001,139.6330261,23.307917,95.354583,,,,,procurement.dhpi@moep.gov.mm,,2022-02-14T00:38:03Z,2022,2,45,0.6341666666666667,6.991138866666667,474,,,FALSE,FALSE,FALSE,FALSE,,,,,FALSE,,,,,,,,,,,23.307917,95.354583,,,FALSE,none,,,paired,kept_main_paired_dropped_additional,1,0,,,Thaphanseik,thaphanseik
775,Thaphanseik,2022-02-17T23:02:04Z,475,main_s2mask,475,ECOSTRESS,paired,TRUE,TRUE,TRUE,21.69760132,19.1499939,-2.547607422,71,1,22.110015869140625,19.14999389648437,21.730010986328125,19.14999389648437,21.25,19.14999389648437,0.214724571,,70,70,70,70,,,,,/scratch/mr3882/SEA_dam/LST_processed/sentinel2_water_masks/Thaphanseik/ECOSTRESS/Thaphanseik_ECOv002_L2T_LSTE_20524_004_46QGL_20220217T230204_0712_01_LST_LST_s2_footprint_water_mask.tif,/scratch/mr3882/SEA_dam/LST_processed/sentinel2_water_masks/Thaphanseik/ECOSTRESS/Thaphanseik_ECOv002_L2T_LSTE_20524_004_46QGL_20220217T230204_0712_01_LST_LST_s2_footprint_water_mask.tif,,,,,741540,741540,740490,740490,2579880,2579880,2578830,2578830,Myanmar,33,4113.06,332.9,3550,Mu,01/01/2001,139.6330261,23.307917,95.354583,,,,,procurement.dhpi@moep.gov.mm,,2022-02-17T23:02:04Z,2022,2,48,23.034444444444446,5.391416644444448,475,,,FALSE,FALSE,FALSE,FALSE,,,,,FALSE,,,,,,,,,,,23.307917,95.354583,,,FALSE,none,,,paired,kept_main_paired_dropped_additional,1,0,,,Thaphanseik,thaphanseik
776,Thaphanseik,2022-03-01T18:14:16Z,476,main_s2mask,476,ECOSTRESS,paired,TRUE,TRUE,TRUE,22.29476929,20.57000732,-1.724761963,71,1,22.709991455078125,20.57000732421875,22.33001708984375,20.57000732421875,21.80999755859375,20.57000732421875,0.217766091,,70,70,70,70,,,,,/scratch/mr3882/SEA_dam/LST_processed/sentinel2_water_masks/Thaphanseik/ECOSTRESS/Thaphanseik_ECOv002_L2T_LSTE_20707_003_46QGL_20220301T181416_0712_01_LST_LST_s2_footprint_water_mask.tif,/scratch/mr3882/SEA_dam/LST_processed/sentinel2_water_masks/Thaphanseik/ECOSTRESS/Thaphanseik_ECOv002_L2T_LSTE_20707_003_46QGL_20220301T181416_0712_01_LST_LST_s2_footprint_water_mask.tif,,,,,741540,741540,740490,740490,2579880,2579880,2578830,2578830,Myanmar,33,4113.06,332.9,3550,Mu,01/01/2001,139.6330261,23.307917,95.354583,,,,,procurement.dhpi@moep.gov.mm,,2022-03-01T18:14:16Z,2022,3,60,18.23777777777778,0.5947499777777807,476,,,FALSE,FALSE,FALSE,FALSE,,,,,FALSE,,,,,,,,,,,23.307917,95.354583,,,FALSE,none,,,paired,kept_main_paired_dropped_additional,1,0,,,Thaphanseik,thaphanseik
777,Thaphanseik,2022-12-09T02:34:26Z,477,main_s2mask,477,ECOSTRESS,paired,TRUE,TRUE,TRUE,25.16027832,23.23001099,-1.930267334,72,1,25.57000732421875,23.230010986328125,25.14999389648437,23.230010986328125,24.550018310546875,23.230010986328125,0.205720082,,70,70,70,70,,,,,/scratch/mr3882/SEA_dam/LST_processed/sentinel2_water_masks/Thaphanseik/ECOSTRESS/Thaphanseik_ECOv002_L2T_LSTE_25095_004_46QGL_20221209T023426_0711_02_LST_LST_s2_footprint_water_mask.tif,/scratch/mr3882/SEA_dam/LST_processed/sentinel2_water_masks/Thaphanseik/ECOSTRESS/Thaphanseik_ECOv002_L2T_LSTE_25095_004_46QGL_20221209T023426_0711_02_LST_LST_s2_footprint_water_mask.tif,,,,,741540,741540,740490,740490,2579880,2579880,2578830,2578830,Myanmar,33,4113.06,332.9,3550,Mu,01/01/2001,139.6330261,23.307917,95.354583,,,,,procurement.dhpi@moep.gov.mm,,2022-12-09T02:34:26Z,2022,12,343,2.5738888888888884,8.930861089,477,,,FALSE,FALSE,FALSE,FALSE,,,,,FALSE,,,,,,,,,,,23.307917,95.354583,,,FALSE,none,,,paired,kept_main_paired_dropped_additional,1,0,,,Thaphanseik,thaphanseik
778,Thaphanseik,2023-01-03T01:59:54Z,478,main_s2mask,478,ECOSTRESS,paired,TRUE,TRUE,TRUE,22.51022339,20.55001831,-1.960205078,71,1,24.33001708984375,20.550018310546875,22.36999512,20.550018310546875,21.64999389648437,20.550018310546875,0.541686535,,70,70,70,70,,,,,/scratch/mr3882/SEA_dam/LST_processed/sentinel2_water_masks/Thaphanseik/ECOSTRESS/Thaphanseik_ECOv002_L2T_LSTE_25482_009_46QGL_20230103T015954_0710_01_LST_LST_s2_footprint_water_mask.tif,/scratch/mr3882/SEA_dam/LST_processed/sentinel2_water_masks/Thaphanseik/ECOSTRESS/Thaphanseik_ECOv002_L2T_LSTE_25482_009_46QGL_20230103T015954_0710_01_LST_LST_s2_footprint_water_mask.tif,,,,,741540,741540,740490,740490,2579880,2579880,2578830,2578830,Myanmar,33,4113.06,332.9,3550,Mu,01/01/2001,139.6330261,23.307917,95.354583,,,,,procurement.dhpi@moep.gov.mm,,2023-01-03T01:59:54Z,2023,1,3,1.9983333333333333,8.355305533333334,478,,,FALSE,FALSE,FALSE,FALSE,,,,,FALSE,,,,,,,,,,,23.307917,95.354583,,,FALSE,none,,,paired,kept_main_paired_dropped_additional,1,0,,,Thaphanseik,thaphanseik
779,Thaphanseik,2023-01-05T15:22:03Z,479,main_s2mask,479,ECOSTRESS,paired,TRUE,TRUE,TRUE,22.11077881,19.20999146,-2.900787354,71,1,23.30999755859375,19.209991455078125,22.050018310546875,19.209991455078125,20.970001220703125,19.209991455078125,0.538424015,,70,70,70,70,,,,,/scratch/mr3882/SEA_dam/LST_processed/sentinel2_water_masks/Thaphanseik/ECOSTRESS/Thaphanseik_ECOv002_L2T_LSTE_25522_003_46QGL_20230105T152203_0710_01_LST_LST_s2_footprint_water_mask.tif,/scratch/mr3882/SEA_dam/LST_processed/sentinel2_water_masks/Thaphanseik/ECOSTRESS/Thaphanseik_ECOv002_L2T_LSTE_25522_003_46QGL_20230105T152203_0710_01_LST_LST_s2_footprint_water_mask.tif,,,,,741540,741540,740490,740490,2579880,2579880,2578830,2578830,Myanmar,33,4113.06,332.9,3550,Mu,01/01/2001,139.6330261,23.307917,95.354583,,,,,procurement.dhpi@moep.gov.mm,,2023-01-05T15:22:03Z,2023,1,5,15.3675,21.7244722,479,,,FALSE,FALSE,FALSE,FALSE,,,,,FALSE,,,,,,,,,,,23.307917,95.354583,,,FALSE,none,,,paired,kept_main_paired_dropped_additional,1,0,,,Thaphanseik,thaphanseik
780,Thaphanseik,2023-01-10T22:46:02Z,480,main_s2mask,480,ECOSTRESS,paired,TRUE,TRUE,TRUE,21.20639038,16.70999146,-4.496398926,72,1,22.39001465,16.709991455078125,21.33001708984375,16.709991455078125,18.990020751953125,16.709991455078125,0.800999522,,70,70,70,70,,,,,/scratch/mr3882/SEA_dam/LST_processed/sentinel2_water_masks/Thaphanseik/ECOSTRESS/Thaphanseik_ECOv002_L2T_LSTE_25604_011_46QGL_20230110T224602_0712_02_LST_LST_s2_footprint_water_mask.tif,/scratch/mr3882/SEA_dam/LST_processed/sentinel2_water_masks/Thaphanseik/ECOSTRESS/Thaphanseik_ECOv002_L2T_LSTE_25604_011_46QGL_20230110T224602_0712_02_LST_LST_s2_footprint_water_mask.tif,,,,,741540,741540,740490,740490,2579880,2579880,2578830,2578830,Myanmar,33,4113.06,332.9,3550,Mu,01/01/2001,139.6330261,23.307917,95.354583,,,,,procurement.dhpi@moep.gov.mm,,2023-01-10T22:46:02Z,2023,1,10,22.76722222222222,5.124194422222221,480,,,FALSE,FALSE,FALSE,FALSE,,,,,FALSE,,,,,,,,,,,23.307917,95.354583,,,FALSE,none,,,paired,kept_main_paired_dropped_additional,1,0,,,Thaphanseik,thaphanseik
781,Thaphanseik,2023-01-16T11:19:03Z,481,main_s2mask,481,ECOSTRESS,paired,TRUE,TRUE,TRUE,22.19116211,21.25003052,-0.941131592,53,2,22.83001708984375,21.550018310546875,22.19000244140625,21.250030517578125,21.709991455078125,20.95001220703125,0.231962115,0.424268365,70,70,70,70,,,,,/scratch/mr3882/SEA_dam/LST_processed/sentinel2_water_masks/Thaphanseik/ECOSTRESS/Thaphanseik_ECOv002_L2T_LSTE_25690_004_46QGL_20230116T111903_0710_01_LST_LST_s2_footprint_water_mask.tif,/scratch/mr3882/SEA_dam/LST_processed/sentinel2_water_masks/Thaphanseik/ECOSTRESS/Thaphanseik_ECOv002_L2T_LSTE_25690_004_46QGL_20230116T111903_0710_01_LST_LST_s2_footprint_water_mask.tif,,,,,741540,741540,740490,740490,2579880,2579880,2578830,2578830,Myanmar,33,4113.06,332.9,3550,Mu,01/01/2001,139.6330261,23.307917,95.354583,,,,,procurement.dhpi@moep.gov.mm,,2023-01-16T11:19:03Z,2023,1,16,11.3175,17.6744722,481,,,FALSE,FALSE,FALSE,FALSE,,,,,FALSE,,,,,,,,,,,23.307917,95.354583,,,FALSE,none,,,paired,kept_main_paired_dropped_additional,1,0,,,Thaphanseik,thaphanseik
782,Thaphanseik,2023-01-24T08:04:50Z,482,main_s2mask,482,ECOSTRESS,paired,TRUE,TRUE,TRUE,26.58181763,29.08999634,2.508178711,71,1,32.01000977,29.089996337890625,26.01000977,29.089996337890625,23.589996337890625,29.089996337890625,2.41233182,,70,70,70,70,,,,,/scratch/mr3882/SEA_dam/LST_processed/sentinel2_water_masks/Thaphanseik/ECOSTRESS/Thaphanseik_ECOv002_L2T_LSTE_25812_004_46QGL_20230124T080450_0711_01_LST_LST_s2_footprint_water_mask.tif,/scratch/mr3882/SEA_dam/LST_processed/sentinel2_water_masks/Thaphanseik/ECOSTRESS/Thaphanseik_ECOv002_L2T_LSTE_25812_004_46QGL_20230124T080450_0711_01_LST_LST_s2_footprint_water_mask.tif,,,,,741540,741540,740490,740490,2579880,2579880,2578830,2578830,Myanmar,33,4113.06,332.9,3550,Mu,01/01/2001,139.6330261,23.307917,95.354583,,,,,procurement.dhpi@moep.gov.mm,,2023-01-24T08:04:50Z,2023,1,24,8.080555555555556,14.437527755555555,482,,,FALSE,FALSE,FALSE,FALSE,,,,,FALSE,,,,,,,,,,,23.307917,95.354583,,,FALSE,none,,,paired,kept_main_paired_dropped_additional,1,0,,,Thaphanseik,thaphanseik
783,Thaphanseik,2023-02-12T00:49:54Z,483,main_s2mask,483,ECOSTRESS,paired,TRUE,TRUE,TRUE,22.24789429,19.93667603,-2.311218262,57,3,22.75,20.89001465,22.25,19.51000977,21.83001708984375,19.41000366210937,0.193487391,0.827128291,70,70,70,70,,,,,/scratch/mr3882/SEA_dam/LST_processed/sentinel2_water_masks/Thaphanseik/ECOSTRESS/Thaphanseik_ECOv002_L2T_LSTE_26102_002_46QGL_20230212T004954_0710_01_LST_LST_s2_footprint_water_mask.tif,/scratch/mr3882/SEA_dam/LST_processed/sentinel2_water_masks/Thaphanseik/ECOSTRESS/Thaphanseik_ECOv002_L2T_LSTE_26102_002_46QGL_20230212T004954_0710_01_LST_LST_s2_footprint_water_mask.tif,,,,,741540,741540,740490,740490,2579880,2579880,2578830,2578830,Myanmar,33,4113.06,332.9,3550,Mu,01/01/2001,139.6330261,23.307917,95.354583,,,,,procurement.dhpi@moep.gov.mm,,2023-02-12T00:49:54Z,2023,2,43,0.8316666666666667,7.188638866666667,483,,,FALSE,FALSE,FALSE,FALSE,,,,,FALSE,,,,,,,,,,,23.307917,95.354583,,,FALSE,none,,,paired,kept_main_paired_dropped_additional,1,0,,,Thaphanseik,thaphanseik
784,Thaphanseik,2023-02-15T23:13:16Z,484,main_s2mask,484,ECOSTRESS,paired,TRUE,TRUE,TRUE,22.67425537,20.646698,-2.027557373,71,6,23.13000488,20.89001465,22.67001342773437,20.67001342773437,21.67001342773437,20.36999512,0.283022761,0.186517596,70,70,70,70,,,,,/scratch/mr3882/SEA_dam/LST_processed/sentinel2_water_masks/Thaphanseik/ECOSTRESS/Thaphanseik_ECOv002_L2T_LSTE_26163_003_46QGL_20230215T231316_0711_01_LST_LST_s2_footprint_water_mask.tif,/scratch/mr3882/SEA_dam/LST_processed/sentinel2_water_masks/Thaphanseik/ECOSTRESS/Thaphanseik_ECOv002_L2T_LSTE_26163_003_46QGL_20230215T231316_0711_01_LST_LST_s2_footprint_water_mask.tif,,,,,741540,741540,740490,740490,2579880,2579880,2578830,2578830,Myanmar,33,4113.06,332.9,3550,Mu,01/01/2001,139.6330261,23.307917,95.354583,,,,,procurement.dhpi@moep.gov.mm,,2023-02-15T23:13:16Z,2023,2,46,23.22111111111111,5.578083311111112,484,,,FALSE,FALSE,FALSE,FALSE,,,,,FALSE,,,,,,,,,,,23.307917,95.354583,,,FALSE,none,,,paired,kept_main_paired_dropped_additional,1,0,,,Thaphanseik,thaphanseik
785,Thaphanseik,2023-03-01T03:29:00Z,485,main_s2mask,485,ECOSTRESS,paired,TRUE,TRUE,TRUE,26.50100708,26.96600342,0.464996338,71,5,29.029998779296875,27.970001220703125,26.589996337890625,26.91000366210937,24.42999267578125,26.25,1.385639429,0.624083042,70,70,70,70,,,,,/scratch/mr3882/SEA_dam/LST_processed/sentinel2_water_masks/Thaphanseik/ECOSTRESS/Thaphanseik_ECOv002_L2T_LSTE_26367_003_46QGL_20230301T032900_0710_01_LST_LST_s2_footprint_water_mask.tif,/scratch/mr3882/SEA_dam/LST_processed/sentinel2_water_masks/Thaphanseik/ECOSTRESS/Thaphanseik_ECOv002_L2T_LSTE_26367_003_46QGL_20230301T032900_0710_01_LST_LST_s2_footprint_water_mask.tif,,,,,741540,741540,740490,740490,2579880,2579880,2578830,2578830,Myanmar,33,4113.06,332.9,3550,Mu,01/01/2001,139.6330261,23.307917,95.354583,,,,,procurement.dhpi@moep.gov.mm,,2023-03-01T03:29:00Z,2023,3,60,3.4833333333333334,9.840305533333334,485,,,FALSE,FALSE,FALSE,FALSE,,,,,FALSE,,,,,,,,,,,23.307917,95.354583,,,FALSE,none,,,paired,kept_main_paired_dropped_additional,1,0,,,Thaphanseik,thaphanseik
786,TheunHinboun,2019-12-03T15:25:10Z,9350,additional_ecostress,532,ECOSTRESS,paired,TRUE,TRUE,TRUE,11.27,11.05,-0.22,,,,,,,,,,,,,,,,,,,,,,,,,,,,,,,,,Laos,65,,60,4.2,,01/01/1998,393.3014221,18.26059053,104.5625573,,,,FALSE,enquiries@thpclaos.com,Y,2019-12-03T15:25:10Z,2019,12,337,15.419444444444444,22.39028159777778,,532,0,FALSE,FALSE,FALSE,FALSE,,,,,FALSE,13,18.2609,104.5634,1.28,0b1001111011000000,13,18.2595,104.5605,1.28,0b1001111011000000,18.26059053,104.5625573,1.28,1.28,FALSE,none,,,paired,kept_unique_additional,0,1,additional_ecostress__532,TRUE,TheunHinboun,theunhinboun
787,TheunHinboun,2020-02-22T21:04:33Z,9351,additional_ecostress,533,ECOSTRESS,paired,TRUE,TRUE,TRUE,11.83,13.49,1.66,,,,,,,,,,,,,,,,,,,,,,,,,,,,,,,,,Laos,65,,60,4.2,,01/01/1998,393.3014221,18.26059053,104.5625573,,,,FALSE,enquiries@thpclaos.com,Y,2020-02-22T21:04:33Z,2020,2,53,21.07583333333333,4.046670486666663,,533,0,FALSE,FALSE,FALSE,FALSE,,,,,FALSE,13,18.2609,104.5634,1,0b1010111011000000,13,18.2595,104.5605,1,0b1010111011000000,18.26059053,104.5625573,1,1,FALSE,none,,,paired,kept_unique_additional,0,1,additional_ecostress__533,TRUE,TheunHinboun,theunhinboun
788,TheunHinboun,2020-12-09T02:15:21Z,9352,additional_ecostress,534,ECOSTRESS,paired,TRUE,TRUE,TRUE,19.11,18.81,-0.3,,,,,,,,,,,,,,,,,,,,,,,,,,,,,,,,,Laos,65,,60,4.2,,01/01/1998,393.3014221,18.26059053,104.5625573,,,,FALSE,enquiries@thpclaos.com,Y,2020-12-09T02:15:21Z,2020,12,344,2.255833333333334,9.226670486666666,,534,0,FALSE,FALSE,FALSE,FALSE,,,,,FALSE,13,18.2609,104.5634,1,0b1010111011000000,13,18.2595,104.5605,1,0b1010111011000000,18.26059053,104.5625573,1,1,FALSE,none,,,paired,kept_unique_additional,0,1,additional_ecostress__534,TRUE,TheunHinboun,theunhinboun
789,TheunHinboun,2021-02-10T01:19:22Z,9353,additional_ecostress,535,ECOSTRESS,paired,TRUE,TRUE,TRUE,16.91,15.63,-1.28,,,,,,,,,,,,,,,,,,,,,,,,,,,,,,,,,Laos,65,,60,4.2,,01/01/1998,393.3014221,18.26059053,104.5625573,,,,FALSE,enquiries@thpclaos.com,Y,2021-02-10T01:19:22Z,2021,2,41,1.3227777777777778,8.293614931111112,,535,0,FALSE,FALSE,FALSE,FALSE,,,,,FALSE,13,18.2609,104.5634,1.16,0b1001111011000000,13,18.2595,104.5605,1.16,0b1001111011000000,18.26059053,104.5625573,1.16,1.16,FALSE,none,,,paired,kept_unique_additional,0,1,additional_ecostress__535,TRUE,TheunHinboun,theunhinboun
790,TheunHinboun,2021-12-13T00:25:18Z,9354,additional_ecostress,536,ECOSTRESS,paired,TRUE,TRUE,TRUE,16.17,16.71,0.5399999999999991,,,,,,,,,,,,,,,,,,,,,,,,,,,,,,,,,Laos,65,,60,4.2,,01/01/1998,393.3014221,18.26059053,104.5625573,,,,FALSE,enquiries@thpclaos.com,Y,2021-12-13T00:25:18Z,2021,12,347,0.4216666666666667,7.39250382,,536,0,FALSE,FALSE,FALSE,FALSE,,,,,FALSE,13,18.2609,104.5634,1.2,0b1001111011000000,13,18.2595,104.5605,1.2,0b1001111011000000,18.26059053,104.5625573,1.2,1.2,FALSE,none,,,paired,kept_unique_additional,0,1,additional_ecostress__536,TRUE,TheunHinboun,theunhinboun
791,TheunHinboun,2022-01-05T14:57:36Z,9355,additional_ecostress,537,ECOSTRESS,paired,TRUE,TRUE,TRUE,14.93,16.31,1.379999999999999,,,,,,,,,,,,,,,,,,,,,,,,,,,,,,,,,Laos,65,,60,4.2,,01/01/1998,393.3014221,18.26059053,104.5625573,,,,FALSE,enquiries@thpclaos.com,Y,2022-01-05T14:57:36Z,2022,1,5,14.96,21.93083715333333,,537,0,FALSE,FALSE,FALSE,FALSE,,,,,FALSE,13,18.2609,104.5634,1.24,0b1001111011000000,13,18.2595,104.5605,1.24,0b1001111011000000,18.26059053,104.5625573,1.24,1.24,FALSE,none,,,paired,kept_unique_additional,0,1,additional_ecostress__537,TRUE,TheunHinboun,theunhinboun
792,TheunHinboun,2023-01-18T09:41:37Z,9356,additional_ecostress,538,ECOSTRESS,paired,TRUE,TRUE,TRUE,18.53,17.19,-1.34,,,,,,,,,,,,,,,,,,,,,,,,,,,,,,,,,Laos,65,,60,4.2,,01/01/1998,393.3014221,18.26059053,104.5625573,,,,FALSE,enquiries@thpclaos.com,Y,2023-01-18T09:41:37Z,2023,1,18,9.693611111111112,16.664448264444445,,538,0,FALSE,FALSE,FALSE,FALSE,,,,,FALSE,13,18.2609,104.5634,1.28,0b1001111011000000,13,18.2595,104.5605,1.28,0b1001101011000000,18.26059053,104.5625573,1.28,1.28,FALSE,none,,,paired,kept_unique_additional,0,1,additional_ecostress__538,TRUE,TheunHinboun,theunhinboun
793,TheunHinboun,2023-01-22T08:05:14Z,9357,additional_ecostress,539,ECOSTRESS,paired,TRUE,TRUE,TRUE,26.95,25.07,-1.88,,,,,,,,,,,,,,,,,,,,,,,,,,,,,,,,,Laos,65,,60,4.2,,01/01/1998,393.3014221,18.26059053,104.5625573,,,,FALSE,enquiries@thpclaos.com,Y,2023-01-22T08:05:14Z,2023,1,22,8.087222222222223,15.058059375555557,,539,0,FALSE,FALSE,FALSE,FALSE,,,,,FALSE,13,18.2609,104.5634,1,0b1110101011000000,13,18.2595,104.5605,1,0b1110111011000000,18.26059053,104.5625573,1,1,FALSE,none,,,paired,kept_unique_additional,0,1,additional_ecostress__539,TRUE,TheunHinboun,theunhinboun
794,TheunHinboun,2023-01-22T17:56:48Z,9358,additional_ecostress,540,ECOSTRESS,paired,TRUE,TRUE,TRUE,12.67,13.01,0.3399999999999998,,,,,,,,,,,,,,,,,,,,,,,,,,,,,,,,,Laos,65,,60,4.2,,01/01/1998,393.3014221,18.26059053,104.5625573,,,,FALSE,enquiries@thpclaos.com,Y,2023-01-22T17:56:48Z,2023,1,22,17.946666666666665,0.9175038200000004,,540,0,FALSE,FALSE,FALSE,FALSE,,,,,FALSE,13,18.2609,104.5634,0.96,0b1110111011000000,13,18.2595,104.5605,0.96,0b1110111011000000,18.26059053,104.5625573,0.96,0.96,FALSE,none,,,paired,kept_unique_additional,0,1,additional_ecostress__540,TRUE,TheunHinboun,theunhinboun
795,Ubol Ratana,2019-12-07T13:48:17Z,9359,additional_ecostress,541,ECOSTRESS,outlet_only,FALSE,TRUE,FALSE,,18.27,,,,,,,,,,,,,,,,,,,,,,,,,,,,,,,,,,Thailand,35,3870.9,313.3,2263,Nam Pong,01/01/1966,171.0899658,16.774583,102.617083,,,,,,,2019-12-07T13:48:17Z,2019,12,341,13.804722222222225,20.64586108888889,,541,0,FALSE,FALSE,FALSE,FALSE,,,,,FALSE,,,,,,43,16.7741,102.6219,1.2,0b1001111011000000,16.774583,102.617083,,1.2,FALSE,none,,,outlet_only,kept_unique_additional,0,1,additional_ecostress__541,TRUE,Ubol Ratana,ubolratana
796,Ubol Ratana,2019-12-11T02:18:47Z,9360,additional_ecostress,542,ECOSTRESS,paired,TRUE,TRUE,TRUE,19.97,20.37,0.4000000000000021,,,,,,,,,,,,,,,,,,,,,,,,,,,,,,,,,Thailand,35,3870.9,313.3,2263,Nam Pong,01/01/1966,171.0899658,16.774583,102.617083,,,,,,,2019-12-11T02:18:47Z,2019,12,345,2.313055555555555,9.154194422222222,,542,0,FALSE,FALSE,FALSE,FALSE,,,,,FALSE,43,16.773,102.617,1.16,0b1001111011000000,43,16.7741,102.6219,1.16,0b1001111011000000,16.774583,102.617083,1.16,1.16,FALSE,none,,,paired,kept_unique_additional,0,1,additional_ecostress__542,TRUE,Ubol Ratana,ubolratana
797,Ubol Ratana,2020-12-09T02:15:21Z,9361,additional_ecostress,543,ECOSTRESS,paired,TRUE,TRUE,TRUE,20.23,21.11,0.88,,,,,,,,,,,,,,,,,,,,,,,,,,,,,,,,,Thailand,35,3870.9,313.3,2263,Nam Pong,01/01/1966,171.0899658,16.774583,102.617083,,,,,,,2020-12-09T02:15:21Z,2020,12,344,2.255833333333334,9.0969722,,543,0,FALSE,FALSE,FALSE,FALSE,,,,,FALSE,43,16.773,102.617,1.32,0b1001101011000000,43,16.7741,102.6219,1.32,0b1001101011000000,16.774583,102.617083,1.32,1.32,FALSE,none,,,paired,kept_unique_additional,0,1,additional_ecostress__543,TRUE,Ubol Ratana,ubolratana
798,Ubol Ratana,2021-01-01T16:52:13Z,9362,additional_ecostress,544,ECOSTRESS,outlet_only,FALSE,TRUE,FALSE,,18.51,,,,,,,,,,,,,,,,,,,,,,,,,,,,,,,,,,Thailand,35,3870.9,313.3,2263,Nam Pong,01/01/1966,171.0899658,16.774583,102.617083,,,,,,,2021-01-01T16:52:13Z,2021,1,1,16.87027777777778,23.711416644444448,,544,0,FALSE,FALSE,FALSE,FALSE,,,,,FALSE,,,,,,43,16.7741,102.6219,1.24,0b1001111011000000,16.774583,102.617083,,1.24,FALSE,none,,,outlet_only,kept_unique_additional,0,1,additional_ecostress__544,TRUE,Ubol Ratana,ubolratana
799,Ubol Ratana,2021-02-10T01:19:22Z,9363,additional_ecostress,545,ECOSTRESS,paired,TRUE,TRUE,TRUE,13.99,13.57,-0.42,,,,,,,,,,,,,,,,,,,,,,,,,,,,,,,,,Thailand,35,3870.9,313.3,2263,Nam Pong,01/01/1966,171.0899658,16.774583,102.617083,,,,,,,2021-02-10T01:19:22Z,2021,2,41,1.3227777777777778,8.163916644444445,,545,0,FALSE,FALSE,FALSE,FALSE,,,,,FALSE,43,16.773,102.617,1.36,0b1001101011000000,43,16.7741,102.6219,1.36,0b1001111011000000,16.774583,102.617083,1.36,1.36,FALSE,none,,,paired,kept_unique_additional,0,1,additional_ecostress__545,TRUE,Ubol Ratana,ubolratana
800,Ubol Ratana,2023-01-14T21:10:56Z,9364,additional_ecostress,546,ECOSTRESS,paired,TRUE,TRUE,TRUE,22.29,19.79,-2.5,,,,,,,,,,,,,,,,,,,,,,,,,,,,,,,,,Thailand,35,3870.9,313.3,2263,Nam Pong,01/01/1966,171.0899658,16.774583,102.617083,,,,,,,2023-01-14T21:10:56Z,2023,1,14,21.182222222222222,4.023361089,,546,0,FALSE,FALSE,FALSE,FALSE,,,,,FALSE,43,16.773,102.617,0.96,0b1110111011000000,43,16.7741,102.6219,0.96,0b1110111011000000,16.774583,102.617083,0.96,0.96,FALSE,none,,,paired,kept_unique_additional,0,1,additional_ecostress__546,TRUE,Ubol Ratana,ubolratana
801,Ubol Ratana,2023-01-22T08:05:14Z,9365,additional_ecostress,547,ECOSTRESS,paired,TRUE,TRUE,TRUE,22.37,25.77,3.3999999999999986,,,,,,,,,,,,,,,,,,,,,,,,,,,,,,,,,Thailand,35,3870.9,313.3,2263,Nam Pong,01/01/1966,171.0899658,16.774583,102.617083,,,,,,,2023-01-22T08:05:14Z,2023,1,22,8.087222222222223,14.92836108888889,,547,0,FALSE,FALSE,FALSE,FALSE,,,,,FALSE,43,16.773,102.617,0.92,0b1110101011000000,43,16.7741,102.6219,0.92,0b1110101011000000,16.774583,102.617083,0.92,0.92,FALSE,none,,,paired,kept_unique_additional,0,1,additional_ecostress__547,TRUE,Ubol Ratana,ubolratana
802,Ubol Ratana,2023-01-22T17:56:48Z,9366,additional_ecostress,548,ECOSTRESS,outlet_only,FALSE,TRUE,FALSE,,14.63,,,,,,,,,,,,,,,,,,,,,,,,,,,,,,,,,,Thailand,35,3870.9,313.3,2263,Nam Pong,01/01/1966,171.0899658,16.774583,102.617083,,,,,,,2023-01-22T17:56:48Z,2023,1,22,17.946666666666665,0.7878055333333336,,548,0,FALSE,FALSE,FALSE,FALSE,,,,,FALSE,,,,,,43,16.7741,102.6219,1,0b1010111011000000,16.774583,102.617083,,1,FALSE,none,,,outlet_only,kept_unique_additional,0,1,additional_ecostress__548,TRUE,Ubol Ratana,ubolratana
803,Ubol Ratana,2023-02-25T18:25:44Z,9367,additional_ecostress,549,ECOSTRESS,paired,TRUE,TRUE,TRUE,17.91,16.51,-1.4,,,,,,,,,,,,,,,,,,,,,,,,,,,,,,,,,Thailand,35,3870.9,313.3,2263,Nam Pong,01/01/1966,171.0899658,16.774583,102.617083,,,,,,,2023-02-25T18:25:44Z,2023,2,56,18.42888888888889,1.270027755555553,,549,0,FALSE,FALSE,FALSE,FALSE,,,,,FALSE,43,16.773,102.617,1.28,0b1001111011000000,43,16.7741,102.6219,1.28,0b1001111011000000,16.774583,102.617083,1.28,1.28,FALSE,none,,,paired,kept_unique_additional,0,1,additional_ecostress__549,TRUE,Ubol Ratana,ubolratana
804,Ubol Ratana,2019-12-07T13:48:17Z,486,main_s2mask,486,ECOSTRESS,lake_only,TRUE,FALSE,FALSE,20.71801758,,,45,,21.110015869140625,,20.77001953,,19.80999755859375,,0.219771177,,70,,70,,,,,,/scratch/mr3882/SEA_dam/LST_processed/sentinel2_water_masks/UbolRatana/ECOSTRESS/UbolRatana_ECOv002_L2T_LSTE_08058_009_47QRU_20191207T134817_0712_01_LST_LST_s2_footprint_water_mask.tif,,,,,,886360,,885310,,1858720,,1857670,,,,,,,,,171.0899658,16.774583,102.617083,,,,,,,2019-12-07T13:48:17Z,2019,12,341,13.804722222222225,13.804722222222225,486,,,FALSE,FALSE,FALSE,FALSE,,,,,FALSE,,,,,,,,,,,16.774583,102.617083,,,FALSE,none,,,lake_only,kept_unique_main,1,0,,,UbolRatana,ubolratana
805,Ubol Ratana,2019-12-11T02:18:47Z,487,main_s2mask,487,ECOSTRESS,lake_only,TRUE,FALSE,FALSE,21.07583618,,,24,,21.95001220703125,,21.08001708984375,,20.41000366210937,,0.270682245,,70,,70,,,,,,/scratch/mr3882/SEA_dam/LST_processed/sentinel2_water_masks/UbolRatana/ECOSTRESS/UbolRatana_ECOv002_L2T_LSTE_08113_004_48QTD_20191211T021847_0712_01_LST_LST_s2_footprint_water_mask.tif,,,,,,246670,,245620,,1856690,,1855710,,,,,,,,,171.0899658,16.774583,102.617083,,,,,,,2019-12-11T02:18:47Z,2019,12,345,2.313055555555555,2.313055555555555,487,,,FALSE,FALSE,FALSE,FALSE,,,,,FALSE,,,,,,,,,,,16.774583,102.617083,,,FALSE,none,,,lake_only,kept_unique_main,1,0,,,UbolRatana,ubolratana
806,Ubol Ratana,2020-12-09T02:15:22Z,488,main_s2mask,488,ECOSTRESS,lake_only,TRUE,FALSE,FALSE,21.26541138,,,62,,21.83001708984375,,21.279998779296875,,20.67001342773437,,0.239740312,,70,,70,,,,,,/scratch/mr3882/SEA_dam/LST_processed/sentinel2_water_masks/UbolRatana/ECOSTRESS/UbolRatana_ECOv002_L2T_LSTE_13756_003_47QRU_20201209T021522_0712_01_LST_LST_s2_footprint_water_mask.tif,,,,,,886360,,885310,,1858720,,1857670,,,,,,,,,171.0899658,16.774583,102.617083,,,,,,,2020-12-09T02:15:22Z,2020,12,344,2.256111111111111,2.256111111111111,488,,,FALSE,FALSE,FALSE,FALSE,,,,,FALSE,,,,,,,,,,,16.774583,102.617083,,,FALSE,none,,,lake_only,kept_unique_main,1,0,,,UbolRatana,ubolratana
807,Ubol Ratana,2021-02-10T01:19:23Z,489,main_s2mask,489,ECOSTRESS,lake_only,TRUE,FALSE,FALSE,16.43096924,,,63,,17.75,,16.350006103515625,,15.410003662109377,,0.548317075,,70,,70,,,,,,/scratch/mr3882/SEA_dam/LST_processed/sentinel2_water_masks/UbolRatana/ECOSTRESS/UbolRatana_ECOv002_L2T_LSTE_14732_002_47QRU_20210210T011923_0712_01_LST_LST_s2_footprint_water_mask.tif,,,,,,886360,,885310,,1858720,,1857670,,,,,,,,,171.0899658,16.774583,102.617083,,,,,,,2021-02-10T01:19:23Z,2021,2,41,1.3230555555555557,1.3230555555555557,489,,,FALSE,FALSE,FALSE,FALSE,,,,,FALSE,,,,,,,,,,,16.774583,102.617083,,,FALSE,none,,,lake_only,kept_unique_main,1,0,,,UbolRatana,ubolratana
808,Ubol Ratana,2023-01-14T21:10:56Z,490,main_s2mask,490,ECOSTRESS,lake_only,TRUE,FALSE,FALSE,22.77523804,,,61,,24.110015869140625,,22.790008544921875,,21.33001708984375,,0.538601577,,70,,70,,,,,,/scratch/mr3882/SEA_dam/LST_processed/sentinel2_water_masks/UbolRatana/ECOSTRESS/UbolRatana_ECOv002_L2T_LSTE_25665_009_47QRU_20230114T211056_0710_01_LST_LST_s2_footprint_water_mask.tif,,,,,,886360,,885310,,1858720,,1857670,,,,,,,,,171.0899658,16.774583,102.617083,,,,,,,2023-01-14T21:10:56Z,2023,1,14,21.182222222222222,21.182222222222222,490,,,FALSE,FALSE,FALSE,FALSE,,,,,FALSE,,,,,,,,,,,16.774583,102.617083,,,FALSE,none,,,lake_only,kept_unique_main,1,0,,,UbolRatana,ubolratana
809,Ubol Ratana,2023-01-22T08:05:14Z,491,main_s2mask,491,ECOSTRESS,lake_only,TRUE,FALSE,FALSE,22.8526001,,,62,,24.709991455078125,,22.68002319335937,,22.19000244140625,,0.565596581,,70,,70,,,,,,/scratch/mr3882/SEA_dam/LST_processed/sentinel2_water_masks/UbolRatana/ECOSTRESS/UbolRatana_ECOv002_L2T_LSTE_25781_005_47QRU_20230122T080514_0711_02_LST_LST_s2_footprint_water_mask.tif,,,,,,886360,,885310,,1858720,,1857670,,,,,,,,,171.0899658,16.774583,102.617083,,,,,,,2023-01-22T08:05:14Z,2023,1,22,8.087222222222223,8.087222222222223,491,,,FALSE,FALSE,FALSE,FALSE,,,,,FALSE,,,,,,,,,,,16.774583,102.617083,,,FALSE,none,,,lake_only,kept_unique_main,1,0,,,UbolRatana,ubolratana
810,Ubol Ratana,2023-01-22T17:56:48Z,492,main_s2mask,492,ECOSTRESS,lake_only,TRUE,FALSE,FALSE,21.89053345,,,37,,23.25,,21.92999267578125,,19.63000488,,0.841049492,,70,,70,,,,,,/scratch/mr3882/SEA_dam/LST_processed/sentinel2_water_masks/UbolRatana/ECOSTRESS/UbolRatana_ECOv002_L2T_LSTE_25787_010_48QTD_20230122T175648_0711_02_LST_LST_s2_footprint_water_mask.tif,,,,,,246670,,245620,,1856690,,1855710,,,,,,,,,171.0899658,16.774583,102.617083,,,,,,,2023-01-22T17:56:48Z,2023,1,22,17.946666666666665,17.946666666666665,492,,,FALSE,FALSE,FALSE,FALSE,,,,,FALSE,,,,,,,,,,,16.774583,102.617083,,,FALSE,none,,,lake_only,kept_unique_main,1,0,,,UbolRatana,ubolratana
811,Ubol Ratana,2023-02-25T18:25:44Z,493,main_s2mask,493,ECOSTRESS,lake_only,TRUE,FALSE,FALSE,18.54397583,,,60,,19.83001708984375,,18.470001220703125,,17.92999267578125,,0.417603135,,70,,70,,,,,,/scratch/mr3882/SEA_dam/LST_processed/sentinel2_water_masks/UbolRatana/ECOSTRESS/UbolRatana_ECOv002_L2T_LSTE_26315_005_48QTD_20230225T182544_0710_01_LST_LST_s2_footprint_water_mask.tif,,,,,,246670,,245620,,1856690,,1855710,,,,,,,,,171.0899658,16.774583,102.617083,,,,,,,2023-02-25T18:25:44Z,2023,2,56,18.42888888888889,18.42888888888889,493,,,FALSE,FALSE,FALSE,FALSE,,,,,FALSE,,,,,,,,,,,16.774583,102.617083,,,FALSE,none,,,lake_only,kept_unique_main,1,0,,,UbolRatana,ubolratana
812,WadukMrica,2019-09-13T00:46:03Z,494,main_s2mask,494,ECOSTRESS,paired,TRUE,TRUE,TRUE,25.02362061,25.39001465,0.366394043,47,1,25.83001708984375,25.39001465,25.110015869140625,25.39001465,23.490020751953125,25.39001465,0.489509821,,70,70,70,70,,,,,/scratch/mr3882/SEA_dam/LST_processed/sentinel2_water_masks/WadukMrica/ECOSTRESS/WadukMrica_ECOv002_L2T_LSTE_06731_012_49MCM_20190913T004603_0712_01_LST_LST_s2_footprint_water_mask.tif,/scratch/mr3882/SEA_dam/LST_processed/sentinel2_water_masks/WadukMrica/ECOSTRESS/WadukMrica_ECOv002_L2T_LSTE_06731_012_49MCM_20190913T004603_0712_01_LST_LST_s2_footprint_water_mask.tif,,,,,346550,346550,345500,345500,9183220,9183220,9182170,9182170,Indonesia,110,,15,47,,01/01/2013,144.185318,-7.392704173,109.6059234,,,,,,,2019-09-13T00:46:03Z,2019,9,256,0.7675000000000001,8.07456156,494,,,FALSE,FALSE,FALSE,FALSE,,,,,FALSE,,,,,,,,,,,-7.392704173,109.6059234,,,FALSE,none,,,paired,kept_main_paired_dropped_additional,1,0,,,WadukMrica,wadukmrica
813,Yenwe,2020-01-17T11:54:55Z,9368,additional_ecostress,551,ECOSTRESS,paired,TRUE,TRUE,TRUE,26.15,24.45,-1.7,,,,,,,,,,,,,,,,,,,,,,,,,,,,,,,,,Myanmar,76.5,4782.72,76.7,200,Ye Nwe Chaung,01/01/2013,55.04022217,18.085211,96.446152,,,,,procurement.dhpi@moep.gov.mm,,2020-01-17T11:54:55Z,2020,1,17,11.915277777777778,18.34502124444445,,551,0,FALSE,FALSE,FALSE,FALSE,,,,,FALSE,63,18.0871,96.444,1.24,0b1001111011000000,63,18.0865,96.4486,1.24,0b1001111011000000,18.085211,96.446152,1.24,1.24,FALSE,none,,,paired,kept_unique_additional,0,1,additional_ecostress__551,TRUE,Yenwe,yenwe
814,Yenwe,2021-01-15T22:03:20Z,9369,additional_ecostress,552,ECOSTRESS,paired,TRUE,TRUE,TRUE,22.97,16.41,-6.56,,,,,,,,,,,,,,,,,,,,,,,,,,,,,,,,,Myanmar,76.5,4782.72,76.7,200,Ye Nwe Chaung,01/01/2013,55.04022217,18.085211,96.446152,,,,,procurement.dhpi@moep.gov.mm,,2021-01-15T22:03:20Z,2021,1,15,22.05555555555556,4.485299022222222,,552,0,FALSE,FALSE,FALSE,FALSE,,,,,FALSE,63,18.0871,96.444,1.2,0b1001111011000000,63,18.0865,96.4486,1.2,0b1001111011000000,18.085211,96.446152,1.2,1.2,FALSE,none,,,paired,kept_unique_additional,0,1,additional_ecostress__552,TRUE,Yenwe,yenwe
815,Yenwe,2021-02-04T04:25:59Z,9370,additional_ecostress,553,ECOSTRESS,paired,TRUE,TRUE,TRUE,26.69,30.11,3.419999999999998,,,,,,,,,,,,,,,,,,,,,,,,,,,,,,,,,Myanmar,76.5,4782.72,76.7,200,Ye Nwe Chaung,01/01/2013,55.04022217,18.085211,96.446152,,,,,procurement.dhpi@moep.gov.mm,,2021-02-04T04:25:59Z,2021,2,35,4.433055555555556,10.862799022222225,,553,0,FALSE,FALSE,FALSE,FALSE,,,,,FALSE,63,18.0871,96.444,1.32,0b1001111011000000,63,18.0865,96.4486,1.32,0b1001101011000000,18.085211,96.446152,1.32,1.32,FALSE,none,,,paired,kept_unique_additional,0,1,additional_ecostress__553,TRUE,Yenwe,yenwe
816,Yenwe,2022-01-31T05:23:41Z,9371,additional_ecostress,554,ECOSTRESS,paired,TRUE,TRUE,TRUE,26.13,30.93,4.800000000000001,,,,,,,,,,,,,,,,,,,,,,,,,,,,,,,,,Myanmar,76.5,4782.72,76.7,200,Ye Nwe Chaung,01/01/2013,55.04022217,18.085211,96.446152,,,,,procurement.dhpi@moep.gov.mm,,2022-01-31T05:23:41Z,2022,1,31,5.394722222222223,11.824465688888887,,554,0,FALSE,FALSE,FALSE,FALSE,,,,,FALSE,63,18.0871,96.444,1.2,0b1001111011000000,63,18.0865,96.4486,1.2,0b1001101011000000,18.085211,96.446152,1.2,1.2,FALSE,none,,,paired,kept_unique_additional,0,1,additional_ecostress__554,TRUE,Yenwe,yenwe
817,Yenwe,2022-02-26T19:00:13Z,9372,additional_ecostress,555,ECOSTRESS,paired,TRUE,TRUE,TRUE,23.17,20.79,-2.38,,,,,,,,,,,,,,,,,,,,,,,,,,,,,,,,,Myanmar,76.5,4782.72,76.7,200,Ye Nwe Chaung,01/01/2013,55.04022217,18.085211,96.446152,,,,,procurement.dhpi@moep.gov.mm,,2022-02-26T19:00:13Z,2022,2,57,19.003611111111116,1.4333545777777772,,555,0,FALSE,FALSE,FALSE,FALSE,,,,,FALSE,63,18.0871,96.444,1.2,0b1001111011000000,63,18.0865,96.4486,1.2,0b1001111011000000,18.085211,96.446152,1.2,1.2,FALSE,none,,,paired,kept_unique_additional,0,1,additional_ecostress__555,TRUE,Yenwe,yenwe
818,Yenwe,2023-01-13T12:07:17Z,9373,additional_ecostress,556,ECOSTRESS,paired,TRUE,TRUE,TRUE,24.07,20.99,-3.08,,,,,,,,,,,,,,,,,,,,,,,,,,,,,,,,,Myanmar,76.5,4782.72,76.7,200,Ye Nwe Chaung,01/01/2013,55.04022217,18.085211,96.446152,,,,,procurement.dhpi@moep.gov.mm,,2023-01-13T12:07:17Z,2023,1,13,12.12138888888889,18.55113235555556,,556,0,FALSE,FALSE,FALSE,FALSE,,,,,FALSE,63,18.0871,96.444,1.16,0b1001111011000000,63,18.0865,96.4486,1.16,0b1001111011000000,18.085211,96.446152,1.16,1.16,FALSE,none,,,paired,kept_unique_additional,0,1,additional_ecostress__556,TRUE,Yenwe,yenwe
819,Yenwe,2023-01-17T10:29:20Z,9374,additional_ecostress,557,ECOSTRESS,paired,TRUE,TRUE,TRUE,25.43,25.13,-0.3,,,,,,,,,,,,,,,,,,,,,,,,,,,,,,,,,Myanmar,76.5,4782.72,76.7,200,Ye Nwe Chaung,01/01/2013,55.04022217,18.085211,96.446152,,,,,procurement.dhpi@moep.gov.mm,,2023-01-17T10:29:20Z,2023,1,17,10.488888888888887,16.918632355555555,,557,0,FALSE,FALSE,FALSE,FALSE,,,,,FALSE,63,18.0871,96.444,1.24,0b1001101011000000,63,18.0865,96.4486,1.24,0b1001111011000000,18.085211,96.446152,1.24,1.24,FALSE,none,,,paired,kept_unique_additional,0,1,additional_ecostress__557,TRUE,Yenwe,yenwe
820,Yenwe,2023-02-09T01:36:36Z,9375,additional_ecostress,558,ECOSTRESS,paired,TRUE,TRUE,TRUE,22.83,20.19,-2.64,,,,,,,,,,,,,,,,,,,,,,,,,,,,,,,,,Myanmar,76.5,4782.72,76.7,200,Ye Nwe Chaung,01/01/2013,55.04022217,18.085211,96.446152,,,,,procurement.dhpi@moep.gov.mm,,2023-02-09T01:36:36Z,2023,2,40,1.61,8.039743466666666,,558,0,FALSE,FALSE,FALSE,FALSE,,,,,FALSE,63,18.0871,96.444,1.04,0b1010111011000000,63,18.0865,96.4486,1.04,0b1010111011000000,18.085211,96.446152,1.04,1.04,FALSE,none,,,paired,kept_unique_additional,0,1,additional_ecostress__558,TRUE,Yenwe,yenwe
821,Yeywa,2019-12-09T03:56:17Z,9376,additional_ecostress,559,ECOSTRESS,outlet_only,FALSE,TRUE,FALSE,,24.83,,,,,,,,,,,,,,,,,,,,,,,,,,,,,,,,,,Myanmar,132,6072.61,59,1630,Lower Myitnge,01/01/2013,84.57169342,21.675196,96.474077,,,,,procurement.dhpi@moep.gov.mm,,2019-12-09T03:56:17Z,2019,12,343,3.938055555555555,10.369660688888889,,559,0,FALSE,FALSE,FALSE,FALSE,,,,,FALSE,,,,,,54,21.6723,96.471,1.12,0b1001111011000000,21.675196,96.474077,,1.12,FALSE,none,,,outlet_only,kept_unique_additional,0,1,additional_ecostress__559,TRUE,Yeywa,yeywa
822,Yeywa,2019-12-13T02:19:00Z,9377,additional_ecostress,560,ECOSTRESS,outlet_only,FALSE,TRUE,FALSE,,22.49,,,,,,,,,,,,,,,,,,,,,,,,,,,,,,,,,,Myanmar,132,6072.61,59,1630,Lower Myitnge,01/01/2013,84.57169342,21.675196,96.474077,,,,,procurement.dhpi@moep.gov.mm,,2019-12-13T02:19:00Z,2019,12,347,2.3166666666666664,8.7482718,,560,0,FALSE,FALSE,FALSE,FALSE,,,,,FALSE,,,,,,54,21.6723,96.471,1.08,0b1001101011000000,21.675196,96.474077,,1.08,FALSE,none,,,outlet_only,kept_unique_additional,0,1,additional_ecostress__560,TRUE,Yeywa,yeywa
823,Yeywa,2019-12-17T00:41:33Z,9378,additional_ecostress,561,ECOSTRESS,outlet_only,FALSE,TRUE,FALSE,,19.51,,,,,,,,,,,,,,,,,,,,,,,,,,,,,,,,,,Myanmar,132,6072.61,59,1630,Lower Myitnge,01/01/2013,84.57169342,21.675196,96.474077,,,,,procurement.dhpi@moep.gov.mm,,2019-12-17T00:41:33Z,2019,12,351,0.6925,7.124105133333333,,561,0,FALSE,FALSE,FALSE,FALSE,,,,,FALSE,,,,,,54,21.6723,96.471,1.08,0b1001101011000000,21.675196,96.474077,,1.08,FALSE,none,,,outlet_only,kept_unique_additional,0,1,additional_ecostress__561,TRUE,Yeywa,yeywa
824,Yeywa,2019-12-24T21:27:08Z,9379,additional_ecostress,562,ECOSTRESS,outlet_only,FALSE,TRUE,FALSE,,17.87,,,,,,,,,,,,,,,,,,,,,,,,,,,,,,,,,,Myanmar,132,6072.61,59,1630,Lower Myitnge,01/01/2013,84.57169342,21.675196,96.474077,,,,,procurement.dhpi@moep.gov.mm,,2019-12-24T21:27:08Z,2019,12,358,21.452222222222225,3.883827355555553,,562,0,FALSE,FALSE,FALSE,FALSE,,,,,FALSE,,,,,,54,21.6723,96.471,1.36,0b1001111011000000,21.675196,96.474077,,1.36,FALSE,none,,,outlet_only,kept_unique_additional,0,1,additional_ecostress__562,TRUE,Yeywa,yeywa
825,Yeywa,2019-12-26T21:26:59Z,9380,additional_ecostress,563,ECOSTRESS,lake_only,TRUE,FALSE,FALSE,11.69,,,,,,,,,,,,,,,,,,,,,,,,,,,,,,,,,,,Myanmar,132,6072.61,59,1630,Lower Myitnge,01/01/2013,84.57169342,21.675196,96.474077,,,,,procurement.dhpi@moep.gov.mm,,2019-12-26T21:26:59Z,2019,12,360,21.449722222222224,3.8813273555555554,,563,0,FALSE,FALSE,FALSE,FALSE,,,,,FALSE,54,26.0491,90.2399,1.32,0b1001101011000000,,,,,,21.675196,96.474077,1.32,,FALSE,none,,,lake_only,kept_unique_additional,0,1,additional_ecostress__563,TRUE,Yeywa,yeywa
826,Yeywa,2020-01-20T11:08:46Z,9381,additional_ecostress,564,ECOSTRESS,outlet_only,FALSE,TRUE,FALSE,,24.11,,,,,,,,,,,,,,,,,,,,,,,,,,,,,,,,,,Myanmar,132,6072.61,59,1630,Lower Myitnge,01/01/2013,84.57169342,21.675196,96.474077,,,,,procurement.dhpi@moep.gov.mm,,2020-01-20T11:08:46Z,2020,1,20,11.14611111111111,17.577716244444446,,564,0,FALSE,FALSE,FALSE,FALSE,,,,,FALSE,,,,,,54,21.6723,96.471,1.08,0b1001111011000000,21.675196,96.474077,,1.08,FALSE,none,,,outlet_only,kept_unique_additional,0,1,additional_ecostress__564,TRUE,Yeywa,yeywa
827,Yeywa,2020-01-21T20:10:39Z,9382,additional_ecostress,565,ECOSTRESS,outlet_only,FALSE,TRUE,FALSE,,17.85,,,,,,,,,,,,,,,,,,,,,,,,,,,,,,,,,,Myanmar,132,6072.61,59,1630,Lower Myitnge,01/01/2013,84.57169342,21.675196,96.474077,,,,,procurement.dhpi@moep.gov.mm,,2020-01-21T20:10:39Z,2020,1,21,20.1775,2.609105133333337,,565,0,FALSE,FALSE,FALSE,FALSE,,,,,FALSE,,,,,,54,21.6723,96.471,1.04,0b1010111011000000,21.675196,96.474077,,1.04,FALSE,none,,,outlet_only,kept_unique_additional,0,1,additional_ecostress__565,TRUE,Yeywa,yeywa
828,Yeywa,2020-01-22T11:09:08Z,9383,additional_ecostress,566,ECOSTRESS,lake_only,TRUE,FALSE,FALSE,14.95,,,,,,,,,,,,,,,,,,,,,,,,,,,,,,,,,,,Myanmar,132,6072.61,59,1630,Lower Myitnge,01/01/2013,84.57169342,21.675196,96.474077,,,,,procurement.dhpi@moep.gov.mm,,2020-01-22T11:09:08Z,2020,1,22,11.152222222222225,17.583827355555556,,566,0,FALSE,FALSE,FALSE,FALSE,,,,,FALSE,54,26.0491,90.2399,1.28,0b1001111011000000,,,,,,21.675196,96.474077,1.28,,FALSE,none,,,lake_only,kept_unique_additional,0,1,additional_ecostress__566,TRUE,Yeywa,yeywa
829,Yeywa,2020-02-01T06:26:50Z,9384,additional_ecostress,567,ECOSTRESS,outlet_only,FALSE,TRUE,FALSE,,30.65,,,,,,,,,,,,,,,,,,,,,,,,,,,,,,,,,,Myanmar,132,6072.61,59,1630,Lower Myitnge,01/01/2013,84.57169342,21.675196,96.474077,,,,,procurement.dhpi@moep.gov.mm,,2020-02-01T06:26:50Z,2020,2,32,6.447222222222223,12.878827355555556,,567,0,FALSE,FALSE,FALSE,FALSE,,,,,FALSE,,,,,,54,21.6723,96.471,1.12,0b1001101011000000,21.675196,96.474077,,1.12,FALSE,none,,,outlet_only,kept_unique_additional,0,1,additional_ecostress__567,TRUE,Yeywa,yeywa
830,Yeywa,2020-02-11T03:21:06Z,9385,additional_ecostress,568,ECOSTRESS,lake_only,TRUE,FALSE,FALSE,18.29,,,,,,,,,,,,,,,,,,,,,,,,,,,,,,,,,,,Myanmar,132,6072.61,59,1630,Lower Myitnge,01/01/2013,84.57169342,21.675196,96.474077,,,,,procurement.dhpi@moep.gov.mm,,2020-02-11T03:21:06Z,2020,2,42,3.3516666666666666,9.7832718,,568,0,FALSE,FALSE,FALSE,FALSE,,,,,FALSE,54,26.0491,90.2399,1.24,0b1001111011000000,,,,,,21.675196,96.474077,1.24,,FALSE,none,,,lake_only,kept_unique_additional,0,1,additional_ecostress__568,TRUE,Yeywa,yeywa
831,Yeywa,2020-02-13T01:46:17Z,9386,additional_ecostress,569,ECOSTRESS,outlet_only,FALSE,TRUE,FALSE,,21.63,,,,,,,,,,,,,,,,,,,,,,,,,,,,,,,,,,Myanmar,132,6072.61,59,1630,Lower Myitnge,01/01/2013,84.57169342,21.675196,96.474077,,,,,procurement.dhpi@moep.gov.mm,,2020-02-13T01:46:17Z,2020,2,44,1.771388888888889,8.202994022222223,,569,0,FALSE,FALSE,FALSE,FALSE,,,,,FALSE,,,,,,54,21.6723,96.471,0.92,0b1110111011000000,21.675196,96.474077,,0.92,FALSE,none,,,outlet_only,kept_unique_additional,0,1,additional_ecostress__569,TRUE,Yeywa,yeywa
832,Yeywa,2020-02-24T21:05:22Z,9387,additional_ecostress,570,ECOSTRESS,outlet_only,FALSE,TRUE,FALSE,,17.89,,,,,,,,,,,,,,,,,,,,,,,,,,,,,,,,,,Myanmar,132,6072.61,59,1630,Lower Myitnge,01/01/2013,84.57169342,21.675196,96.474077,,,,,procurement.dhpi@moep.gov.mm,,2020-02-24T21:05:22Z,2020,2,55,21.08944444444444,3.5210495777777737,,570,0,FALSE,FALSE,FALSE,FALSE,,,,,FALSE,,,,,,54,21.6723,96.471,1.2,0b1001111011000000,21.675196,96.474077,,1.2,FALSE,none,,,outlet_only,kept_unique_additional,0,1,additional_ecostress__570,TRUE,Yeywa,yeywa
833,Yeywa,2020-03-03T17:57:47Z,9388,additional_ecostress,571,ECOSTRESS,outlet_only,FALSE,TRUE,FALSE,,21.07,,,,,,,,,,,,,,,,,,,,,,,,,,,,,,,,,,Myanmar,132,6072.61,59,1630,Lower Myitnge,01/01/2013,84.57169342,21.675196,96.474077,,,,,procurement.dhpi@moep.gov.mm,,2020-03-03T17:57:47Z,2020,3,63,17.963055555555556,0.3946606888888908,,571,0,FALSE,FALSE,FALSE,FALSE,,,,,FALSE,,,,,,54,21.6723,96.471,1.16,0b1001111011000000,21.675196,96.474077,,1.16,FALSE,none,,,outlet_only,kept_unique_additional,0,1,additional_ecostress__571,TRUE,Yeywa,yeywa
834,Yeywa,2020-03-17T13:17:36Z,9389,additional_ecostress,572,ECOSTRESS,lake_only,TRUE,FALSE,FALSE,18.95,,,,,,,,,,,,,,,,,,,,,,,,,,,,,,,,,,,Myanmar,132,6072.61,59,1630,Lower Myitnge,01/01/2013,84.57169342,21.675196,96.474077,,,,,procurement.dhpi@moep.gov.mm,,2020-03-17T13:17:36Z,2020,3,77,13.293333333333331,19.724938466666664,,572,0,FALSE,FALSE,FALSE,FALSE,,,,,FALSE,54,26.0491,90.2399,1.24,0b1001111011000000,,,,,,21.675196,96.474077,1.24,,FALSE,none,,,lake_only,kept_unique_additional,0,1,additional_ecostress__572,TRUE,Yeywa,yeywa
835,Yeywa,2020-03-19T11:42:21Z,9390,additional_ecostress,573,ECOSTRESS,outlet_only,FALSE,TRUE,FALSE,,26.15,,,,,,,,,,,,,,,,,,,,,,,,,,,,,,,,,,Myanmar,132,6072.61,59,1630,Lower Myitnge,01/01/2013,84.57169342,21.675196,96.474077,,,,,procurement.dhpi@moep.gov.mm,,2020-03-19T11:42:21Z,2020,3,79,11.705833333333333,18.137438466666666,,573,0,FALSE,FALSE,FALSE,FALSE,,,,,FALSE,,,,,,54,21.6723,96.471,1.08,0b1001111011000000,21.675196,96.474077,,1.08,FALSE,none,,,outlet_only,kept_unique_additional,0,1,additional_ecostress__573,TRUE,Yeywa,yeywa
836,Yeywa,2020-03-23T10:09:34Z,9391,additional_ecostress,574,ECOSTRESS,outlet_only,FALSE,TRUE,FALSE,,28.65,,,,,,,,,,,,,,,,,,,,,,,,,,,,,,,,,,Myanmar,132,6072.61,59,1630,Lower Myitnge,01/01/2013,84.57169342,21.675196,96.474077,,,,,procurement.dhpi@moep.gov.mm,,2020-03-23T10:09:34Z,2020,3,83,10.159444444444444,16.591049577777778,,574,0,FALSE,FALSE,FALSE,FALSE,,,,,FALSE,,,,,,54,21.6723,96.471,1.28,0b1001101011000000,21.675196,96.474077,,1.28,FALSE,none,,,outlet_only,kept_unique_additional,0,1,additional_ecostress__574,TRUE,Yeywa,yeywa
837,Yeywa,2020-12-11T02:16:18Z,9392,additional_ecostress,575,ECOSTRESS,outlet_only,FALSE,TRUE,FALSE,,22.13,,,,,,,,,,,,,,,,,,,,,,,,,,,,,,,,,,Myanmar,132,6072.61,59,1630,Lower Myitnge,01/01/2013,84.57169342,21.675196,96.474077,,,,,procurement.dhpi@moep.gov.mm,,2020-12-11T02:16:18Z,2020,12,346,2.2716666666666665,8.7032718,,575,0,FALSE,FALSE,FALSE,FALSE,,,,,FALSE,,,,,,54,21.6723,96.471,1.2,0b1001111011000000,21.675196,96.474077,,1.2,FALSE,none,,,outlet_only,kept_unique_additional,0,1,additional_ecostress__575,TRUE,Yeywa,yeywa
838,Yeywa,2020-12-20T23:10:57Z,9393,additional_ecostress,576,ECOSTRESS,lake_only,TRUE,FALSE,FALSE,11.19,,,,,,,,,,,,,,,,,,,,,,,,,,,,,,,,,,,Myanmar,132,6072.61,59,1630,Lower Myitnge,01/01/2013,84.57169342,21.675196,96.474077,,,,,procurement.dhpi@moep.gov.mm,,2020-12-20T23:10:57Z,2020,12,355,23.1825,5.614105133333332,,576,0,FALSE,FALSE,FALSE,FALSE,,,,,FALSE,54,26.0491,90.2399,1.32,0b1001111011000000,,,,,,21.675196,96.474077,1.32,,FALSE,none,,,lake_only,kept_unique_additional,0,1,additional_ecostress__576,TRUE,Yeywa,yeywa
839,Yeywa,2020-12-22T21:35:32Z,9394,additional_ecostress,577,ECOSTRESS,outlet_only,FALSE,TRUE,FALSE,,18.53,,,,,,,,,,,,,,,,,,,,,,,,,,,,,,,,,,Myanmar,132,6072.61,59,1630,Lower Myitnge,01/01/2013,84.57169342,21.675196,96.474077,,,,,procurement.dhpi@moep.gov.mm,,2020-12-22T21:35:32Z,2020,12,357,21.592222222222222,4.023827355555554,,577,0,FALSE,FALSE,FALSE,FALSE,,,,,FALSE,,,,,,54,21.6723,96.471,1.28,0b1001111011000000,21.675196,96.474077,,1.28,FALSE,none,,,outlet_only,kept_unique_additional,0,1,additional_ecostress__577,TRUE,Yeywa,yeywa
840,Yeywa,2020-12-24T21:36:22Z,9395,additional_ecostress,578,ECOSTRESS,lake_only,TRUE,FALSE,FALSE,10.39,,,,,,,,,,,,,,,,,,,,,,,,,,,,,,,,,,,Myanmar,132,6072.61,59,1630,Lower Myitnge,01/01/2013,84.57169342,21.675196,96.474077,,,,,procurement.dhpi@moep.gov.mm,,2020-12-24T21:36:22Z,2020,12,359,21.60611111111111,4.037716244444447,,578,0,FALSE,FALSE,FALSE,FALSE,,,,,FALSE,54,26.0491,90.2399,1.28,0b1001101011000000,,,,,,21.675196,96.474077,1.28,,FALSE,none,,,lake_only,kept_unique_additional,0,1,additional_ecostress__578,TRUE,Yeywa,yeywa
841,Yeywa,2020-12-24T21:37:13Z,9396,additional_ecostress,579,ECOSTRESS,lake_only,TRUE,FALSE,FALSE,10.65,,,,,,,,,,,,,,,,,,,,,,,,,,,,,,,,,,,Myanmar,132,6072.61,59,1630,Lower Myitnge,01/01/2013,84.57169342,21.675196,96.474077,,,,,procurement.dhpi@moep.gov.mm,,2020-12-24T21:37:13Z,2020,12,359,21.62027777777778,4.0518829111111145,,579,0,FALSE,FALSE,FALSE,FALSE,,,,,FALSE,54,26.0491,90.2399,1.28,0b1001101011000000,,,,,,21.675196,96.474077,1.28,,FALSE,none,,,lake_only,kept_unique_additional,0,1,additional_ecostress__579,TRUE,Yeywa,yeywa
842,Yeywa,2020-12-26T20:01:44Z,9397,additional_ecostress,580,ECOSTRESS,outlet_only,FALSE,TRUE,FALSE,,18.53,,,,,,,,,,,,,,,,,,,,,,,,,,,,,,,,,,Myanmar,132,6072.61,59,1630,Lower Myitnge,01/01/2013,84.57169342,21.675196,96.474077,,,,,procurement.dhpi@moep.gov.mm,,2020-12-26T20:01:44Z,2020,12,361,20.028888888888886,2.460494022222221,,580,0,FALSE,FALSE,FALSE,FALSE,,,,,FALSE,,,,,,54,21.6723,96.471,1.08,0b1001111011000000,21.675196,96.474077,,1.08,FALSE,none,,,outlet_only,kept_unique_additional,0,1,additional_ecostress__580,TRUE,Yeywa,yeywa
843,Yeywa,2020-12-28T20:03:20Z,9398,additional_ecostress,581,ECOSTRESS,lake_only,TRUE,FALSE,FALSE,11.73,,,,,,,,,,,,,,,,,,,,,,,,,,,,,,,,,,,Myanmar,132,6072.61,59,1630,Lower Myitnge,01/01/2013,84.57169342,21.675196,96.474077,,,,,procurement.dhpi@moep.gov.mm,,2020-12-28T20:03:20Z,2020,12,363,20.05555555555556,2.487160688888892,,581,0,FALSE,FALSE,FALSE,FALSE,,,,,FALSE,54,26.0491,90.2399,1.32,0b1001101011000000,,,,,,21.675196,96.474077,1.32,,FALSE,none,,,lake_only,kept_unique_additional,0,1,additional_ecostress__581,TRUE,Yeywa,yeywa
844,Yeywa,2021-01-01T18:29:27Z,9399,additional_ecostress,582,ECOSTRESS,lake_only,TRUE,FALSE,FALSE,11.93,,,,,,,,,,,,,,,,,,,,,,,,,,,,,,,,,,,Myanmar,132,6072.61,59,1630,Lower Myitnge,01/01/2013,84.57169342,21.675196,96.474077,,,,,procurement.dhpi@moep.gov.mm,,2021-01-01T18:29:27Z,2021,1,1,18.49083333333333,0.9224384666666694,,582,0,FALSE,FALSE,FALSE,FALSE,,,,,FALSE,54,26.0491,90.2399,1.08,0b1001101011000000,,,,,,21.675196,96.474077,1.08,,FALSE,none,,,lake_only,kept_unique_additional,0,1,additional_ecostress__582,TRUE,Yeywa,yeywa
845,Yeywa,2021-01-15T12:11:29Z,9400,additional_ecostress,583,ECOSTRESS,outlet_only,FALSE,TRUE,FALSE,,22.11,,,,,,,,,,,,,,,,,,,,,,,,,,,,,,,,,,Myanmar,132,6072.61,59,1630,Lower Myitnge,01/01/2013,84.57169342,21.675196,96.474077,,,,,procurement.dhpi@moep.gov.mm,,2021-01-15T12:11:29Z,2021,1,15,12.19138888888889,18.622994022222223,,583,0,FALSE,FALSE,FALSE,FALSE,,,,,FALSE,,,,,,54,21.6723,96.471,1.2,0b1001111011000000,21.675196,96.474077,,1.2,FALSE,none,,,outlet_only,kept_unique_additional,0,1,additional_ecostress__583,TRUE,Yeywa,yeywa
846,Yeywa,2021-02-21T22:16:34Z,9401,additional_ecostress,584,ECOSTRESS,lake_only,TRUE,FALSE,FALSE,12.79,,,,,,,,,,,,,,,,,,,,,,,,,,,,,,,,,,,Myanmar,132,6072.61,59,1630,Lower Myitnge,01/01/2013,84.57169342,21.675196,96.474077,,,,,procurement.dhpi@moep.gov.mm,,2021-02-21T22:16:34Z,2021,2,52,22.27611111111111,4.707716244444441,,584,0,FALSE,FALSE,FALSE,FALSE,,,,,FALSE,54,26.0491,90.2399,1.24,0b1001111011000000,,,,,,21.675196,96.474077,1.24,,FALSE,none,,,lake_only,kept_unique_additional,0,1,additional_ecostress__584,TRUE,Yeywa,yeywa
847,Yeywa,2021-02-27T19:09:40Z,9402,additional_ecostress,585,ECOSTRESS,outlet_only,FALSE,TRUE,FALSE,,20.43,,,,,,,,,,,,,,,,,,,,,,,,,,,,,,,,,,Myanmar,132,6072.61,59,1630,Lower Myitnge,01/01/2013,84.57169342,21.675196,96.474077,,,,,procurement.dhpi@moep.gov.mm,,2021-02-27T19:09:40Z,2021,2,58,19.16111111111111,1.5927162444444465,,585,0,FALSE,FALSE,FALSE,FALSE,,,,,FALSE,,,,,,54,21.6723,96.471,1.12,0b1001111011000000,21.675196,96.474077,,1.12,FALSE,none,,,outlet_only,kept_unique_additional,0,1,additional_ecostress__585,TRUE,Yeywa,yeywa
848,Yeywa,2021-03-07T16:03:32Z,9403,additional_ecostress,586,ECOSTRESS,outlet_only,FALSE,TRUE,FALSE,,22.45,,,,,,,,,,,,,,,,,,,,,,,,,,,,,,,,,,Myanmar,132,6072.61,59,1630,Lower Myitnge,01/01/2013,84.57169342,21.675196,96.474077,,,,,procurement.dhpi@moep.gov.mm,,2021-03-07T16:03:32Z,2021,3,66,16.05888888888889,22.490494022222222,,586,0,FALSE,FALSE,FALSE,FALSE,,,,,FALSE,,,,,,54,21.6723,96.471,1.12,0b1001101011000000,21.675196,96.474077,,1.12,FALSE,none,,,outlet_only,kept_unique_additional,0,1,additional_ecostress__586,TRUE,Yeywa,yeywa
849,Yeywa,2021-03-11T14:30:20Z,9404,additional_ecostress,587,ECOSTRESS,outlet_only,FALSE,TRUE,FALSE,,23.01,,,,,,,,,,,,,,,,,,,,,,,,,,,,,,,,,,Myanmar,132,6072.61,59,1630,Lower Myitnge,01/01/2013,84.57169342,21.675196,96.474077,,,,,procurement.dhpi@moep.gov.mm,,2021-03-11T14:30:20Z,2021,3,70,14.505555555555556,20.937160688888888,,587,0,FALSE,FALSE,FALSE,FALSE,,,,,FALSE,,,,,,54,21.6723,96.471,1.2,0b1001101011000000,21.675196,96.474077,,1.2,FALSE,none,,,outlet_only,kept_unique_additional,0,1,additional_ecostress__587,TRUE,Yeywa,yeywa
850,Yeywa,2021-12-15T00:26:46Z,9405,additional_ecostress,588,ECOSTRESS,outlet_only,FALSE,TRUE,FALSE,,17.89,,,,,,,,,,,,,,,,,,,,,,,,,,,,,,,,,,Myanmar,132,6072.61,59,1630,Lower Myitnge,01/01/2013,84.57169342,21.675196,96.474077,,,,,procurement.dhpi@moep.gov.mm,,2021-12-15T00:26:46Z,2021,12,349,0.4461111111111111,6.877716244444445,,588,0,FALSE,FALSE,FALSE,FALSE,,,,,FALSE,,,,,,54,21.6723,96.471,1.16,0b1001111011000000,21.675196,96.474077,,1.16,FALSE,none,,,outlet_only,kept_unique_additional,0,1,additional_ecostress__588,TRUE,Yeywa,yeywa
851,Yeywa,2022-01-03T16:33:19Z,9406,additional_ecostress,589,ECOSTRESS,outlet_only,FALSE,TRUE,FALSE,,19.21,,,,,,,,,,,,,,,,,,,,,,,,,,,,,,,,,,Myanmar,132,6072.61,59,1630,Lower Myitnge,01/01/2013,84.57169342,21.675196,96.474077,,,,,procurement.dhpi@moep.gov.mm,,2022-01-03T16:33:19Z,2022,1,3,16.55527777777778,22.98688291111111,,589,0,FALSE,FALSE,FALSE,FALSE,,,,,FALSE,,,,,,54,21.6723,96.471,1.32,0b1001111011000000,21.675196,96.474077,,1.32,FALSE,none,,,outlet_only,kept_unique_additional,0,1,additional_ecostress__589,TRUE,Yeywa,yeywa
852,Yeywa,2022-01-05T01:35:53Z,9407,additional_ecostress,590,ECOSTRESS,outlet_only,FALSE,TRUE,FALSE,,21.29,,,,,,,,,,,,,,,,,,,,,,,,,,,,,,,,,,Myanmar,132,6072.61,59,1630,Lower Myitnge,01/01/2013,84.57169342,21.675196,96.474077,,,,,procurement.dhpi@moep.gov.mm,,2022-01-05T01:35:53Z,2022,1,5,1.5980555555555558,8.029660688888889,,590,0,FALSE,FALSE,FALSE,FALSE,,,,,FALSE,,,,,,54,21.6723,96.471,1.12,0b1001101011000000,21.675196,96.474077,,1.12,FALSE,none,,,outlet_only,kept_unique_additional,0,1,additional_ecostress__590,TRUE,Yeywa,yeywa
853,Yeywa,2022-01-07T14:57:31Z,9408,additional_ecostress,591,ECOSTRESS,outlet_only,FALSE,TRUE,FALSE,,20.65,,,,,,,,,,,,,,,,,,,,,,,,,,,,,,,,,,Myanmar,132,6072.61,59,1630,Lower Myitnge,01/01/2013,84.57169342,21.675196,96.474077,,,,,procurement.dhpi@moep.gov.mm,,2022-01-07T14:57:31Z,2022,1,7,14.95861111111111,21.39021624444445,,591,0,FALSE,FALSE,FALSE,FALSE,,,,,FALSE,,,,,,54,21.6723,96.471,1.36,0b1001101011000000,21.675196,96.474077,,1.36,FALSE,none,,,outlet_only,kept_unique_additional,0,1,additional_ecostress__591,TRUE,Yeywa,yeywa
854,Yeywa,2022-01-17T11:46:19Z,9409,additional_ecostress,592,ECOSTRESS,lake_only,TRUE,FALSE,FALSE,14.39,,,,,,,,,,,,,,,,,,,,,,,,,,,,,,,,,,,Myanmar,132,6072.61,59,1630,Lower Myitnge,01/01/2013,84.57169342,21.675196,96.474077,,,,,procurement.dhpi@moep.gov.mm,,2022-01-17T11:46:19Z,2022,1,17,11.771944444444443,18.20354957777778,,592,0,FALSE,FALSE,FALSE,FALSE,,,,,FALSE,54,26.0491,90.2399,1.32,0b1001111011000000,,,,,,21.675196,96.474077,1.32,,FALSE,none,,,lake_only,kept_unique_additional,0,1,additional_ecostress__592,TRUE,Yeywa,yeywa
855,Yeywa,2022-01-22T09:23:45Z,9410,additional_ecostress,593,ECOSTRESS,outlet_only,FALSE,TRUE,FALSE,,25.43,,,,,,,,,,,,,,,,,,,,,,,,,,,,,,,,,,Myanmar,132,6072.61,59,1630,Lower Myitnge,01/01/2013,84.57169342,21.675196,96.474077,,,,,procurement.dhpi@moep.gov.mm,,2022-01-22T09:23:45Z,2022,1,22,9.395833333333332,15.827438466666663,,593,0,FALSE,FALSE,FALSE,FALSE,,,,,FALSE,,,,,,54,21.6723,96.471,1.28,0b1001101011000000,21.675196,96.474077,,1.28,FALSE,none,,,outlet_only,kept_unique_additional,0,1,additional_ecostress__593,TRUE,Yeywa,yeywa
856,Yeywa,2022-02-07T03:01:05Z,9411,additional_ecostress,594,ECOSTRESS,outlet_only,FALSE,TRUE,FALSE,,24.25,,,,,,,,,,,,,,,,,,,,,,,,,,,,,,,,,,Myanmar,132,6072.61,59,1630,Lower Myitnge,01/01/2013,84.57169342,21.675196,96.474077,,,,,procurement.dhpi@moep.gov.mm,,2022-02-07T03:01:05Z,2022,2,38,3.018055555555556,9.449660688888889,,594,0,FALSE,FALSE,FALSE,FALSE,,,,,FALSE,,,,,,54,21.6723,96.471,1.08,0b1001101011000000,21.675196,96.474077,,1.08,FALSE,none,,,outlet_only,kept_unique_additional,0,1,additional_ecostress__594,TRUE,Yeywa,yeywa
857,Yeywa,2022-02-18T22:13:14Z,9412,additional_ecostress,595,ECOSTRESS,outlet_only,FALSE,TRUE,FALSE,,15.77,,,,,,,,,,,,,,,,,,,,,,,,,,,,,,,,,,Myanmar,132,6072.61,59,1630,Lower Myitnge,01/01/2013,84.57169342,21.675196,96.474077,,,,,procurement.dhpi@moep.gov.mm,,2022-02-18T22:13:14Z,2022,2,49,22.220555555555556,4.652160688888884,,595,0,FALSE,FALSE,FALSE,FALSE,,,,,FALSE,,,,,,54,21.6723,96.471,1.24,0b1001111011000000,21.675196,96.474077,,1.24,FALSE,none,,,outlet_only,kept_unique_additional,0,1,additional_ecostress__595,TRUE,Yeywa,yeywa
858,Yeywa,2022-03-07T01:39:29Z,9413,additional_ecostress,596,ECOSTRESS,lake_only,TRUE,FALSE,FALSE,16.89,,,,,,,,,,,,,,,,,,,,,,,,,,,,,,,,,,,Myanmar,132,6072.61,59,1630,Lower Myitnge,01/01/2013,84.57169342,21.675196,96.474077,,,,,procurement.dhpi@moep.gov.mm,,2022-03-07T01:39:29Z,2022,3,66,1.6580555555555554,8.089660688888888,,596,0,FALSE,FALSE,FALSE,FALSE,,,,,FALSE,54,26.0491,90.2399,1.08,0b1001111011000000,,,,,,21.675196,96.474077,1.08,,FALSE,none,,,lake_only,kept_unique_additional,0,1,additional_ecostress__596,TRUE,Yeywa,yeywa
859,Yeywa,2022-03-12T14:16:32Z,9414,additional_ecostress,597,ECOSTRESS,lake_only,TRUE,FALSE,FALSE,20.35,,,,,,,,,,,,,,,,,,,,,,,,,,,,,,,,,,,Myanmar,132,6072.61,59,1630,Lower Myitnge,01/01/2013,84.57169342,21.675196,96.474077,,,,,procurement.dhpi@moep.gov.mm,,2022-03-12T14:16:32Z,2022,3,71,14.275555555555556,20.70716068888889,,597,0,FALSE,FALSE,FALSE,FALSE,,,,,FALSE,54,26.0491,90.2399,1.4,0b1001111011000000,,,,,,21.675196,96.474077,1.4,,FALSE,none,,,lake_only,kept_unique_additional,0,1,additional_ecostress__597,TRUE,Yeywa,yeywa
860,Yeywa,2022-03-17T11:54:02Z,9415,additional_ecostress,598,ECOSTRESS,outlet_only,FALSE,TRUE,FALSE,,31.51,,,,,,,,,,,,,,,,,,,,,,,,,,,,,,,,,,Myanmar,132,6072.61,59,1630,Lower Myitnge,01/01/2013,84.57169342,21.675196,96.474077,,,,,procurement.dhpi@moep.gov.mm,,2022-03-17T11:54:02Z,2022,3,76,11.900555555555556,18.33216068888889,,598,0,FALSE,FALSE,FALSE,FALSE,,,,,FALSE,,,,,,54,21.6723,96.471,1.24,0b1001101011000000,21.675196,96.474077,,1.24,FALSE,none,,,outlet_only,kept_unique_additional,0,1,additional_ecostress__598,TRUE,Yeywa,yeywa
861,Yeywa,2022-11-19T10:38:03Z,9416,additional_ecostress,599,ECOSTRESS,lake_only,TRUE,FALSE,FALSE,21.03,,,,,,,,,,,,,,,,,,,,,,,,,,,,,,,,,,,Myanmar,132,6072.61,59,1630,Lower Myitnge,01/01/2013,84.57169342,21.675196,96.474077,,,,,procurement.dhpi@moep.gov.mm,,2022-11-19T10:38:03Z,2022,11,323,10.634166666666664,17.0657718,,599,0,FALSE,FALSE,FALSE,FALSE,,,,,FALSE,54,26.0491,90.2399,1.24,0b1001111011000000,,,,,,21.675196,96.474077,1.24,,FALSE,none,,,lake_only,kept_unique_additional,0,1,additional_ecostress__599,TRUE,Yeywa,yeywa
862,Yeywa,2023-01-03T01:58:09Z,9417,additional_ecostress,600,ECOSTRESS,lake_only,TRUE,FALSE,FALSE,11.77,,,,,,,,,,,,,,,,,,,,,,,,,,,,,,,,,,,Myanmar,132,6072.61,59,1630,Lower Myitnge,01/01/2013,84.57169342,21.675196,96.474077,,,,,procurement.dhpi@moep.gov.mm,,2023-01-03T01:58:09Z,2023,1,3,1.9691666666666667,8.4007718,,600,0,FALSE,FALSE,FALSE,FALSE,,,,,FALSE,54,26.0491,90.2399,1.32,0b1001111011000000,,,,,,21.675196,96.474077,1.32,,FALSE,none,,,lake_only,kept_unique_additional,0,1,additional_ecostress__600,TRUE,Yeywa,yeywa
863,Yeywa,2023-01-03T01:59:53Z,9418,additional_ecostress,601,ECOSTRESS,outlet_only,FALSE,TRUE,FALSE,,21.87,,,,,,,,,,,,,,,,,,,,,,,,,,,,,,,,,,Myanmar,132,6072.61,59,1630,Lower Myitnge,01/01/2013,84.57169342,21.675196,96.474077,,,,,procurement.dhpi@moep.gov.mm,,2023-01-03T01:59:53Z,2023,1,3,1.998055555555556,8.429660689,,601,0,FALSE,FALSE,FALSE,FALSE,,,,,FALSE,,,,,,54,21.6723,96.471,1.28,0b1001111011000000,21.675196,96.474077,,1.28,FALSE,none,,,outlet_only,kept_unique_additional,0,1,additional_ecostress__601,TRUE,Yeywa,yeywa
864,Yeywa,2023-01-03T16:58:21Z,9419,additional_ecostress,602,ECOSTRESS,lake_only,TRUE,FALSE,FALSE,10.61,,,,,,,,,,,,,,,,,,,,,,,,,,,,,,,,,,,Myanmar,132,6072.61,59,1630,Lower Myitnge,01/01/2013,84.57169342,21.675196,96.474077,,,,,procurement.dhpi@moep.gov.mm,,2023-01-03T16:58:21Z,2023,1,3,16.972499999999997,23.40410513333333,,602,0,FALSE,FALSE,FALSE,FALSE,,,,,FALSE,54,26.0491,90.2399,1.32,0b1001101011000000,,,,,,21.675196,96.474077,1.32,,FALSE,none,,,lake_only,kept_unique_additional,0,1,additional_ecostress__602,TRUE,Yeywa,yeywa
865,Yeywa,2023-01-07T15:21:23Z,9420,additional_ecostress,603,ECOSTRESS,lake_only,TRUE,FALSE,FALSE,12.05,,,,,,,,,,,,,,,,,,,,,,,,,,,,,,,,,,,Myanmar,132,6072.61,59,1630,Lower Myitnge,01/01/2013,84.57169342,21.675196,96.474077,,,,,procurement.dhpi@moep.gov.mm,,2023-01-07T15:21:23Z,2023,1,7,15.356388888888889,21.78799402222222,,603,0,FALSE,FALSE,FALSE,FALSE,,,,,FALSE,54,26.0491,90.2399,1.12,0b1001111011000000,,,,,,21.675196,96.474077,1.12,,FALSE,none,,,lake_only,kept_unique_additional,0,1,additional_ecostress__603,TRUE,Yeywa,yeywa
866,Yeywa,2023-01-13T12:08:09Z,9421,additional_ecostress,604,ECOSTRESS,outlet_only,FALSE,TRUE,FALSE,,22.51,,,,,,,,,,,,,,,,,,,,,,,,,,,,,,,,,,Myanmar,132,6072.61,59,1630,Lower Myitnge,01/01/2013,84.57169342,21.675196,96.474077,,,,,procurement.dhpi@moep.gov.mm,,2023-01-13T12:08:09Z,2023,1,13,12.135833333333332,18.567438466666665,,604,0,FALSE,FALSE,FALSE,FALSE,,,,,FALSE,,,,,,54,21.6723,96.471,1,0b1110111011000000,21.675196,96.474077,,1,FALSE,none,,,outlet_only,kept_unique_additional,0,1,additional_ecostress__604,TRUE,Yeywa,yeywa
867,Yeywa,2023-01-14T21:09:07Z,9422,additional_ecostress,605,ECOSTRESS,outlet_only,FALSE,TRUE,FALSE,,17.35,,,,,,,,,,,,,,,,,,,,,,,,,,,,,,,,,,Myanmar,132,6072.61,59,1630,Lower Myitnge,01/01/2013,84.57169342,21.675196,96.474077,,,,,procurement.dhpi@moep.gov.mm,,2023-01-14T21:09:07Z,2023,1,14,21.15194444444444,3.5835495777777737,,605,0,FALSE,FALSE,FALSE,FALSE,,,,,FALSE,,,,,,54,21.6723,96.471,1.08,0b1010111011000000,21.675196,96.474077,,1.08,FALSE,none,,,outlet_only,kept_unique_additional,0,1,additional_ecostress__605,TRUE,Yeywa,yeywa
868,Yeywa,2023-01-17T10:30:11Z,9423,additional_ecostress,606,ECOSTRESS,outlet_only,FALSE,TRUE,FALSE,,23.95,,,,,,,,,,,,,,,,,,,,,,,,,,,,,,,,,,Myanmar,132,6072.61,59,1630,Lower Myitnge,01/01/2013,84.57169342,21.675196,96.474077,,,,,procurement.dhpi@moep.gov.mm,,2023-01-17T10:30:11Z,2023,1,17,10.503055555555555,16.93466068888889,,606,0,FALSE,FALSE,FALSE,FALSE,,,,,FALSE,,,,,,54,21.6723,96.471,1.24,0b1001111011000000,21.675196,96.474077,,1.24,FALSE,none,,,outlet_only,kept_unique_additional,0,1,additional_ecostress__606,TRUE,Yeywa,yeywa
869,Yeywa,2023-01-17T20:18:06Z,9424,additional_ecostress,607,ECOSTRESS,lake_only,TRUE,FALSE,FALSE,8.15,,,,,,,,,,,,,,,,,,,,,,,,,,,,,,,,,,,Myanmar,132,6072.61,59,1630,Lower Myitnge,01/01/2013,84.57169342,21.675196,96.474077,,,,,procurement.dhpi@moep.gov.mm,,2023-01-17T20:18:06Z,2023,1,17,20.301666666666662,2.733271799999997,,607,0,FALSE,FALSE,FALSE,FALSE,,,,,FALSE,54,26.0491,90.2399,1.32,0b1001111011000000,,,,,,21.675196,96.474077,1.32,,FALSE,none,,,lake_only,kept_unique_additional,0,1,additional_ecostress__607,TRUE,Yeywa,yeywa
870,Yeywa,2023-01-24T08:04:50Z,9425,additional_ecostress,608,ECOSTRESS,outlet_only,FALSE,TRUE,FALSE,,31.95,,,,,,,,,,,,,,,,,,,,,,,,,,,,,,,,,,Myanmar,132,6072.61,59,1630,Lower Myitnge,01/01/2013,84.57169342,21.675196,96.474077,,,,,procurement.dhpi@moep.gov.mm,,2023-01-24T08:04:50Z,2023,1,24,8.080555555555556,14.512160688888889,,608,0,FALSE,FALSE,FALSE,FALSE,,,,,FALSE,,,,,,54,21.6723,96.471,1.12,0b1010101011000000,21.675196,96.474077,,1.12,FALSE,none,,,outlet_only,kept_unique_additional,0,1,additional_ecostress__608,TRUE,Yeywa,yeywa
871,Yeywa,2023-02-09T01:37:28Z,9426,additional_ecostress,609,ECOSTRESS,outlet_only,FALSE,TRUE,FALSE,,20.19,,,,,,,,,,,,,,,,,,,,,,,,,,,,,,,,,,Myanmar,132,6072.61,59,1630,Lower Myitnge,01/01/2013,84.57169342,21.675196,96.474077,,,,,procurement.dhpi@moep.gov.mm,,2023-02-09T01:37:28Z,2023,2,40,1.6244444444444446,8.056049577777777,,609,0,FALSE,FALSE,FALSE,FALSE,,,,,FALSE,,,,,,54,21.6723,96.471,1.04,0b1010111011000000,21.675196,96.474077,,1.04,FALSE,none,,,outlet_only,kept_unique_additional,0,1,additional_ecostress__609,TRUE,Yeywa,yeywa
872,Yeywa,2023-02-23T20:01:11Z,9427,additional_ecostress,610,ECOSTRESS,outlet_only,FALSE,TRUE,FALSE,,20.89,,,,,,,,,,,,,,,,,,,,,,,,,,,,,,,,,,Myanmar,132,6072.61,59,1630,Lower Myitnge,01/01/2013,84.57169342,21.675196,96.474077,,,,,procurement.dhpi@moep.gov.mm,,2023-02-23T20:01:11Z,2023,2,54,20.01972222222222,2.451327355555556,,610,0,FALSE,FALSE,FALSE,FALSE,,,,,FALSE,,,,,,54,21.6723,96.471,1.16,0b1001111011000000,21.675196,96.474077,,1.16,FALSE,none,,,outlet_only,kept_unique_additional,0,1,additional_ecostress__610,TRUE,Yeywa,yeywa
873,Yeywa,2023-03-05T01:53:49Z,9428,additional_ecostress,611,ECOSTRESS,outlet_only,FALSE,TRUE,FALSE,,22.99,,,,,,,,,,,,,,,,,,,,,,,,,,,,,,,,,,Myanmar,132,6072.61,59,1630,Lower Myitnge,01/01/2013,84.57169342,21.675196,96.474077,,,,,procurement.dhpi@moep.gov.mm,,2023-03-05T01:53:49Z,2023,3,64,1.8969444444444443,8.328549577777778,,611,0,FALSE,FALSE,FALSE,FALSE,,,,,FALSE,,,,,,54,21.6723,96.471,1.2,0b1001111011000000,21.675196,96.474077,,1.2,FALSE,none,,,outlet_only,kept_unique_additional,0,1,additional_ecostress__611,TRUE,Yeywa,yeywa
